"Date","Price","Open","High","Low","Vol.","Change %"
"09/30/2022","22,462.16","22,249.28","22,507.29","22,200.69","526.19M","1.57%"
"09/29/2022","22,114.35","22,631.94","22,639.07","21,934.77","505.70M","-2.37%"
"09/28/2022","22,651.25","22,555.63","22,706.13","22,249.62","582.58M","-0.46%"
"09/27/2022","22,756.31","23,217.65","23,311.77","22,756.31","587.03M","-1.14%"
"09/26/2022","23,019.17","22,752.59","23,202.90","22,752.59","532.36M","0.65%"
"09/23/2022","22,869.90","23,576.77","23,587.46","22,840.40","586.08M","-3.22%"
"09/22/2022","23,629.88","23,569.22","24,040.98","23,539.63","505.20M","-1.17%"
"09/21/2022","23,910.66","23,492.99","23,910.66","23,492.99","479.18M","1.11%"
"09/20/2022","23,648.79","24,182.11","24,277.43","23,606.98","595.46M","-1.64%"
"09/19/2022","24,043.80","23,944.93","24,171.31","23,663.20","487.12M","0.10%"
"09/16/2022","24,020.59","24,010.86","24,138.61","23,817.54","1.10B","-1.18%"
"09/15/2022","24,307.20","24,376.23","24,538.24","24,214.91","553.81M","-0.27%"
"09/14/2022","24,373.39","24,186.92","24,477.72","24,153.54","459.43M","0.36%"
"09/13/2022","24,285.06","24,706.65","24,881.44","24,285.06","584.69M","-1.35%"
"09/12/2022","24,616.47","24,216.62","24,675.71","24,212.21","550.64M","2.24%"
"09/09/2022","24,076.76","23,717.16","24,143.12","23,716.50","593.73M","1.90%"
"09/08/2022","23,628.42","23,573.61","23,680.54","23,133.09","632.93M","0.82%"
"09/07/2022","23,435.68","23,271.97","23,492.84","23,229.85","526.43M","0.00%"
"09/06/2022","23,436.46","23,440.00","23,595.97","23,260.17","350.09M","-0.02%"
"09/05/2022","23,440.19","23,433.07","23,509.86","23,225.78","388.98M","-2.04%"
"09/02/2022","23,927.94","23,419.19","23,953.31","23,367.30","419.54M","2.75%"
"09/01/2022","23,287.13","23,356.47","23,437.68","23,210.14","392.06M","-1.24%"
"08/31/2022","23,579.02","23,994.76","24,028.79","23,579.02","550.12M","-1.18%"
"08/30/2022","23,860.51","24,000.67","24,279.26","23,788.72","460.14M","-0.07%"
"08/29/2022","23,877.36","23,688.05","23,938.19","23,561.60","367.96M","-0.29%"
"08/26/2022","23,947.56","24,641.57","24,649.97","23,937.20","441.49M","-2.39%"
"08/25/2022","24,533.12","24,668.22","24,699.53","24,395.80","482.55M","0.08%"
"08/24/2022","24,513.76","24,378.33","24,549.47","24,196.58","399.34M","0.23%"
"08/23/2022","24,456.68","24,132.18","24,548.82","24,109.83","493.31M","0.91%"
"08/22/2022","24,235.03","24,464.71","24,538.40","24,116.93","483.10M","-1.67%"
"08/19/2022","24,646.64","25,021.99","25,058.25","24,637.85","416.55M","-1.90%"
"08/18/2022","25,124.64","24,921.89","25,124.64","24,918.87","316.11M","0.93%"
"08/17/2022","24,892.97","25,255.85","25,320.97","24,860.53","376.70M","-1.07%"
"08/16/2022","25,162.58","25,253.71","25,326.11","25,121.52","407.00M","0.10%"
"08/12/2022","25,138.52","25,032.54","25,180.64","25,030.84","485.89M","0.47%"
"08/11/2022","25,020.52","24,976.68","25,037.69","24,921.35","333.38M","0.67%"
"08/10/2022","24,855.22","24,544.70","24,877.02","24,472.29","339.26M","0.98%"
"08/09/2022","24,614.86","24,870.23","24,913.96","24,590.64","341.47M","-1.02%"
"08/08/2022","24,869.05","24,866.78","24,968.14","24,698.42","357.93M","0.58%"
"08/05/2022","24,726.50","24,843.83","24,902.98","24,641.24","478.55M","-0.35%"
"08/04/2022","24,814.24","24,800.79","25,033.63","24,749.21","535.05M","0.37%"
"08/03/2022","24,722.33","24,493.97","24,730.19","24,424.95","489.07M","1.06%"
"08/02/2022","24,462.33","24,515.42","24,519.93","24,257.15","403.48M","-0.41%"
"08/01/2022","24,562.38","24,619.47","24,947.51","24,562.38","452.35M","0.10%"
"07/29/2022","24,537.38","24,306.02","24,631.75","24,237.09","608.83M","2.09%"
"07/28/2022","24,036.14","23,783.74","24,036.14","23,730.27","486.89M","2.03%"
"07/27/2022","23,557.58","23,362.72","23,570.12","23,315.62","461.28M","1.42%"
"07/26/2022","23,227.75","23,443.70","23,462.08","23,227.50","433.22M","-1.06%"
"07/25/2022","23,477.10","23,252.09","23,514.09","23,212.64","421.63M","0.73%"
"07/22/2022","23,307.11","23,235.09","23,486.79","23,171.40","502.70M","0.16%"
"07/21/2022","23,269.16","22,955.10","23,389.25","22,762.34","802.28M","-0.63%"
"07/20/2022","23,416.55","23,855.86","23,927.91","23,288.86","582.90M","-1.52%"
"07/19/2022","23,776.96","23,052.54","23,784.19","23,052.01","522.20M","2.41%"
"07/18/2022","23,216.68","22,965.93","23,341.58","22,965.93","474.28M","1.13%"
"07/15/2022","22,956.33","22,568.59","22,995.42","22,468.40","616.82M","1.80%"
"07/14/2022","22,549.96","23,168.77","23,193.28","22,401.43","640.13M","-3.29%"
"07/13/2022","23,317.68","23,466.02","23,484.24","23,055.30","435.27M","-0.93%"
"07/12/2022","23,536.14","23,467.01","23,569.45","23,329.44","552.24M","-0.37%"
"07/11/2022","23,623.76","23,514.15","23,841.92","23,491.42","450.20M","-0.96%"
"07/08/2022","23,852.44","23,588.92","23,906.42","23,526.74","437.01M","1.07%"
"07/07/2022","23,598.82","23,209.15","23,623.67","23,169.40","538.15M","2.94%"
"07/06/2022","22,924.88","22,982.06","23,062.26","22,733.83","454.94M","1.07%"
"07/05/2022","22,681.71","23,501.23","23,501.23","22,677.30","485.34M","-2.91%"
"07/04/2022","23,362.41","23,526.47","23,584.11","23,329.68","373.23M","-0.03%"
"07/01/2022","23,369.13","23,081.16","23,566.36","23,041.61","443.29M","0.26%"
"06/30/2022","23,308.79","23,533.28","23,583.17","23,139.90","599.60M","-2.38%"
"06/29/2022","23,876.28","23,920.60","24,021.36","23,779.04","364.16M","-1.20%"
"06/28/2022","24,165.54","24,124.98","24,353.62","24,092.55","374.33M","0.74%"
"06/27/2022","23,987.02","24,290.04","24,416.32","23,894.14","399.28M","-0.77%"
"06/24/2022","24,173.62","23,733.30","24,219.99","23,633.80","417.12M","2.27%"
"06/23/2022","23,637.95","23,730.90","24,008.04","23,475.29","569.00M","-0.80%"
"06/22/2022","23,828.02","23,748.59","23,981.80","23,506.99","399.90M","-1.26%"
"06/21/2022","24,131.85","24,128.49","24,362.26","24,071.92","397.45M","0.37%"
"06/20/2022","24,042.64","23,895.25","24,071.67","23,768.12","394.26M","0.87%"
"06/17/2022","23,834.34","23,771.13","24,283.20","23,767.37","763.37M","0.38%"
"06/16/2022","23,742.96","24,417.30","24,460.86","23,737.67","496.38M","-3.23%"
"06/15/2022","24,536.58","24,269.31","24,659.80","24,142.13","543.70M","2.78%"
"06/14/2022","23,873.92","24,176.23","24,236.79","23,641.10","477.28M","-0.41%"
"06/13/2022","23,972.43","24,226.93","24,359.95","23,846.06","595.91M","-2.87%"
"06/10/2022","24,680.41","25,833.96","25,835.72","24,673.08","831.61M","-5.07%"
"06/09/2022","25,998.15","26,333.78","26,437.13","25,866.45","439.66M","-1.88%"
"06/08/2022","26,495.55","26,681.14","26,709.94","26,368.73","336.58M","-0.50%"
"06/07/2022","26,628.89","26,699.94","26,708.77","26,451.35","364.75M","-0.74%"
"06/06/2022","26,826.70","26,611.14","26,914.15","26,611.14","318.40M","1.55%"
"06/03/2022","26,417.59","26,838.53","26,847.48","26,364.63","397.03M","-1.03%"
"06/02/2022","26,691.32","26,637.51","26,713.24","26,553.12","314.30M","0.59%"
"06/01/2022","26,535.33","26,929.38","26,967.75","26,484.77","506.49M","-0.87%"
"05/31/2022","26,768.82","27,014.15","27,068.73","26,709.89","1.01B","-1.19%"
"05/30/2022","27,089.95","27,021.32","27,117.88","26,951.81","747.60M","0.80%"
"05/27/2022","26,875.59","26,861.09","26,898.83","26,684.97","386.61M","0.41%"
"05/26/2022","26,765.92","26,476.15","26,792.97","26,406.47","491.93M","1.24%"
"05/25/2022","26,437.71","26,270.17","26,481.01","26,015.15","530.28M","1.50%"
"05/24/2022","26,046.37","26,079.89","26,278.26","25,980.37","467.47M","-1.09%"
"05/23/2022","26,332.39","26,230.28","26,332.39","25,955.91","481.61M","0.18%"
"05/20/2022","26,286.22","26,433.41","26,757.86","26,226.07","527.36M","0.08%"
"05/19/2022","26,265.85","26,076.78","26,265.85","25,896.41","500.32M","-0.13%"
"05/18/2022","26,300.68","26,571.59","26,625.46","26,275.33","518.55M","-0.87%"
"05/17/2022","26,532.20","26,434.83","26,701.86","26,377.69","514.58M","1.16%"
"05/16/2022","26,226.67","26,177.57","26,352.66","26,050.59","438.25M","-0.07%"
"05/13/2022","26,244.58","25,920.21","26,244.58","25,831.09","526.86M","2.09%"
"05/12/2022","25,707.08","25,433.66","25,844.67","25,343.35","575.17M","-0.62%"
"05/11/2022","25,868.34","25,388.75","25,868.34","25,259.81","577.74M","2.77%"
"05/10/2022","25,171.23","25,189.41","25,493.40","25,123.52","601.32M","1.01%"
"05/09/2022","24,920.16","25,571.35","25,695.15","24,920.16","520.68M","-2.80%"
"05/06/2022","25,636.75","25,878.93","25,986.64","25,508.31","617.53M","-1.20%"
"05/05/2022","25,948.90","26,595.60","26,688.18","25,893.86","671.01M","-0.68%"
"05/04/2022","26,125.34","26,510.97","26,541.84","26,118.76","509.02M","-1.35%"
"05/03/2022","26,483.66","26,290.51","26,483.66","26,201.54","514.88M","1.46%"
"05/02/2022","26,103.23","26,299.06","26,376.30","25,547.38","498.54M","-1.55%"
"04/29/2022","26,513.24","26,568.65","26,674.50","26,389.58","467.27M","0.82%"
"04/28/2022","26,298.40","26,275.99","26,500.16","26,070.91","479.50M","0.94%"
"04/27/2022","26,054.07","25,941.24","26,121.96","25,519.30","540.61M","0.53%"
"04/26/2022","25,917.28","26,427.55","26,427.55","25,917.28","553.36M","-0.97%"
"04/25/2022","26,172.20","26,161.11","26,387.52","25,988.54","579.79M","-1.49%"
"04/22/2022","26,568.36","26,736.64","26,889.82","26,548.63","585.82M","-2.01%"
"04/21/2022","27,113.64","27,164.64","27,304.88","27,111.94","494.75M","-0.18%"
"04/20/2022","27,162.60","26,929.73","27,212.57","26,875.88","463.52M","1.01%"
"04/19/2022","26,889.95","26,839.71","26,935.69","26,596.90","514.83M","-0.86%"
"04/14/2022","27,123.32","27,039.36","27,204.00","26,925.43","511.35M","0.56%"
"04/13/2022","26,973.25","26,834.19","26,973.25","26,748.39","540.57M","0.22%"
"04/12/2022","26,912.73","26,690.94","27,052.54","26,558.67","571.17M","-0.31%"
"04/11/2022","26,997.05","27,019.91","27,222.64","26,841.43","496.98M","-0.27%"
"04/08/2022","27,069.64","26,911.57","27,096.29","26,876.52","677.38M","2.03%"
"04/07/2022","26,531.82","26,758.00","27,163.34","26,507.50","635.84M","-0.53%"
"04/06/2022","26,673.18","27,195.97","27,290.90","26,402.44","805.69M","-2.06%"
"04/05/2022","27,234.02","27,450.97","27,573.99","27,133.50","657.16M","-0.81%"
"04/04/2022","27,457.61","27,495.18","27,517.68","27,173.39","650.80M","0.05%"
"04/01/2022","27,443.53","27,335.85","27,578.44","27,225.31","788.46M","0.54%"
"03/31/2022","27,297.28","27,664.89","27,693.31","27,297.28","926.17M","-1.18%"
"03/30/2022","27,623.76","27,542.95","27,676.39","27,367.37","1.05B","-0.01%"
"03/29/2022","27,627.68","27,302.69","27,812.90","27,196.49","934.33M","2.41%"
"03/28/2022","26,976.21","26,861.99","27,368.99","26,848.08","810.77M","0.61%"
"03/25/2022","26,812.59","26,680.89","26,939.39","26,581.40","901.05M","0.66%"
"03/24/2022","26,637.20","26,632.95","26,796.46","26,536.93","1.16B","0.26%"
"03/23/2022","26,569.24","26,935.59","26,935.59","26,486.79","653.15M","-0.94%"
"03/22/2022","26,821.92","26,683.72","26,875.58","26,651.77","535.65M","0.97%"
"03/21/2022","26,563.59","26,447.49","26,776.36","26,447.49","672.31M","0.25%"
"03/18/2022","26,496.03","26,479.85","26,535.23","26,073.80","1.09B","0.41%"
"03/17/2022","26,386.93","26,647.94","26,733.20","26,095.35","948.65M","-0.56%"
"03/16/2022","26,535.77","26,238.75","26,703.99","26,183.03","1.04B","3.36%"
"03/15/2022","25,673.82","25,414.06","25,776.67","25,092.32","789.81M","0.18%"
"03/14/2022","25,627.18","25,496.41","25,822.65","25,425.91","1.00B","1.71%"
"03/11/2022","25,195.16","25,159.33","25,889.94","24,897.82","1.17B","0.81%"
"03/10/2022","24,992.82","26,091.06","26,137.68","24,935.01","1.20B","-3.99%"
"03/09/2022","26,030.29","24,947.63","26,030.29","24,861.18","1.24B","6.79%"
"03/08/2022","24,375.15","23,894.14","25,081.47","23,894.14","1.39B","0.80%"
"03/07/2022","24,180.63","23,904.06","24,807.54","22,971.61","2.01B","-1.42%"
"03/04/2022","24,529.83","25,880.05","25,891.35","24,529.83","1.59B","-6.16%"
"03/03/2022","26,140.23","26,860.84","27,010.45","26,102.41","1.31B","-2.44%"
"03/02/2022","26,793.13","26,508.31","26,972.15","26,199.55","990.92M","0.71%"
"03/01/2022","26,604.32","27,707.26","27,948.15","26,604.32","1.10B","-4.03%"
"02/28/2022","27,720.92","27,462.92","27,788.25","27,234.84","955.28M","-1.28%"
"02/25/2022","28,080.04","27,399.31","28,113.18","27,044.70","999.06M","3.53%"
"02/24/2022","27,121.73","27,681.79","27,772.41","26,709.83","1.33B","-4.04%"
"02/23/2022","28,264.85","28,504.80","28,742.14","28,241.81","568.55M","-0.38%"
"02/22/2022","28,372.57","27,589.31","28,560.74","27,589.31","890.95M","-0.02%"
"02/21/2022","28,379.25","29,068.09","29,096.20","28,169.98","518.88M","-1.76%"
"02/18/2022","28,888.17","29,154.39","29,238.40","28,799.50","467.53M","-0.58%"
"02/17/2022","29,057.08","29,358.50","29,436.38","28,955.52","644.98M","-1.09%"
"02/16/2022","29,377.17","29,485.73","29,591.84","29,194.57","590.39M","0.00%"
"02/15/2022","29,376.89","28,693.40","29,385.02","28,663.56","686.59M","2.12%"
"02/14/2022","28,767.51","28,680.89","28,845.73","28,200.94","939.73M","-2.01%"
"02/11/2022","29,356.46","29,228.67","29,440.94","29,118.13","721.08M","-0.75%"
"02/10/2022","29,579.14","29,604.16","29,745.59","29,333.72","829.66M","0.24%"
"02/09/2022","29,509.72","28,983.85","29,509.72","28,983.85","786.25M","2.67%"
"02/08/2022","28,741.63","28,688.24","29,007.04","28,530.37","723.39M","0.23%"
"02/07/2022","28,675.29","29,102.20","29,125.59","28,498.09","689.50M","-1.04%"
"02/04/2022","28,975.22","29,662.36","29,666.60","28,886.38","690.83M","-1.73%"
"02/03/2022","29,484.15","29,808.62","29,812.90","29,464.48","587.89M","-1.16%"
"02/02/2022","29,828.85","29,788.88","30,009.37","29,773.55","741.52M","0.55%"
"02/01/2022","29,664.54","29,434.49","29,664.54","29,418.22","855.00M","1.54%"
"01/31/2022","29,215.86","29,466.14","29,466.14","29,037.57","899.88M","0.95%"
"01/28/2022","28,939.83","29,244.64","29,264.72","28,656.32","677.51M","-1.17%"
"01/27/2022","29,283.00","28,651.99","29,442.76","28,612.31","730.12M","0.96%"
"01/26/2022","29,005.77","28,573.79","29,054.23","28,551.05","720.43M","2.29%"
"01/25/2022","28,355.25","28,537.55","28,630.91","28,091.01","641.82M","0.17%"
"01/24/2022","28,307.66","29,308.46","29,411.26","28,129.17","814.60M","-4.03%"
"01/21/2022","29,496.41","29,629.02","29,772.03","29,232.24","641.69M","-1.85%"
"01/20/2022","30,052.14","29,900.23","30,052.14","29,788.38","706.14M","0.73%"
"01/19/2022","29,835.23","29,772.38","30,038.40","29,673.00","715.17M","-0.34%"
"01/18/2022","29,935.73","30,069.35","30,071.84","29,759.12","705.88M","-0.84%"
"01/17/2022","30,189.34","30,158.01","30,204.38","30,058.19","493.73M","0.57%"
"01/14/2022","30,019.19","30,085.27","30,215.42","29,895.72","548.34M","-1.06%"
"01/13/2022","30,340.42","30,191.99","30,406.19","30,177.22","468.64M","0.38%"
"01/12/2022","30,224.11","30,212.49","30,243.50","30,030.42","665.45M","0.60%"
"01/11/2022","30,043.45","30,043.20","30,159.65","29,951.22","428.45M","0.74%"
"01/10/2022","29,821.47","30,330.69","30,349.85","29,743.90","570.80M","-1.15%"
"01/07/2022","30,166.97","30,357.82","30,412.35","30,001.07","673.21M","-0.20%"
"01/06/2022","30,227.98","30,314.49","30,528.04","30,173.14","704.45M","-1.74%"
"01/05/2022","30,764.35","30,617.87","30,808.50","30,563.32","741.10M","0.64%"
"01/04/2022","30,567.50","30,515.18","30,703.85","30,371.40","888.09M","0.77%"
"01/03/2022","30,335.04","30,007.42","30,387.10","30,007.42","1.26B","1.31%"
"12/30/2021","29,941.89","29,949.83","30,006.13","29,903.15","290.96M","0.01%"
"12/29/2021","29,938.13","30,047.63","30,051.34","29,842.62","311.40M","-0.31%"
"12/28/2021","30,031.87","29,846.76","30,088.75","29,846.76","355.52M","0.78%"
"12/27/2021","29,800.72","29,481.46","29,820.14","29,467.05","318.26M","0.82%"
"12/23/2021","29,558.28","29,435.22","29,562.09","29,358.87","329.56M","0.62%"
"12/22/2021","29,377.15","29,185.85","29,377.15","29,074.96","453.28M","0.72%"
"12/21/2021","29,166.69","28,936.92","29,166.69","28,798.92","482.54M","1.73%"
"12/20/2021","28,669.46","28,475.31","28,734.91","28,246.46","630.02M","-1.55%"
"12/17/2021","29,120.89","29,114.94","29,202.13","28,854.13","729.06M","-0.64%"
"12/16/2021","29,308.48","29,592.01","29,592.01","29,245.28","623.38M","0.39%"
"12/15/2021","29,194.96","29,190.88","29,325.82","29,138.28","571.94M","0.40%"
"12/14/2021","29,079.77","29,195.10","29,296.35","29,050.13","556.96M","-0.04%"
"12/13/2021","29,092.82","29,361.14","29,521.05","29,060.75","551.57M","-0.65%"
"12/10/2021","29,284.12","29,225.90","29,466.83","29,225.90","502.63M","-0.35%"
"12/09/2021","29,388.34","29,366.74","29,487.70","29,264.93","635.59M","0.23%"
"12/08/2021","29,321.59","29,624.32","29,749.07","29,321.59","504.66M","-1.35%"
"12/07/2021","29,723.17","29,259.89","29,749.24","29,259.89","575.94M","2.43%"
"12/06/2021","29,018.88","28,671.94","29,047.72","28,541.39","641.21M","2.04%"
"12/03/2021","28,438.83","28,751.41","28,805.68","28,326.03","573.54M","-0.27%"
"12/02/2021","28,515.74","28,641.20","28,767.80","28,387.23","635.97M","-1.40%"
"12/01/2021","28,919.63","28,547.07","28,970.54","28,484.58","682.12M","2.15%"
"11/30/2021","28,311.06","28,153.78","28,589.02","27,991.89","942.14M","-0.81%"
"11/29/2021","28,543.26","28,714.93","28,845.46","28,467.49","728.11M","0.78%"
"11/26/2021","28,321.48","28,775.51","28,896.80","28,321.48","1.14B","-4.44%"
"11/25/2021","29,636.68","29,755.90","29,839.58","29,575.42","1.29B","0.00%"
"11/24/2021","29,636.32","29,542.94","29,686.71","29,305.84","2.05B","0.58%"
"11/23/2021","29,466.14","29,728.67","29,804.93","29,448.90","1.60B","-1.65%"
"11/22/2021","29,959.78","29,857.16","30,025.94","29,780.64","2.82B","0.15%"
"11/19/2021","29,915.86","30,368.04","30,423.96","29,723.35","1.04B","-1.17%"
"11/18/2021","30,268.85","30,448.70","30,507.99","30,202.95","514.84M","-0.59%"
"11/17/2021","30,448.43","30,489.29","30,543.30","30,414.33","618.75M","0.00%"
"11/16/2021","30,449.83","30,601.55","30,637.16","30,448.14","644.10M","-0.26%"
"11/15/2021","30,528.28","30,369.19","30,544.00","30,345.67","626.06M","0.42%"
"11/12/2021","30,399.72","30,314.57","30,400.41","30,246.98","840.49M","0.35%"
"11/11/2021","30,294.46","30,209.86","30,318.22","30,155.68","430.20M","0.18%"
"11/10/2021","30,239.07","30,227.94","30,287.47","30,085.50","614.30M","0.34%"
"11/09/2021","30,136.78","30,375.45","30,430.77","30,136.78","531.20M","-0.94%"
"11/08/2021","30,422.24","30,501.13","30,533.71","30,422.24","748.92M","-0.20%"
"11/05/2021","30,484.56","30,215.25","30,561.46","30,214.86","1.25B","0.90%"
"11/04/2021","30,211.65","30,168.19","30,211.65","30,075.84","949.74M","0.64%"
"11/03/2021","30,020.92","29,798.44","30,020.92","29,772.24","503.94M","0.69%"
"11/02/2021","29,816.36","29,804.34","29,865.33","29,721.76","559.45M","-0.06%"
"11/01/2021","29,833.20","29,625.30","29,929.67","29,616.26","544.34M","1.21%"
"10/29/2021","29,477.49","29,364.69","29,493.36","29,225.54","713.00M","-0.10%"
"10/28/2021","29,505.97","29,443.34","29,554.24","29,373.22","931.12M","0.28%"
"10/27/2021","29,424.27","29,527.51","29,591.60","29,373.85","576.17M","-0.67%"
"10/26/2021","29,624.17","29,516.41","29,701.75","29,481.45","541.77M","0.58%"
"10/25/2021","29,452.02","29,247.92","29,456.86","29,224.68","606.14M","0.80%"
"10/22/2021","29,216.93","29,235.84","29,332.47","29,194.29","413.73M","0.15%"
"10/21/2021","29,171.80","29,074.95","29,270.34","29,007.95","534.64M","-0.12%"
"10/20/2021","29,208.16","28,878.88","29,235.58","28,860.05","550.90M","0.93%"
"10/19/2021","28,937.82","28,903.25","28,984.49","28,869.11","535.12M","0.25%"
"10/18/2021","28,865.00","28,920.77","28,974.86","28,747.38","553.95M","-0.73%"
"10/15/2021","29,077.70","29,016.40","29,135.68","28,937.57","722.30M","0.78%"
"10/14/2021","28,852.99","28,675.86","28,890.43","28,637.88","603.00M","1.23%"
"10/13/2021","28,501.86","28,433.21","28,584.60","28,362.92","485.96M","0.03%"
"10/12/2021","28,493.51","28,106.15","28,493.51","28,064.27","442.83M","0.31%"
"10/11/2021","28,406.40","28,489.23","28,540.31","28,263.01","579.32M","-0.50%"
"10/08/2021","28,548.38","28,529.82","28,595.77","28,445.77","664.79M","0.19%"
"10/07/2021","28,494.44","28,421.55","28,546.15","28,241.48","595.50M","1.47%"
"10/06/2021","28,080.28","28,288.90","28,288.90","27,788.48","761.93M","-1.35%"
"10/05/2021","28,463.96","28,033.72","28,463.96","28,021.56","854.57M","1.81%"
"10/04/2021","27,957.77","28,064.81","28,240.60","27,925.82","533.82M","-0.64%"
"10/01/2021","28,139.23","27,788.58","28,259.89","27,749.36","628.56M","-0.16%"
"09/30/2021","28,183.64","28,399.93","28,458.38","28,054.11","669.16M","-0.15%"
"09/29/2021","28,225.51","28,216.87","28,334.38","28,065.47","663.05M","0.60%"
"09/28/2021","28,056.33","28,716.80","28,767.80","28,056.33","756.89M","-2.22%"
"09/27/2021","28,694.25","28,749.80","28,778.46","28,572.83","615.10M","0.49%"
"09/24/2021","28,554.11","28,627.82","28,670.27","28,511.58","509.05M","-0.46%"
"09/23/2021","28,685.24","28,485.74","28,690.67","28,455.77","626.68M","1.38%"
"09/22/2021","28,296.01","28,078.37","28,296.01","27,986.49","632.46M","1.43%"
"09/21/2021","27,896.11","27,748.93","27,988.97","27,707.67","688.59M","1.14%"
"09/20/2021","27,581.40","27,895.97","27,922.76","27,448.34","890.11M","-2.43%"
"09/17/2021","28,268.23","28,696.28","28,737.37","28,268.23","888.95M","-0.88%"
"09/16/2021","28,518.61","28,477.66","28,670.04","28,477.66","487.28M","0.70%"
"09/15/2021","28,319.16","28,628.28","28,632.61","28,240.35","547.46M","-1.00%"
"09/14/2021","28,605.03","28,522.85","28,704.93","28,489.20","461.72M","0.31%"
"09/13/2021","28,515.49","28,413.90","28,617.72","28,412.52","473.86M","0.77%"
"09/10/2021","28,296.91","28,598.32","28,620.75","28,256.32","535.86M","-0.86%"
"09/09/2021","28,541.93","28,336.65","28,633.13","28,255.30","490.70M","0.14%"
"09/08/2021","28,502.66","28,591.72","28,702.38","28,337.08","549.21M","-0.75%"
"09/07/2021","28,719.13","28,911.50","28,933.50","28,683.74","377.26M","-0.70%"
"09/06/2021","28,922.85","28,786.47","28,955.52","28,780.83","401.59M","0.74%"
"09/03/2021","28,711.79","28,882.00","28,917.38","28,609.22","599.16M","-0.60%"
"09/02/2021","28,884.05","28,802.56","28,896.54","28,795.58","486.05M","0.27%"
"09/01/2021","28,805.78","28,798.42","29,025.49","28,712.30","555.17M","0.69%"
"08/31/2021","28,609.59","28,658.18","28,819.15","28,493.32","721.61M","-0.06%"
"08/30/2021","28,625.94","28,659.17","28,676.02","28,540.64","1.00B","0.10%"
"08/27/2021","28,597.75","28,449.38","28,599.89","28,402.02","532.66M","0.52%"
"08/26/2021","28,450.86","28,555.11","28,639.26","28,415.14","568.09M","-0.70%"
"08/25/2021","28,652.32","28,610.56","28,652.32","28,555.35","572.13M","0.17%"
"08/24/2021","28,603.42","28,727.32","28,727.32","28,467.64","356.13M","-0.05%"
"08/23/2021","28,617.75","28,663.46","28,733.19","28,493.62","430.09M","0.59%"
"08/20/2021","28,449.33","28,448.21","28,472.83","28,232.49","503.43M","-0.08%"
"08/19/2021","28,471.19","28,599.58","28,599.58","28,240.10","829.83M","-1.59%"
"08/18/2021","28,931.05","28,775.14","28,948.05","28,723.37","1.06B","0.57%"
"08/17/2021","28,767.77","28,877.72","28,877.72","28,704.11","754.24M","-0.79%"
"08/16/2021","28,998.24","29,043.10","29,157.17","28,940.46","342.85M","-0.73%"
"08/13/2021","29,212.89","29,134.03","29,250.98","29,104.75","362.94M","0.33%"
"08/12/2021","29,116.68","29,052.21","29,142.93","29,010.17","568.49M","0.31%"
"08/11/2021","29,027.11","28,811.56","29,047.91","28,765.70","838.95M","0.99%"
"08/10/2021","28,743.12","28,691.01","28,827.89","28,679.55","986.32M","0.26%"
"08/09/2021","28,669.48","28,535.49","28,686.76","28,535.49","590.28M","0.54%"
"08/06/2021","28,515.51","28,217.53","28,558.29","28,191.39","545.57M","1.11%"
"08/05/2021","28,203.75","28,022.08","28,209.65","28,022.08","390.18M","0.67%"
"08/04/2021","28,017.04","28,007.06","28,074.62","27,869.69","457.37M","0.50%"
"08/03/2021","27,877.21","27,951.05","28,005.18","27,807.02","455.54M","-0.03%"
"08/02/2021","27,884.91","28,045.61","28,202.56","27,884.91","513.53M","0.07%"
"07/30/2021","27,864.44","27,911.14","27,999.14","27,834.78","846.86M","-0.50%"
"07/29/2021","28,004.63","27,849.98","28,032.24","27,805.82","718.76M","0.94%"
"07/28/2021","27,743.20","27,567.00","27,775.45","27,526.48","456.58M","0.70%"
"07/27/2021","27,550.77","27,696.26","27,732.47","27,464.76","394.25M","-0.78%"
"07/26/2021","27,767.94","27,453.39","27,767.94","27,428.65","445.03M","0.67%"
"07/23/2021","27,583.66","27,377.13","27,618.53","27,357.64","396.58M","1.24%"
"07/22/2021","27,245.38","27,211.47","27,429.05","27,164.82","453.68M","0.61%"
"07/21/2021","27,080.56","26,619.68","27,095.35","26,611.99","567.85M","2.29%"
"07/20/2021","26,473.34","26,465.58","26,596.97","26,170.60","539.12M","0.60%"
"07/19/2021","26,316.32","26,918.75","26,925.33","26,184.77","849.60M","-3.27%"
"07/16/2021","27,206.05","27,344.90","27,429.82","27,094.25","566.48M","-0.33%"
"07/15/2021","27,296.25","27,538.86","27,546.80","27,255.14","410.56M","-1.29%"
"07/14/2021","27,651.77","27,574.93","27,778.28","27,550.36","359.96M","0.12%"
"07/13/2021","27,617.92","27,774.34","27,779.02","27,539.84","500.78M","-0.42%"
"07/12/2021","27,735.18","27,573.65","27,751.25","27,405.41","389.80M","0.86%"
"07/09/2021","27,499.96","27,182.51","27,525.50","27,181.39","540.87M","1.59%"
"07/08/2021","27,069.22","27,612.73","27,616.09","26,887.03","837.08M","-2.50%"
"07/07/2021","27,764.10","27,782.34","27,907.17","27,636.53","641.34M","0.26%"
"07/06/2021","27,690.74","27,921.30","27,923.17","27,624.36","638.05M","-0.80%"
"07/05/2021","27,913.65","27,733.48","27,984.10","27,622.45","476.62M","0.62%"
"07/02/2021","27,742.98","27,788.87","27,846.89","27,687.31","612.51M","0.05%"
"07/01/2021","27,729.52","27,688.92","27,845.31","27,463.46","412.14M","0.72%"
"06/30/2021","27,531.67","27,800.03","27,853.45","27,374.81","538.37M","-0.98%"
"06/29/2021","27,804.25","27,690.27","27,912.43","27,690.27","420.26M","0.47%"
"06/28/2021","27,675.15","27,976.34","28,038.86","27,675.15","400.07M","-1.07%"
"06/25/2021","27,975.53","27,931.82","27,992.06","27,887.65","383.77M","0.31%"
"06/24/2021","27,890.30","27,608.89","27,898.23","27,571.29","585.59M","1.29%"
"06/23/2021","27,535.98","27,830.28","27,882.70","27,535.98","410.04M","-0.92%"
"06/22/2021","27,790.56","27,915.14","27,915.14","27,672.36","507.95M","-0.31%"
"06/21/2021","27,877.77","27,376.33","27,877.77","27,376.33","577.33M","0.65%"
"06/18/2021","27,699.03","28,156.23","28,240.02","27,694.75","934.45M","-1.77%"
"06/17/2021","28,199.38","28,174.55","28,278.63","28,165.26","522.56M","-0.23%"
"06/16/2021","28,263.71","28,299.66","28,316.36","28,187.70","473.40M","0.13%"
"06/15/2021","28,226.47","28,336.39","28,345.05","28,133.42","501.43M","-0.12%"
"06/14/2021","28,259.68","28,283.80","28,363.01","28,194.36","503.83M","0.22%"
"06/11/2021","28,198.91","28,120.68","28,212.88","28,076.09","464.72M","0.37%"
"06/10/2021","28,095.53","28,232.69","28,232.69","27,972.06","529.44M","-0.42%"
"06/09/2021","28,215.21","28,328.23","28,359.45","28,170.39","462.74M","-0.26%"
"06/08/2021","28,288.04","28,322.09","28,407.51","28,174.45","701.45M","-0.04%"
"06/07/2021","28,300.73","28,013.95","28,305.34","27,971.08","721.23M","1.00%"
"06/04/2021","28,020.70","27,906.94","28,020.70","27,897.22","614.28M","0.42%"
"06/03/2021","27,904.88","27,815.82","27,927.48","27,647.02","603.78M","0.26%"
"06/02/2021","27,832.95","27,741.57","27,861.89","27,707.05","482.10M","0.19%"
"06/01/2021","27,779.35","27,718.77","28,010.72","27,718.77","656.05M","0.61%"
"05/31/2021","27,611.38","27,581.21","27,718.12","27,559.05","448.60M","0.11%"
"05/28/2021","27,580.40","27,473.71","27,591.90","27,434.34","547.63M","0.54%"
"05/27/2021","27,431.86","27,081.81","27,473.36","27,080.94","777.09M","1.07%"
"05/26/2021","27,140.96","27,317.25","27,353.36","27,043.80","594.13M","-0.38%"
"05/25/2021","27,243.80","27,307.03","27,369.96","27,222.80","533.68M","-0.01%"
"05/24/2021","27,247.35","27,187.54","27,311.27","27,144.77","456.44M","-0.25%"
"05/21/2021","27,314.92","27,119.22","27,314.92","27,066.80","616.72M","0.98%"
"05/20/2021","27,049.06","26,958.35","27,049.06","26,743.71","525.77M","0.82%"
"05/19/2021","26,828.76","26,974.93","27,115.50","26,593.47","750.93M","-1.49%"
"05/18/2021","27,235.68","27,406.40","27,466.93","27,174.08","683.50M","0.09%"
"05/17/2021","27,210.29","27,188.08","27,275.74","27,061.35","599.49M","0.39%"
"05/14/2021","27,103.67","26,963.74","27,103.67","26,750.87","559.33M","1.07%"
"05/13/2021","26,817.40","26,552.36","26,896.02","26,192.20","606.51M","0.19%"
"05/12/2021","26,767.83","26,751.14","26,845.66","26,587.30","654.94M","0.24%"
"05/11/2021","26,703.95","26,953.47","26,953.47","26,560.87","770.21M","-1.65%"
"05/10/2021","27,150.67","27,066.39","27,157.40","26,995.03","655.68M","0.74%"
"05/07/2021","26,950.62","26,937.89","26,960.47","26,722.65","594.47M","0.57%"
"05/06/2021","26,796.61","26,862.08","26,987.35","26,669.07","957.65M","0.09%"
"05/05/2021","26,771.49","26,468.35","26,779.80","26,420.79","573.86M","1.86%"
"05/04/2021","26,281.48","26,783.41","26,841.84","26,252.91","611.66M","-1.69%"
"05/03/2021","26,732.84","26,506.54","26,778.27","26,452.78","468.10M","1.08%"
"04/30/2021","26,446.90","26,636.77","26,702.32","26,390.22","636.82M","-0.51%"
"04/29/2021","26,583.22","26,859.01","26,860.59","26,452.75","622.39M","-0.68%"
"04/28/2021","26,766.22","26,835.85","26,863.93","26,666.17","524.71M","-0.04%"
"04/27/2021","26,777.12","26,837.83","26,859.06","26,672.32","439.04M","-0.22%"
"04/26/2021","26,835.36","26,732.80","26,866.57","26,638.31","475.88M","0.57%"
"04/23/2021","26,684.23","26,577.51","26,699.20","26,523.56","389.57M","-0.04%"
"04/22/2021","26,693.59","26,520.91","26,708.47","26,454.72","448.80M","1.03%"
"04/21/2021","26,420.45","26,454.96","26,528.56","26,162.02","519.39M","0.29%"
"04/20/2021","26,344.06","26,989.31","27,022.60","26,307.88","636.15M","-2.37%"
"04/19/2021","26,982.30","27,030.47","27,101.06","26,949.20","519.94M","-0.18%"
"04/16/2021","27,030.19","26,822.16","27,052.25","26,796.68","523.66M","0.89%"
"04/15/2021","26,791.19","26,864.01","26,903.25","26,734.76","437.18M","-0.15%"
"04/14/2021","26,831.18","26,893.03","26,893.03","26,694.02","452.24M","-0.11%"
"04/13/2021","26,859.47","26,736.01","26,894.44","26,708.99","475.77M","0.59%"
"04/12/2021","26,702.15","26,638.35","26,809.73","26,572.28","388.72M","0.16%"
"04/09/2021","26,658.53","26,841.71","26,910.46","26,658.53","493.94M","-0.53%"
"04/08/2021","26,800.76","27,077.93","27,099.20","26,750.41","628.19M","-0.60%"
"04/07/2021","26,961.90","26,987.77","27,056.19","26,833.44","481.23M","-0.07%"
"04/06/2021","26,981.96","27,134.85","27,148.09","26,964.08","611.39M","0.29%"
"04/01/2021","26,902.66","26,903.61","26,943.55","26,830.39","686.74M","0.33%"
"03/31/2021","26,814.98","26,847.66","26,962.22","26,801.32","622.80M","0.02%"
"03/30/2021","26,808.95","26,716.71","26,876.74","26,641.92","618.89M","0.78%"
"03/29/2021","26,601.55","26,606.41","26,665.90","26,501.65","540.80M","0.14%"
"03/26/2021","26,563.23","26,551.84","26,595.11","26,440.46","658.55M","0.70%"
"03/25/2021","26,378.64","26,307.43","26,425.20","26,144.07","674.67M","0.06%"
"03/24/2021","26,361.57","26,129.84","26,369.35","26,090.71","590.88M","0.36%"
"03/23/2021","26,268.25","26,361.97","26,364.71","26,170.97","615.98M","-0.54%"
"03/22/2021","26,410.18","26,225.20","26,436.54","26,180.76","600.58M","0.26%"
"03/19/2021","26,341.80","26,128.01","26,501.50","26,128.01","1.41B","-0.51%"
"03/18/2021","26,476.45","26,572.85","26,597.95","26,375.40","762.29M","0.21%"
"03/17/2021","26,420.25","26,437.65","26,502.61","26,334.53","624.54M","0.01%"
"03/16/2021","26,417.61","26,389.69","26,467.90","26,331.63","709.04M","0.56%"
"03/15/2021","26,269.19","26,346.57","26,570.30","26,188.68","743.69M","0.09%"
"03/12/2021","26,244.97","26,236.53","26,328.66","26,155.74","745.19M","-0.08%"
"03/11/2021","26,264.82","26,131.27","26,357.38","26,131.27","996.08M","0.90%"
"03/10/2021","26,029.57","25,878.96","26,055.33","25,825.99","775.85M","0.54%"
"03/09/2021","25,889.25","25,719.33","25,943.83","25,663.79","800.28M","0.73%"
"03/08/2021","25,701.06","25,172.33","25,746.38","25,064.72","816.95M","2.98%"
"03/05/2021","24,958.37","24,952.15","25,283.85","24,863.87","773.55M","-0.55%"
"03/04/2021","25,097.00","24,958.06","25,198.27","24,800.44","609.98M","0.17%"
"03/03/2021","25,054.31","25,263.42","25,396.83","24,822.86","766.35M","-0.27%"
"03/02/2021","25,122.68","25,234.14","25,397.10","25,122.68","566.33M","-0.76%"
"03/01/2021","25,313.88","25,142.04","25,316.77","25,117.33","608.56M","1.84%"
"02/26/2021","24,856.67","24,727.46","25,051.29","24,679.30","699.17M","-0.92%"
"02/25/2021","25,087.79","25,311.00","25,332.12","25,081.48","862.15M","-0.18%"
"02/24/2021","25,133.31","24,941.86","25,166.88","24,913.68","1.09B","0.62%"
"02/23/2021","24,977.71","25,172.93","25,246.83","24,660.97","704.42M","-0.41%"
"02/22/2021","25,079.69","25,059.18","25,116.15","24,907.96","531.77M","-0.47%"
"02/19/2021","25,196.86","24,988.64","25,245.59","24,891.89","624.66M","0.90%"
"02/18/2021","24,973.09","25,286.81","25,371.15","24,932.76","642.86M","-1.16%"
"02/17/2021","25,266.63","25,495.53","25,556.88","25,211.56","630.57M","-1.09%"
"02/16/2021","25,546.33","25,761.40","25,769.43","25,536.55","757.23M","-0.72%"
"02/15/2021","25,732.75","25,764.92","25,775.76","25,683.32","640.79M","0.79%"
"02/12/2021","25,531.62","25,410.17","25,531.62","25,169.23","516.63M","0.42%"
"02/11/2021","25,425.71","25,392.82","25,486.39","25,363.64","588.12M","0.25%"
"02/10/2021","25,361.39","25,486.49","25,492.15","25,231.94","749.70M","-0.02%"
"02/09/2021","25,367.65","25,557.59","25,557.59","25,316.34","680.80M","-0.51%"
"02/08/2021","25,498.80","25,321.15","25,578.52","25,279.42","979.73M","1.53%"
"02/05/2021","25,115.02","25,022.73","25,305.77","24,976.48","986.03M","0.74%"
"02/04/2021","24,930.42","24,594.02","25,001.10","24,508.49","749.51M","1.51%"
"02/03/2021","24,559.12","24,461.31","24,773.59","24,406.87","1.05B","2.08%"
"02/02/2021","24,059.55","23,942.58","24,151.65","23,942.58","929.65M","1.05%"
"02/01/2021","23,809.30","23,711.49","23,870.52","23,597.54","550.08M","1.18%"
"01/29/2021","23,530.79","23,531.23","23,750.67","23,483.77","577.38M","-1.48%"
"01/28/2021","23,883.40","23,430.10","23,914.26","23,243.77","549.41M","1.09%"
"01/27/2021","23,625.51","23,910.20","23,973.74","23,371.54","589.28M","-1.46%"
"01/26/2021","23,974.65","23,669.92","24,028.54","23,609.89","567.36M","1.20%"
"01/25/2021","23,690.91","24,213.04","24,220.99","23,628.28","654.69M","-1.53%"
"01/22/2021","24,058.38","24,231.70","24,231.70","23,891.76","595.23M","-1.43%"
"01/21/2021","24,408.60","24,780.15","24,830.33","24,404.65","595.50M","-0.92%"
"01/20/2021","24,634.64","24,551.65","24,653.21","24,490.21","531.11M","0.85%"
"01/19/2021","24,427.84","24,629.37","24,639.03","24,415.87","673.40M","-0.24%"
"01/18/2021","24,487.31","24,265.54","24,500.69","24,253.27","426.71M","0.38%"
"01/15/2021","24,395.73","24,659.15","24,758.65","24,252.20","554.57M","-1.09%"
"01/14/2021","24,663.85","24,780.92","24,902.88","24,663.85","547.68M","-0.49%"
"01/13/2021","24,784.36","24,646.72","24,852.30","24,604.93","503.33M","0.44%"
"01/12/2021","24,675.52","24,842.48","24,878.65","24,589.78","686.98M","-0.38%"
"01/11/2021","24,769.19","24,736.24","24,836.47","24,532.66","509.52M","-0.23%"
"01/08/2021","24,826.80","24,966.89","25,032.80","24,731.44","606.03M","0.25%"
"01/07/2021","24,764.96","24,851.36","24,882.51","24,648.46","737.09M","0.02%"
"01/06/2021","24,759.56","24,359.58","24,809.85","24,215.15","876.89M","2.34%"
"01/05/2021","24,193.22","24,218.97","24,337.65","24,093.66","592.18M","-0.47%"
"01/04/2021","24,307.39","24,376.85","24,493.18","24,210.11","598.96M","0.43%"
"12/30/2020","24,202.73","24,279.90","24,321.72","24,202.73","356.86M","-0.15%"
"12/29/2020","24,238.06","24,368.41","24,376.78","24,182.20","322.98M","-0.09%"
"12/28/2020","24,259.46","24,278.28","24,332.30","24,224.98","507.04M","0.71%"
"12/23/2020","24,089.23","23,921.20","24,113.13","23,875.66","406.12M","1.27%"
"12/22/2020","23,787.23","23,427.14","23,792.82","23,427.14","411.16M","1.92%"
"12/21/2020","23,339.77","23,403.90","23,557.26","22,980.88","923.85M","-2.45%"
"12/18/2020","23,927.11","23,878.41","24,104.75","23,867.22","814.58M","-0.19%"
"12/17/2020","23,972.13","24,023.93","24,095.10","23,961.63","579.28M","0.18%"
"12/16/2020","23,929.24","23,924.13","24,128.09","23,836.49","595.53M","0.28%"
"12/15/2020","23,863.51","23,659.28","23,892.82","23,628.56","474.98M","0.68%"
"12/14/2020","23,701.87","23,792.71","23,943.36","23,701.87","545.06M","0.33%"
"12/11/2020","23,622.81","23,802.53","23,845.10","23,496.63","554.72M","-0.97%"
"12/10/2020","23,854.59","23,969.02","24,021.17","23,682.66","616.65M","-0.19%"
"12/09/2020","23,900.73","24,147.70","24,200.24","23,895.60","679.21M","-0.33%"
"12/08/2020","23,980.85","23,981.80","24,021.35","23,817.82","593.12M","-0.15%"
"12/07/2020","24,016.89","24,037.37","24,058.38","23,870.12","722.39M","-0.28%"
"12/04/2020","24,085.19","23,942.60","24,099.41","23,942.60","703.90M","0.69%"
"12/03/2020","23,920.66","23,946.48","23,955.92","23,815.76","650.88M","0.10%"
"12/02/2020","23,895.57","23,955.22","23,973.20","23,709.93","778.48M","-0.58%"
"12/01/2020","24,033.98","24,101.82","24,134.58","23,931.93","1.06B","0.30%"
"11/30/2020","23,962.70","24,134.83","24,264.95","23,962.70","942.64M","-1.27%"
"11/27/2020","24,270.63","24,091.59","24,301.59","24,086.63","790.99M","0.62%"
"11/26/2020","24,121.41","24,311.99","24,311.99","24,121.41","790.07M","-0.42%"
"11/25/2020","24,222.72","24,197.16","24,261.16","23,960.99","1.06B","0.68%"
"11/24/2020","24,060.20","23,899.39","24,061.51","23,875.76","1.48B","1.97%"
"11/23/2020","23,594.39","23,779.16","23,913.56","23,594.39","1.17B","-0.04%"
"11/20/2020","23,603.76","23,403.04","23,667.57","23,380.81","1.20B","0.84%"
"11/19/2020","23,408.17","23,357.03","23,562.49","23,296.12","1.72B","-0.37%"
"11/18/2020","23,495.79","23,276.72","23,524.33","23,224.28","1.33B","0.86%"
"11/17/2020","23,294.73","23,168.45","23,355.47","23,109.13","1.06B","0.52%"
"11/16/2020","23,175.03","22,965.50","23,285.72","22,841.10","926.75M","1.99%"
"11/13/2020","22,723.26","22,523.53","22,785.28","22,523.53","593.86M","0.41%"
"11/12/2020","22,631.37","22,644.34","22,778.09","22,519.41","797.33M","-0.81%"
"11/11/2020","22,816.71","22,750.99","22,873.69","22,628.25","837.81M","0.78%"
"11/10/2020","22,640.96","22,553.44","22,710.31","22,365.05","1.17B","0.51%"
"11/09/2020","22,525.29","21,760.21","22,715.67","21,718.92","1.59B","5.19%"
"11/06/2020","21,414.86","21,423.16","21,562.12","21,210.25","645.97M","-0.21%"
"11/05/2020","21,460.86","21,187.41","21,518.42","21,185.04","746.67M","1.94%"
"11/04/2020","21,053.20","20,334.31","21,084.08","20,244.88","788.63M","1.90%"
"11/03/2020","20,660.33","20,204.10","20,660.33","20,186.10","1.05B","2.97%"
"11/02/2020","20,064.30","19,625.77","20,070.51","19,443.29","741.13M","2.43%"
"10/30/2020","19,588.69","19,318.28","19,620.07","19,304.24","647.59M","0.40%"
"10/29/2020","19,510.99","19,609.56","19,728.68","19,264.47","795.55M","-0.15%"
"10/28/2020","19,540.97","20,008.34","20,051.27","19,481.85","989.97M","-4.07%"
"10/27/2020","20,370.59","20,737.62","20,737.62","20,361.10","736.39M","-1.48%"
"10/26/2020","20,676.89","20,697.75","20,952.27","20,654.18","1.09B","-1.78%"
"10/23/2020","21,050.96","20,858.13","21,139.30","20,858.13","665.98M","0.95%"
"10/22/2020","20,853.79","20,886.00","20,946.63","20,628.10","553.79M","-0.15%"
"10/21/2020","20,886.00","21,331.04","21,331.04","20,882.91","674.31M","-1.86%"
"10/20/2020","21,282.48","21,116.15","21,373.25","21,038.09","630.38M","0.55%"
"10/19/2020","21,165.78","21,279.43","21,392.89","21,104.64","959.89M","-0.10%"
"10/16/2020","21,186.23","21,008.38","21,255.10","20,833.35","681.24M","1.53%"
"10/15/2020","20,867.39","21,223.66","21,223.66","20,758.21","937.98M","-2.75%"
"10/14/2020","21,456.59","21,418.74","21,576.30","21,350.60","1.39B","0.27%"
"10/13/2020","21,399.41","21,567.23","21,577.34","21,322.38","911.82M","-0.74%"
"10/12/2020","21,558.95","21,482.35","21,603.69","21,397.50","594.49M","0.56%"
"10/09/2020","21,439.43","21,439.28","21,528.59","21,316.07","537.21M","0.04%"
"10/08/2020","21,431.01","21,384.21","21,486.31","21,322.22","552.29M","0.70%"
"10/07/2020","21,281.77","21,246.34","21,312.71","21,202.44","685.68M","0.07%"
"10/06/2020","21,266.47","21,163.62","21,359.56","21,030.60","722.38M","0.82%"
"10/05/2020","21,093.66","21,047.80","21,097.18","20,930.55","636.51M","0.91%"
"10/02/2020","20,902.74","20,671.38","20,915.76","20,655.96","645.16M","-0.01%"
"10/01/2020","20,903.95","21,013.23","21,104.99","20,807.89","720.83M","0.26%"
"09/30/2020","20,850.20","20,721.41","20,984.37","20,709.84","610.69M","-0.19%"
"09/29/2020","20,889.71","20,960.89","21,061.41","20,817.74","447.86M","-0.48%"
"09/28/2020","20,991.36","20,770.92","21,010.51","20,728.12","691.95M","2.31%"
"09/25/2020","20,517.35","20,758.42","20,758.42","20,350.59","648.60M","-1.01%"
"09/24/2020","20,726.88","20,486.60","20,924.69","20,476.15","704.65M","-0.21%"
"09/23/2020","20,770.10","20,900.31","21,063.94","20,768.12","1.06B","0.32%"
"09/22/2020","20,704.72","20,763.11","20,908.08","20,617.69","745.33M","0.49%"
"09/21/2020","20,604.62","21,256.28","21,275.81","20,589.96","912.52M","-3.55%"
"09/18/2020","21,362.22","21,524.31","21,639.17","21,350.29","1.05B","-0.99%"
"09/17/2020","21,576.11","21,489.00","21,648.65","21,477.53","1.08B","-1.07%"
"09/16/2020","21,809.10","21,829.26","21,880.27","21,645.27","1.06B","0.01%"
"09/15/2020","21,807.50","21,686.13","21,886.54","21,556.48","1.20B","0.75%"
"09/14/2020","21,646.15","21,803.74","21,825.01","21,579.45","880.72M","-0.15%"
"09/11/2020","21,678.23","21,640.11","21,732.79","21,550.11","600.83M","0.06%"
"09/10/2020","21,664.61","21,646.16","21,817.72","21,538.57","1.16B","0.18%"
"09/09/2020","21,625.69","21,200.33","21,646.44","21,200.33","1.04B","1.94%"
"09/08/2020","21,213.60","21,646.22","21,646.22","21,019.10","1.68B","-1.67%"
"09/07/2020","21,574.23","21,352.50","21,593.34","21,305.81","1.33B","1.74%"
"09/04/2020","21,204.47","21,295.57","21,617.26","21,064.33","1.83B","-0.84%"
"09/03/2020","21,384.90","21,849.20","21,989.89","21,300.32","1.42B","-1.40%"
"09/02/2020","21,688.82","21,530.76","21,865.31","21,497.69","1.15B","1.30%"
"09/01/2020","21,409.80","21,606.49","21,703.41","21,252.74","2.50B","-0.24%"
"08/31/2020","21,462.34","21,804.28","21,914.84","21,451.90","1.90B","-0.94%"
"08/28/2020","21,667.08","21,775.95","21,813.12","21,499.82","1.68B","0.00%"
"08/27/2020","21,667.00","21,958.08","21,958.08","21,667.00","1.25B","-1.36%"
"08/26/2020","21,964.91","21,796.44","21,964.91","21,762.96","419.03M","0.51%"
"08/25/2020","21,852.44","22,094.16","22,209.25","21,852.44","434.45M","-0.45%"
"08/24/2020","21,951.99","21,742.62","21,973.63","21,728.70","377.14M","1.98%"
"08/21/2020","21,526.69","21,681.04","21,693.10","21,294.89","373.42M","-0.34%"
"08/20/2020","21,601.13","21,666.20","21,758.11","21,547.99","335.49M","-1.38%"
"08/19/2020","21,902.60","21,673.24","21,902.60","21,575.01","304.02M","0.99%"
"08/18/2020","21,687.09","21,691.67","22,013.20","21,557.28","362.60M","-0.48%"
"08/17/2020","21,791.83","21,950.10","21,975.85","21,692.59","374.85M","-0.41%"
"08/14/2020","21,882.50","22,024.06","22,040.42","21,659.20","457.55M","-1.09%"
"08/13/2020","22,124.17","22,234.97","22,332.82","22,124.17","434.38M","-0.77%"
"08/12/2020","22,294.97","22,018.31","22,312.33","21,994.70","497.84M","1.06%"
"08/11/2020","22,061.41","21,700.69","22,154.08","21,700.69","640.06M","2.60%"
"08/10/2020","21,502.74","21,404.43","21,516.92","21,288.48","373.20M","0.69%"
"08/07/2020","21,356.16","21,268.61","21,405.10","21,071.49","460.75M","0.24%"
"08/06/2020","21,305.67","21,532.16","21,666.80","21,174.67","791.33M","-1.24%"
"08/05/2020","21,572.91","21,594.21","21,720.63","21,459.24","683.37M","0.60%"
"08/04/2020","21,443.43","21,349.88","21,477.30","21,185.43","706.08M","1.19%"
"08/03/2020","21,190.25","20,941.56","21,207.66","20,724.74","513.62M","1.44%"
"07/31/2020","20,889.29","21,127.14","21,324.33","20,889.27","609.52M","-0.55%"
"07/30/2020","21,004.67","21,725.60","21,765.54","20,886.66","727.07M","-3.02%"
"07/29/2020","21,659.25","21,635.45","21,713.66","21,481.38","462.34M","0.00%"
"07/28/2020","21,658.56","21,780.18","21,878.65","21,446.80","432.30M","-0.55%"
"07/27/2020","21,778.76","21,816.30","21,936.83","21,669.76","488.80M","-0.34%"
"07/24/2020","21,853.67","21,945.06","22,025.08","21,739.80","526.55M","-1.83%"
"07/23/2020","22,260.91","22,473.06","22,490.68","22,168.66","491.81M","-0.66%"
"07/22/2020","22,409.28","22,497.87","22,598.11","22,303.74","557.65M","-0.54%"
"07/21/2020","22,531.21","22,709.74","22,963.18","22,513.86","848.29M","0.50%"
"07/20/2020","22,419.92","22,131.29","22,474.12","22,022.59","654.92M","0.82%"
"07/17/2020","22,237.66","22,215.51","22,237.66","22,069.61","540.99M","0.35%"
"07/16/2020","22,159.84","21,996.55","22,187.71","21,962.07","716.43M","0.39%"
"07/15/2020","22,074.37","21,826.54","22,152.00","21,769.15","742.57M","1.93%"
"07/14/2020","21,656.38","21,592.89","21,677.15","21,453.69","544.59M","-0.67%"
"07/13/2020","21,803.34","21,859.60","21,859.60","21,527.33","552.17M","1.14%"
"07/10/2020","21,557.32","21,179.73","21,557.32","21,179.73","412.47M","1.25%"
"07/09/2020","21,291.32","21,791.29","21,805.18","21,287.65","441.68M","-1.86%"
"07/08/2020","21,694.48","21,694.97","21,884.74","21,624.86","495.38M","-0.45%"
"07/07/2020","21,793.49","21,725.03","21,849.25","21,625.98","457.35M","-0.11%"
"07/06/2020","21,816.52","21,917.69","22,022.53","21,711.25","585.34M","1.38%"
"07/03/2020","21,519.26","21,735.04","21,762.84","21,417.39","402.82M","-0.73%"
"07/02/2020","21,677.48","21,301.83","21,771.84","21,260.70","778.05M","2.77%"
"07/01/2020","21,092.28","21,223.04","21,223.04","20,756.67","612.92M","-0.22%"
"06/30/2020","21,139.31","21,287.58","21,302.20","20,984.29","589.03M","-0.36%"
"06/29/2020","21,215.01","20,923.63","21,311.77","20,869.12","616.18M","1.57%"
"06/26/2020","20,886.14","21,208.08","21,325.56","20,886.14","508.67M","-0.50%"
"06/25/2020","20,991.90","20,863.93","21,079.13","20,630.46","700.95M","0.39%"
"06/24/2020","20,911.02","21,560.15","21,677.61","20,911.02","714.34M","-3.26%"
"06/23/2020","21,616.56","21,389.77","21,662.46","21,318.05","777.12M","1.83%"
"06/22/2020","21,228.88","21,155.01","21,435.56","21,060.06","594.99M","-0.69%"
"06/19/2020","21,375.79","21,372.88","21,506.05","21,348.31","1.28B","0.57%"
"06/18/2020","21,254.48","21,320.86","21,578.99","21,085.12","808.50M","-0.42%"
"06/17/2020","21,344.90","21,446.08","21,650.93","21,238.23","756.25M","-0.23%"
"06/16/2020","21,394.39","21,140.75","21,645.14","21,052.27","1.19B","3.34%"
"06/15/2020","20,703.25","20,025.36","20,798.94","20,025.36","671.40M","0.39%"
"06/12/2020","20,623.42","20,300.07","20,914.73","20,276.43","924.37M","0.41%"
"06/11/2020","20,539.62","21,004.35","21,120.31","20,539.62","1.23B","-4.66%"
"06/10/2020","21,544.18","21,912.86","21,997.63","21,490.86","1.06B","-0.91%"
"06/09/2020","21,741.46","22,091.13","22,113.66","21,487.49","1.07B","-1.45%"
"06/08/2020","22,060.85","21,961.97","22,233.77","21,871.02","1.18B","0.24%"
"06/05/2020","22,007.64","21,709.79","22,012.61","21,680.16","1.25B","2.68%"
"06/04/2020","21,432.54","21,294.86","21,647.02","21,172.58","1.13B","0.10%"
"06/03/2020","21,410.27","20,968.86","21,410.27","20,948.66","1.14B","3.26%"
"06/02/2020","20,734.30","20,418.62","20,814.34","20,310.12","766.38M","2.32%"
"06/01/2020","20,264.79","20,194.38","20,275.23","19,972.20","671.80M","1.61%"
"05/29/2020","19,943.74","19,919.72","20,128.54","19,889.58","1.12B","-0.65%"
"05/28/2020","20,073.22","19,783.12","20,139.37","19,764.21","1.02B","2.40%"
"05/27/2020","19,603.30","19,550.16","19,921.81","19,417.27","1.04B","0.29%"
"05/26/2020","19,545.72","19,461.82","19,580.33","19,386.73","758.42M","1.48%"
"05/25/2020","19,259.72","19,075.88","19,259.72","18,939.40","442.03M","1.69%"
"05/22/2020","18,940.57","18,516.82","19,004.12","18,434.60","645.79M","1.27%"
"05/21/2020","18,703.47","18,594.99","18,899.97","18,563.74","600.59M","-0.59%"
"05/20/2020","18,814.71","18,601.38","18,849.05","18,256.46","940.02M","0.95%"
"05/19/2020","18,638.29","19,210.52","19,230.41","18,536.00","1.04B","-2.05%"
"05/18/2020","19,027.48","18,592.36","19,070.21","18,554.41","515.79M","3.11%"
"05/15/2020","18,453.81","18,652.38","18,722.49","18,398.07","435.40M","-0.05%"
"05/14/2020","18,462.38","18,689.95","18,793.86","18,149.79","573.64M","-1.78%"
"05/13/2020","18,797.41","18,974.14","19,052.60","18,797.41","475.46M","-1.93%"
"05/12/2020","19,167.08","19,036.08","19,221.43","19,036.08","444.72M","0.81%"
"05/11/2020","19,012.53","19,247.74","19,327.15","18,942.21","444.76M","-0.32%"
"05/08/2020","19,074.45","19,046.09","19,096.10","18,888.47","362.68M","1.14%"
"05/07/2020","18,860.09","18,891.46","18,999.32","18,720.53","606.70M","0.39%"
"05/06/2020","18,787.43","19,007.78","19,140.75","18,780.41","492.62M","-1.18%"
"05/05/2020","19,010.90","18,936.26","19,046.90","18,731.32","664.57M","1.79%"
"05/04/2020","18,676.70","18,816.42","18,998.29","18,676.70","682.77M","-3.46%"
"04/30/2020","19,345.75","19,872.71","19,963.92","19,302.97","1.04B","-1.90%"
"04/29/2020","19,720.45","19,279.29","19,724.74","19,275.72","751.22M","2.00%"
"04/28/2020","19,333.41","19,087.23","19,594.96","19,074.24","820.76M","1.60%"
"04/27/2020","19,028.30","18,961.60","19,028.30","18,825.15","525.72M","2.88%"
"04/24/2020","18,495.28","18,288.80","18,797.08","18,288.80","495.59M","-0.81%"
"04/23/2020","18,645.74","18,573.24","18,774.26","18,410.95","527.74M","1.30%"
"04/22/2020","18,405.57","18,271.71","18,407.56","18,224.11","464.96M","1.70%"
"04/21/2020","18,098.25","18,463.11","18,572.85","18,098.25","538.65M","-3.28%"
"04/20/2020","18,711.26","18,786.98","18,800.14","18,426.11","442.25M","0.18%"
"04/17/2020","18,677.04","18,778.01","18,935.21","18,585.84","592.23M","1.68%"
"04/16/2020","18,368.73","18,592.30","18,771.67","18,338.16","609.41M","0.31%"
"04/15/2020","18,312.13","19,090.39","19,162.61","18,312.13","746.89M","-4.52%"
"04/14/2020","19,179.27","19,445.85","19,449.10","19,121.45","639.85M","-0.17%"
"04/09/2020","19,212.87","19,269.11","19,353.18","18,952.85","765.04M","1.36%"
"04/08/2020","18,955.05","18,774.22","18,978.95","18,760.03","631.86M","0.00%"
"04/07/2020","18,955.84","19,138.87","19,457.48","18,738.48","980.21M","2.10%"
"04/06/2020","18,565.97","18,327.49","18,588.76","18,327.49","737.10M","3.70%"
"04/03/2020","17,903.74","18,293.43","18,321.00","17,903.74","696.43M","-2.53%"
"04/02/2020","18,368.40","18,185.41","18,406.84","17,953.96","727.76M","1.68%"
"04/01/2020","18,064.77","18,127.35","18,369.41","18,001.49","655.96M","-2.72%"
"03/31/2020","18,569.64","18,609.25","18,807.46","18,222.42","954.38M","1.18%"
"03/30/2020","18,353.18","18,352.12","18,415.04","17,780.77","649.66M","0.26%"
"03/27/2020","18,306.22","18,536.84","18,770.46","18,125.48","744.86M","-2.89%"
"03/26/2020","18,850.84","18,328.17","18,850.84","18,289.60","849.58M","0.94%"
"03/25/2020","18,675.86","18,741.09","19,334.42","18,036.00","1.17B","1.48%"
"03/24/2020","18,403.36","17,462.88","18,403.36","17,462.88","1.09B","8.33%"
"03/23/2020","16,988.54","16,733.23","17,217.80","16,509.50","959.76M","-1.07%"
"03/20/2020","17,171.55","17,209.93","17,628.87","17,047.73","1.50B","1.85%"
"03/19/2020","16,859.82","16,814.38","17,240.13","16,438.49","1.27B","2.27%"
"03/18/2020","16,486.21","16,372.27","16,785.57","16,149.48","992.76M","-1.17%"
"03/17/2020","16,680.56","16,850.34","17,238.59","16,065.72","1.40B","1.96%"
"03/16/2020","16,360.04","17,130.96","17,130.96","15,498.19","1.54B","-6.06%"
"03/13/2020","17,415.07","16,562.71","19,056.77","16,562.71","1.75B","6.93%"
"03/12/2020","16,286.37","19,128.70","19,128.70","16,286.37","1.91B","-16.40%"
"03/11/2020","19,480.78","19,769.55","19,998.61","19,226.41","1.20B","0.22%"
"03/10/2020","19,438.13","20,294.57","20,826.86","19,363.45","1.46B","-3.32%"
"03/09/2020","20,105.88","22,428.56","22,428.56","19,966.63","1.64B","-10.75%"
"03/06/2020","22,526.70","22,730.62","22,889.48","22,335.89","1.27B","-3.40%"
"03/05/2020","23,320.20","23,868.41","23,890.51","23,133.00","1.05B","-1.92%"
"03/04/2020","23,777.79","23,619.02","24,074.98","23,360.18","1.06B","0.64%"
"03/03/2020","23,625.54","24,002.98","24,239.60","23,546.66","1.04B","0.47%"
"03/02/2020","23,514.49","24,273.12","24,297.15","22,968.63","1.23B","-1.64%"
"02/28/2020","23,907.05","23,986.20","24,274.77","23,629.09","1.32B","-3.47%"
"02/27/2020","24,767.22","24,984.06","25,073.31","24,432.70","991.50M","-2.67%"
"02/26/2020","25,445.97","24,961.41","25,620.48","24,611.58","981.40M","1.40%"
"02/25/2020","25,094.36","25,602.27","25,650.56","25,042.36","910.20M","-1.34%"
"02/24/2020","25,434.49","25,952.55","26,017.68","25,260.93","1.40B","-5.50%"
"02/21/2020","26,915.99","27,156.59","27,295.48","26,816.93","932.11M","-1.24%"
"02/20/2020","27,255.25","27,618.73","27,622.87","27,255.25","1.00B","-1.52%"
"02/19/2020","27,675.06","27,531.98","27,679.37","27,455.98","718.51M","1.02%"
"02/18/2020","27,394.27","27,163.81","27,567.78","27,156.07","1.13B","0.36%"
"02/17/2020","27,294.70","27,109.37","27,294.70","27,052.84","608.28M","1.09%"
"02/14/2020","27,000.45","27,065.47","27,116.91","26,972.26","594.87M","-0.02%"
"02/13/2020","27,004.71","26,885.92","27,004.71","26,690.45","735.62M","0.10%"
"02/12/2020","26,977.06","26,834.79","27,007.52","26,834.79","687.17M","0.71%"
"02/11/2020","26,786.60","26,695.66","26,857.13","26,613.20","668.93M","0.79%"
"02/10/2020","26,575.50","26,514.40","26,667.70","26,469.07","571.77M","0.08%"
"02/07/2020","26,553.56","26,560.65","26,615.05","26,441.15","663.48M","-0.11%"
"02/06/2020","26,582.33","26,453.25","26,610.84","26,442.53","859.07M","0.94%"
"02/05/2020","26,333.48","25,908.10","26,375.98","25,827.41","713.28M","1.55%"
"02/04/2020","25,932.51","25,651.09","25,992.32","25,617.62","671.78M","1.62%"
"02/03/2020","25,518.21","25,348.79","25,527.07","25,272.73","504.96M","0.89%"
"01/31/2020","25,293.57","25,957.11","25,960.90","25,270.82","852.46M","-2.24%"
"01/30/2020","25,873.17","26,007.38","26,094.14","25,782.49","649.28M","-1.58%"
"01/29/2020","26,287.60","26,164.04","26,314.88","26,081.82","589.44M","0.60%"
"01/28/2020","26,130.14","25,647.19","26,130.14","25,535.53","651.66M","2.43%"
"01/27/2020","25,510.26","25,839.06","26,098.22","25,480.88","698.86M","-2.32%"
"01/24/2020","26,115.61","25,999.90","26,237.24","25,999.90","592.27M","1.01%"
"01/23/2020","25,854.82","25,879.16","26,055.31","25,763.60","550.48M","-0.06%"
"01/22/2020","25,870.59","26,062.74","26,076.78","25,844.68","622.19M","-0.55%"
"01/21/2020","26,014.82","26,037.48","26,037.48","25,808.47","533.93M","-0.65%"
"01/20/2020","26,184.78","26,202.15","26,265.83","26,147.13","455.53M","-0.44%"
"01/17/2020","26,300.93","26,188.38","26,326.24","26,167.59","563.35M","0.83%"
"01/16/2020","26,084.98","26,012.44","26,111.83","25,903.88","513.05M","0.67%"
"01/15/2020","25,912.01","26,055.00","26,083.38","25,866.70","676.67M","-0.63%"
"01/14/2020","26,077.11","26,086.23","26,099.50","25,855.84","656.98M","0.11%"
"01/13/2020","26,047.91","26,206.49","26,206.49","25,978.30","1.34B","-0.42%"
"01/10/2020","26,156.61","26,202.16","26,276.39","26,099.22","770.29M","0.01%"
"01/09/2020","26,152.96","26,079.70","26,204.10","26,074.41","689.57M","0.89%"
"01/08/2020","25,923.15","25,626.90","25,985.68","25,551.78","649.56M","0.44%"
"01/07/2020","25,810.51","25,767.62","25,879.66","25,724.32","433.03M","0.60%"
"01/06/2020","25,656.19","25,671.18","25,698.30","25,323.56","517.19M","-0.61%"
"01/03/2020","25,813.04","25,855.77","25,895.08","25,623.15","638.99M","-0.64%"
"01/02/2020","25,980.07","25,735.14","26,005.42","25,712.12","649.77M","1.37%"
"12/30/2019","25,628.94","25,847.43","25,866.31","25,628.94","378.50M","-1.01%"
"12/27/2019","25,890.37","26,000.77","26,025.84","25,866.68","373.26M","-0.52%"
"12/23/2019","26,025.22","26,046.52","26,066.81","25,974.45","323.20M","-0.38%"
"12/20/2019","26,124.34","25,962.33","26,124.34","25,962.33","924.87M","1.12%"
"12/19/2019","25,835.16","25,778.86","25,837.76","25,708.72","492.01M","0.29%"
"12/18/2019","25,761.25","25,795.21","25,881.22","25,760.80","441.08M","-0.08%"
"12/17/2019","25,781.18","25,685.44","25,860.73","25,630.87","435.61M","0.42%"
"12/16/2019","25,673.44","25,588.95","25,701.30","25,536.75","385.71M","0.77%"
"12/13/2019","25,478.22","25,893.83","25,895.56","25,420.78","650.18M","-0.31%"
"12/12/2019","25,556.29","25,398.09","25,658.51","25,327.33","551.16M","0.92%"
"12/11/2019","25,322.14","25,264.63","25,368.88","25,201.20","441.15M","0.13%"
"12/10/2019","25,288.72","25,102.68","25,308.81","24,945.65","469.20M","0.66%"
"12/09/2019","25,123.87","25,390.98","25,406.12","25,015.60","457.09M","-0.93%"
"12/06/2019","25,359.14","25,235.01","25,392.20","25,132.11","469.48M","0.83%"
"12/05/2019","25,149.40","25,227.05","25,374.77","25,124.42","459.12M","-0.23%"
"12/04/2019","25,206.88","24,896.54","25,218.16","24,891.97","552.43M","1.25%"
"12/03/2019","24,895.19","25,018.91","25,179.75","24,740.49","753.39M","-0.05%"
"12/02/2019","24,907.12","25,499.85","25,622.75","24,879.76","632.92M","-2.19%"
"11/29/2019","25,464.05","25,465.36","25,628.95","25,404.17","541.91M","-0.31%"
"11/28/2019","25,544.01","25,592.44","25,671.32","25,452.36","375.82M","-0.49%"
"11/27/2019","25,669.57","25,767.48","25,824.39","25,637.64","518.72M","-0.09%"
"11/26/2019","25,692.72","25,569.70","25,707.10","25,467.72","661.60M","0.59%"
"11/25/2019","25,543.02","25,472.13","25,575.25","25,471.45","414.55M","0.81%"
"11/22/2019","25,337.61","25,383.31","25,540.63","25,333.10","508.30M","-0.01%"
"11/21/2019","25,340.48","25,258.65","25,430.01","25,155.81","632.80M","-0.31%"
"11/20/2019","25,418.34","25,287.43","25,448.66","25,209.24","556.45M","0.10%"
"11/19/2019","25,393.66","25,585.78","25,731.87","25,365.27","528.35M","-0.52%"
"11/18/2019","25,526.14","25,646.54","25,687.24","25,412.49","510.93M","-0.53%"
"11/15/2019","25,661.79","25,665.84","25,700.69","25,524.98","528.55M","0.47%"
"11/14/2019","25,542.26","25,641.68","25,704.37","25,539.79","576.39M","-0.41%"
"11/13/2019","25,646.51","25,758.47","25,788.99","25,489.83","568.65M","-0.78%"
"11/12/2019","25,848.00","25,591.14","25,888.85","25,586.76","648.71M","1.27%"
"11/11/2019","25,523.93","25,469.60","25,546.56","25,420.54","502.99M","-0.10%"
"11/08/2019","25,549.63","25,501.28","25,583.28","25,374.01","781.39M","0.11%"
"11/07/2019","25,521.24","25,504.23","25,604.14","25,454.53","674.58M","0.51%"
"11/06/2019","25,391.90","25,390.53","25,428.78","25,319.40","586.92M","0.05%"
"11/05/2019","25,380.17","25,356.08","25,446.77","25,298.94","656.79M","0.24%"
"11/04/2019","25,319.07","25,036.27","25,355.19","25,029.86","614.91M","1.58%"
"11/01/2019","24,926.35","24,712.19","24,939.13","24,706.89","364.68M","1.04%"
"10/31/2019","24,670.06","24,626.63","24,751.49","24,548.47","535.36M","0.23%"
"10/30/2019","24,612.29","24,687.30","24,763.79","24,432.51","544.70M","-0.21%"
"10/29/2019","24,663.20","24,686.47","24,728.98","24,592.79","471.93M","-0.06%"
"10/28/2019","24,676.88","24,578.67","24,728.86","24,503.29","357.79M","0.37%"
"10/25/2019","24,586.96","24,529.15","24,586.96","24,444.24","316.24M","0.36%"
"10/24/2019","24,498.91","24,430.44","24,523.16","24,376.43","507.68M","0.70%"
"10/23/2019","24,328.03","24,362.67","24,429.00","24,268.12","469.44M","-0.60%"
"10/22/2019","24,475.38","24,478.96","24,512.03","24,335.92","446.70M","0.11%"
"10/21/2019","24,449.04","24,325.17","24,468.15","24,324.20","490.90M","0.64%"
"10/18/2019","24,294.21","24,383.97","24,434.47","24,269.11","545.20M","-0.24%"
"10/17/2019","24,353.71","24,346.47","24,636.80","24,342.31","606.62M","-0.16%"
"10/16/2019","24,391.65","24,346.05","24,478.73","24,246.94","702.83M","0.30%"
"10/15/2019","24,318.88","24,200.62","24,356.69","24,126.19","600.04M","1.11%"
"10/14/2019","24,052.36","24,056.26","24,105.69","23,938.83","387.93M","-0.25%"
"10/11/2019","24,111.50","23,765.89","24,111.50","23,708.40","667.77M","1.82%"
"10/10/2019","23,680.71","23,478.42","23,687.93","23,343.59","521.37M","0.97%"
"10/09/2019","23,453.54","23,337.19","23,559.55","23,287.95","418.97M","0.54%"
"10/08/2019","23,327.45","23,606.61","23,614.92","23,254.66","411.28M","-1.06%"
"10/07/2019","23,578.02","23,363.61","23,578.02","23,300.45","372.39M","0.81%"
"10/04/2019","23,388.80","23,281.88","23,388.80","23,168.34","526.27M","0.75%"
"10/03/2019","23,214.44","23,212.17","23,368.90","23,029.04","537.46M","0.01%"
"10/02/2019","23,211.48","23,816.18","23,834.45","23,211.48","779.30M","-2.76%"
"10/01/2019","23,871.00","24,140.12","24,254.79","23,871.00","599.47M","-0.81%"
"09/30/2019","24,066.07","23,954.49","24,087.21","23,884.91","460.42M","0.44%"
"09/27/2019","23,961.46","23,965.99","23,972.52","23,855.73","433.87M","0.29%"
"09/26/2019","23,891.22","23,723.85","23,948.28","23,713.94","410.81M","0.74%"
"09/25/2019","23,715.91","23,738.77","23,743.77","23,414.42","584.58M","-0.54%"
"09/24/2019","23,844.32","23,896.83","23,934.85","23,837.29","487.12M","0.04%"
"09/23/2019","23,835.51","24,050.81","24,070.63","23,768.15","491.29M","-1.02%"
"09/20/2019","24,080.87","24,153.39","24,235.42","24,077.96","753.40M","-0.03%"
"09/19/2019","24,089.12","23,919.07","24,120.83","23,885.64","568.46M","0.79%"
"09/18/2019","23,899.57","23,740.70","23,958.13","23,730.22","429.54M","0.60%"
"09/17/2019","23,755.93","23,922.64","23,943.85","23,729.70","612.59M","-0.72%"
"09/16/2019","23,928.75","24,089.48","24,092.65","23,848.11","611.11M","-0.91%"
"09/13/2019","24,147.91","24,065.43","24,191.25","24,018.30","672.04M","0.54%"
"09/12/2019","24,017.47","23,911.60","24,078.16","23,791.88","793.26M","0.84%"
"09/11/2019","23,817.83","23,907.68","23,958.94","23,711.73","709.78M","0.16%"
"09/10/2019","23,779.03","23,874.79","23,898.67","23,733.66","613.26M","-0.51%"
"09/09/2019","23,900.77","23,897.94","23,938.40","23,838.23","464.34M","0.28%"
"09/06/2019","23,834.79","23,859.36","23,894.67","23,744.23","529.34M","-0.05%"
"09/05/2019","23,845.81","23,738.53","23,845.81","23,683.01","600.17M","0.97%"
"09/04/2019","23,617.54","23,526.33","23,658.49","23,497.30","572.04M","1.55%"
"09/03/2019","23,256.87","23,307.48","23,357.85","23,175.46","551.17M","-0.25%"
"09/02/2019","23,315.15","23,250.80","23,433.12","23,250.80","382.27M","0.59%"
"08/30/2019","23,179.46","23,272.38","23,428.79","23,114.45","533.52M","-0.37%"
"08/29/2019","23,265.27","22,877.01","23,301.16","22,832.85","793.07M","1.85%"
"08/28/2019","22,843.69","22,855.95","22,866.93","22,693.83","592.05M","-0.08%"
"08/27/2019","22,863.06","22,601.25","22,923.11","22,531.44","480.01M","1.43%"
"08/26/2019","22,541.25","22,351.98","22,585.09","22,236.40","388.83M","0.87%"
"08/23/2019","22,346.69","22,857.10","22,857.58","22,346.69","492.30M","-1.59%"
"08/22/2019","22,708.03","22,689.07","22,945.26","22,665.10","474.78M","-0.15%"
"08/21/2019","22,742.49","22,440.48","22,808.09","22,440.48","401.86M","1.70%"
"08/20/2019","22,363.25","22,547.93","22,595.04","22,330.48","407.15M","-1.01%"
"08/19/2019","22,592.12","22,351.42","22,603.16","22,332.68","474.68M","1.92%"
"08/16/2019","22,167.22","21,920.29","22,189.82","21,853.02","636.84M","1.43%"
"08/14/2019","21,854.66","22,381.22","22,381.22","21,769.57","545.82M","-2.39%"
"08/13/2019","22,389.49","22,045.88","22,441.06","21,904.36","620.87M","1.22%"
"08/12/2019","22,119.59","22,324.16","22,439.78","22,105.79","433.26M","-0.36%"
"08/09/2019","22,199.89","22,429.59","22,504.48","22,175.84","791.75M","-2.49%"
"08/08/2019","22,767.79","22,660.24","22,767.79","22,524.15","505.50M","1.36%"
"08/07/2019","22,462.20","22,588.12","22,730.44","22,321.85","592.54M","-0.34%"
"08/06/2019","22,539.28","22,736.58","22,838.03","22,539.28","483.04M","-0.67%"
"08/05/2019","22,691.83","22,795.13","22,866.27","22,603.31","560.29M","-1.18%"
"08/02/2019","22,962.64","23,079.78","23,219.67","22,960.67","590.86M","-2.27%"
"08/01/2019","23,496.38","23,234.11","23,536.68","23,231.95","490.28M","0.75%"
"07/31/2019","23,322.57","23,217.38","23,347.73","23,188.58","569.77M","0.56%"
"07/30/2019","23,193.66","23,640.01","23,640.01","23,160.63","632.90M","-1.93%"
"07/29/2019","23,651.11","23,738.33","23,814.31","23,651.11","437.50M","-0.57%"
"07/26/2019","23,786.79","23,848.86","23,848.86","23,708.46","606.50M","-0.23%"
"07/25/2019","23,841.39","24,104.74","24,302.91","23,712.19","775.28M","-0.75%"
"07/24/2019","24,022.53","23,936.37","24,029.24","23,874.13","602.46M","0.55%"
"07/23/2019","23,890.88","23,762.00","23,945.60","23,741.61","500.15M","0.93%"
"07/22/2019","23,671.34","23,541.69","23,681.33","23,522.01","424.24M","0.43%"
"07/19/2019","23,569.98","24,134.47","24,136.26","23,553.78","691.69M","-1.91%"
"07/18/2019","24,028.89","23,907.27","24,132.26","23,886.30","567.32M","-0.03%"
"07/17/2019","24,036.23","24,125.90","24,199.96","23,994.30","863.64M","-0.56%"
"07/16/2019","24,170.90","24,123.41","24,237.40","24,041.31","861.15M","0.13%"
"07/15/2019","24,138.39","24,210.65","24,308.70","24,094.55","518.93M","-0.07%"
"07/12/2019","24,154.16","24,160.32","24,232.77","24,150.70","530.31M","0.04%"
"07/11/2019","24,144.62","24,129.35","24,241.74","24,105.02","519.22M","0.51%"
"07/10/2019","24,021.20","23,864.59","24,160.64","23,853.98","489.36M","0.71%"
"07/09/2019","23,851.11","23,906.77","23,973.13","23,784.49","457.24M","-0.41%"
"07/08/2019","23,949.94","23,925.81","24,039.03","23,884.89","502.40M","-0.07%"
"07/05/2019","23,965.78","24,121.04","24,132.33","23,910.58","640.41M","-0.59%"
"07/04/2019","24,108.53","23,927.05","24,163.08","23,906.29","698.32M","1.01%"
"07/03/2019","23,867.00","23,366.70","23,873.13","23,359.05","752.17M","2.25%"
"07/02/2019","23,341.45","23,260.60","23,380.72","23,185.49","461.16M","0.66%"
"07/01/2019","23,189.55","23,395.54","23,412.92","23,189.55","468.10M","0.13%"
"06/28/2019","23,159.34","23,050.33","23,173.60","23,005.75","488.55M","0.59%"
"06/27/2019","23,022.58","23,051.57","23,111.83","22,906.05","455.72M","0.25%"
"06/26/2019","22,965.49","22,991.77","23,147.51","22,925.63","488.80M","-0.30%"
"06/25/2019","23,033.45","23,142.77","23,202.63","23,019.29","464.46M","-0.73%"
"06/24/2019","23,201.98","23,253.28","23,411.74","23,186.70","481.69M","-0.53%"
"06/21/2019","23,324.65","23,321.99","23,457.35","23,271.59","1.05B","0.10%"
"06/20/2019","23,302.15","23,291.17","23,444.38","23,291.17","728.55M","0.64%"
"06/19/2019","23,153.39","23,069.59","23,177.99","22,998.16","652.13M","0.40%"
"06/18/2019","23,060.68","22,556.81","23,083.12","22,430.12","706.87M","2.28%"
"06/17/2019","22,547.55","22,596.40","22,658.44","22,530.94","441.67M","0.01%"
"06/14/2019","22,545.75","22,532.35","22,578.92","22,468.62","384.79M","-0.15%"
"06/13/2019","22,580.13","22,391.16","22,609.56","22,337.77","445.02M","0.78%"
"06/12/2019","22,405.92","22,448.18","22,497.05","22,377.11","422.92M","-0.71%"
"06/11/2019","22,566.44","22,445.47","22,665.46","22,437.87","546.50M","0.59%"
"06/10/2019","22,433.09","22,406.55","22,440.79","22,291.22","416.79M","0.61%"
"06/07/2019","22,297.16","22,177.22","22,392.39","22,169.68","484.69M","0.89%"
"06/06/2019","22,100.07","22,068.43","22,326.93","22,001.28","538.29M","0.11%"
"06/05/2019","22,076.43","22,129.86","22,191.47","21,960.98","555.01M","-0.24%"
"06/04/2019","22,129.86","21,678.97","22,144.95","21,649.54","581.38M","1.65%"
"06/03/2019","21,770.39","21,580.61","21,773.08","21,486.99","454.18M","0.30%"
"05/31/2019","21,704.33","21,634.60","21,734.59","21,439.15","561.75M","-0.69%"
"05/30/2019","21,855.69","21,973.94","22,071.35","21,788.23","396.50M","-0.18%"
"05/29/2019","21,895.78","21,998.75","22,010.40","21,822.21","503.90M","-1.25%"
"05/28/2019","22,172.23","22,265.43","22,272.45","21,999.63","826.93M","-0.45%"
"05/27/2019","22,273.51","22,344.69","22,595.62","22,209.31","395.33M","-0.10%"
"05/24/2019","22,296.32","22,171.47","22,387.29","22,159.02","543.70M","1.16%"
"05/23/2019","22,040.94","22,350.57","22,391.04","22,028.04","645.33M","-2.01%"
"05/22/2019","22,494.12","22,571.99","22,659.05","22,415.03","517.69M","-0.53%"
"05/21/2019","22,614.26","22,544.03","22,625.24","22,493.72","581.73M","0.79%"
"05/20/2019","22,436.60","22,658.06","22,822.83","22,389.93","698.42M","-2.58%"
"05/17/2019","23,030.25","23,080.36","23,089.76","22,905.56","641.65M","-0.20%"
"05/16/2019","23,076.12","22,761.09","23,076.12","22,688.65","637.30M","1.30%"
"05/15/2019","22,780.63","22,838.85","22,838.85","22,468.08","740.69M","-0.18%"
"05/14/2019","22,822.15","22,622.98","22,822.15","22,578.10","629.34M","1.38%"
"05/13/2019","22,511.79","22,869.58","22,869.58","22,503.93","856.24M","-1.45%"
"05/10/2019","22,841.96","22,986.01","23,037.10","22,807.05","494.55M","0.23%"
"05/09/2019","22,789.76","23,114.33","23,114.33","22,767.19","676.91M","-1.82%"
"05/08/2019","23,211.07","23,217.03","23,270.64","23,040.43","590.30M","-0.08%"
"05/07/2019","23,230.23","23,465.43","23,588.19","23,182.51","646.62M","-0.83%"
"05/06/2019","23,425.42","23,358.19","23,496.71","23,262.53","505.99M","-1.64%"
"05/03/2019","23,815.63","23,776.64","23,864.77","23,721.47","442.94M","0.19%"
"05/02/2019","23,771.30","23,902.59","23,959.61","23,739.02","546.16M","-0.69%"
"04/30/2019","23,936.68","23,824.40","23,948.04","23,809.06","501.24M","0.39%"
"04/29/2019","23,843.26","23,816.72","23,891.92","23,704.92","447.35M","0.25%"
"04/26/2019","23,783.02","23,784.56","23,813.91","23,637.44","434.20M","0.06%"
"04/25/2019","23,767.76","23,746.37","23,830.63","23,704.42","366.29M","-0.01%"
"04/24/2019","23,769.78","23,891.54","23,938.62","23,709.81","616.72M","-0.74%"
"04/23/2019","23,946.00","23,989.54","24,002.84","23,859.30","549.90M","-0.24%"
"04/18/2019","24,003.80","24,039.24","24,067.96","23,827.69","646.07M","-0.19%"
"04/17/2019","24,048.83","23,998.23","24,103.49","23,955.57","712.22M","0.28%"
"04/16/2019","23,981.27","23,982.04","24,050.56","23,868.51","622.51M","0.11%"
"04/15/2019","23,954.02","23,963.86","24,055.43","23,898.52","719.95M","0.18%"
"04/12/2019","23,910.69","23,728.92","23,965.70","23,685.70","868.24M","0.75%"
"04/11/2019","23,733.35","23,744.19","23,814.33","23,519.06","954.94M","0.08%"
"04/10/2019","23,713.62","23,738.95","23,805.53","23,663.82","811.80M","-0.04%"
"04/09/2019","23,723.36","23,830.61","23,968.25","23,670.62","685.65M","-0.52%"
"04/08/2019","23,846.21","23,844.18","23,877.07","23,770.64","676.03M","0.07%"
"04/05/2019","23,828.75","23,818.76","23,899.66","23,751.37","600.27M","0.25%"
"04/04/2019","23,769.07","23,762.89","23,806.54","23,702.44","772.03M","-0.22%"
"04/03/2019","23,821.25","23,698.39","23,832.29","23,670.18","730.62M","1.10%"
"04/02/2019","23,562.05","23,569.93","23,610.38","23,483.24","584.13M","0.03%"
"04/01/2019","23,555.49","23,436.44","23,583.74","23,380.37","661.12M","1.04%"
"03/29/2019","23,313.77","23,226.13","23,322.64","23,104.74","877.26M","0.95%"
"03/28/2019","23,095.19","23,181.27","23,232.62","23,051.61","511.10M","-0.49%"
"03/27/2019","23,208.44","23,209.22","23,449.79","23,038.99","662.53M","0.22%"
"03/26/2019","23,157.37","23,121.40","23,199.31","22,995.87","447.61M","0.40%"
"03/25/2019","23,064.82","23,028.90","23,232.23","22,933.63","483.36M","-0.15%"
"03/22/2019","23,098.34","23,503.72","23,503.72","23,069.31","688.39M","-1.34%"
"03/21/2019","23,412.32","23,380.76","23,476.30","23,295.10","453.37M","0.23%"
"03/20/2019","23,358.43","23,405.70","23,517.64","23,358.43","505.21M","-0.51%"
"03/19/2019","23,477.23","23,315.50","23,519.98","23,272.75","656.37M","0.88%"
"03/18/2019","23,271.40","23,131.46","23,289.12","23,129.85","607.63M","0.81%"
"03/15/2019","23,085.02","23,000.12","23,158.57","22,922.15","916.96M","0.70%"
"03/14/2019","22,924.91","22,806.97","23,012.36","22,805.31","634.02M","0.61%"
"03/13/2019","22,785.80","22,642.89","22,794.98","22,640.64","563.03M","0.49%"
"03/12/2019","22,675.74","22,787.67","22,787.67","22,575.48","620.30M","0.01%"
"03/11/2019","22,674.47","22,647.40","22,686.67","22,515.26","487.06M","0.60%"
"03/08/2019","22,539.25","22,623.10","22,730.28","22,437.45","615.63M","-0.97%"
"03/07/2019","22,760.86","22,913.07","23,085.09","22,661.87","846.10M","-0.78%"
"03/06/2019","22,938.83","22,801.51","22,992.52","22,749.60","660.06M","0.68%"
"03/05/2019","22,783.12","22,777.44","22,886.39","22,726.52","595.49M","0.03%"
"03/04/2019","22,776.62","22,870.89","22,906.60","22,687.76","497.45M","0.19%"
"03/01/2019","22,734.08","22,837.08","22,874.97","22,734.08","566.83M","0.21%"
"02/28/2019","22,686.91","22,431.04","22,705.52","22,431.04","749.22M","0.79%"
"02/27/2019","22,509.70","22,426.78","22,578.21","22,418.25","683.91M","0.15%"
"02/26/2019","22,475.53","22,391.36","22,520.28","22,351.05","637.08M","0.10%"
"02/25/2019","22,453.66","22,442.76","22,505.10","22,419.43","794.68M","0.79%"
"02/22/2019","22,277.00","22,185.00","22,303.71","22,185.00","545.36M","0.37%"
"02/21/2019","22,195.52","22,303.12","22,336.77","22,139.45","592.01M","-0.42%"
"02/20/2019","22,290.00","22,255.29","22,300.29","22,144.20","556.41M","0.36%"
"02/19/2019","22,209.88","22,307.77","22,365.55","22,115.41","531.02M","-0.56%"
"02/18/2019","22,334.18","22,228.15","22,348.31","22,227.07","609.07M","0.59%"
"02/15/2019","22,204.24","21,786.21","22,262.66","21,776.93","885.30M","1.76%"
"02/14/2019","21,821.27","22,056.76","22,066.44","21,800.19","614.32M","-0.64%"
"02/13/2019","21,961.32","21,847.49","22,028.80","21,817.90","544.19M","0.87%"
"02/12/2019","21,772.14","21,683.00","21,826.68","21,629.21","526.88M","1.16%"
"02/11/2019","21,522.16","21,364.79","21,628.82","21,359.41","550.71M","1.15%"
"02/08/2019","21,276.80","21,402.33","21,535.01","21,191.97","591.81M","-0.68%"
"02/07/2019","21,423.12","21,907.54","21,971.57","21,423.12","801.98M","-2.46%"
"02/06/2019","21,963.29","21,727.85","21,981.64","21,721.96","584.21M","0.78%"
"02/05/2019","21,793.13","21,604.57","21,804.92","21,531.39","699.78M","1.09%"
"02/04/2019","21,557.52","21,513.75","21,609.96","21,441.96","616.51M","0.17%"
"02/01/2019","21,520.27","21,712.95","21,808.97","21,305.63","726.22M","-0.77%"
"01/31/2019","21,686.66","21,823.57","21,871.79","21,491.27","1.31B","-0.19%"
"01/30/2019","21,728.83","21,690.63","21,728.83","21,633.97","523.82M","0.32%"
"01/29/2019","21,660.12","21,547.27","21,727.26","21,513.81","506.94M","0.47%"
"01/28/2019","21,558.16","21,697.30","21,739.95","21,514.87","466.14M","-0.98%"
"01/25/2019","21,770.74","21,630.86","21,786.90","21,619.63","539.26M","1.18%"
"01/24/2019","21,516.15","21,357.90","21,621.38","21,326.39","646.28M","0.81%"
"01/23/2019","21,343.47","21,282.88","21,494.57","21,201.87","641.02M","-0.11%"
"01/22/2019","21,367.26","21,459.54","21,524.94","21,347.58","782.29M","-0.95%"
"01/21/2019","21,572.79","21,551.68","21,574.58","21,480.61","503.16M","-0.35%"
"01/18/2019","21,647.72","21,568.47","21,669.28","21,488.47","917.23M","1.17%"
"01/17/2019","21,396.57","21,283.66","21,442.23","21,242.36","478.83M","-0.04%"
"01/16/2019","21,405.03","21,174.87","21,405.03","21,165.34","609.73M","1.52%"
"01/15/2019","21,083.89","21,225.08","21,295.90","20,930.79","662.21M","0.03%"
"01/14/2019","21,076.83","21,094.07","21,154.96","20,928.62","563.00M","-0.65%"
"01/11/2019","21,215.17","21,296.47","21,310.10","21,114.94","636.79M","-0.03%"
"01/10/2019","21,221.49","21,021.51","21,221.49","20,959.34","586.59M","0.56%"
"01/09/2019","21,103.34","21,067.11","21,229.14","21,049.54","596.10M","0.95%"
"01/08/2019","20,905.01","20,882.67","21,104.08","20,824.19","604.10M","0.22%"
"01/07/2019","20,858.51","20,811.07","20,872.62","20,692.38","500.78M","0.67%"
"01/04/2019","20,718.93","20,250.29","20,718.93","20,250.29","744.60M","3.13%"
"01/03/2019","20,089.99","20,052.72","20,290.01","20,003.76","681.20M","-0.43%"
"01/02/2019","20,176.62","20,013.30","20,251.67","19,770.38","441.09M","0.14%"
"12/28/2018","20,148.24","20,012.28","20,200.77","19,966.89","1.07B","1.51%"
"12/27/2018","19,848.73","20,147.23","20,160.34","19,699.54","1.08B","-1.71%"
"12/21/2018","20,194.89","20,227.11","20,273.64","20,070.02","1.88B","-0.84%"
"12/20/2018","20,366.21","20,474.09","20,555.86","20,366.21","1.09B","-1.84%"
"12/19/2018","20,747.78","20,602.08","20,828.59","20,602.08","1.38B","1.56%"
"12/18/2018","20,428.93","20,373.50","20,582.08","20,347.74","1.32B","-0.25%"
"12/17/2018","20,479.86","20,732.99","20,732.99","20,442.90","663.20M","-1.26%"
"12/14/2018","20,740.61","20,714.80","20,798.76","20,562.96","1.03B","-0.72%"
"12/13/2018","20,891.83","20,940.67","21,061.20","20,803.30","762.77M","0.50%"
"12/12/2018","20,787.82","20,490.93","20,866.48","20,451.63","1.16B","1.87%"
"12/11/2018","20,406.46","20,378.93","20,595.29","20,241.96","776.32M","0.83%"
"12/10/2018","20,238.12","20,440.22","20,545.64","20,220.96","669.81M","-1.75%"
"12/07/2018","20,597.68","20,650.69","20,818.51","20,597.68","616.63M","0.49%"
"12/06/2018","20,496.44","21,014.83","21,014.83","20,433.79","1.09B","-3.38%"
"12/05/2018","21,213.03","21,041.15","21,287.70","20,990.68","691.12M","-0.19%"
"12/04/2018","21,254.03","21,494.44","21,517.80","21,254.03","961.02M","-1.26%"
"12/03/2018","21,525.70","21,476.90","21,567.83","21,421.42","1.52B","2.22%"
"11/30/2018","21,057.99","21,102.28","21,105.79","20,947.77","997.62M","0.11%"
"11/29/2018","21,035.43","21,172.92","21,220.86","20,931.02","759.47M","0.22%"
"11/28/2018","20,988.92","21,063.46","21,122.57","20,962.19","2.82B","-0.14%"
"11/27/2018","21,017.63","21,122.31","21,190.69","20,968.21","1.01B","-0.41%"
"11/26/2018","21,103.66","20,883.21","21,184.75","20,883.21","1.54B","2.68%"
"11/23/2018","20,553.71","20,431.41","20,606.39","20,431.41","1.26B","0.70%"
"11/22/2018","20,410.82","20,453.50","20,577.89","20,316.43","1.14B","-0.57%"
"11/21/2018","20,528.44","20,459.12","20,584.59","20,310.51","928.39M","1.24%"
"11/20/2018","20,276.27","20,602.04","20,645.37","20,263.53","1.33B","-1.93%"
"11/19/2018","20,674.30","20,799.23","21,023.94","20,674.30","1.44B","-0.37%"
"11/16/2018","20,752.08","20,916.61","20,983.43","20,641.41","1.62B","-0.15%"
"11/15/2018","20,782.29","21,066.68","21,133.13","20,629.03","1.40B","-0.92%"
"11/14/2018","20,976.05","20,937.03","21,169.11","20,761.77","3.20B","-0.83%"
"11/13/2018","21,150.75","21,025.76","21,185.99","20,859.41","1.94B","0.82%"
"11/12/2018","20,979.08","21,299.13","21,328.79","20,979.08","586.25M","-1.13%"
"11/09/2018","21,217.99","21,262.35","21,294.33","21,093.31","1.46B","-0.80%"
"11/08/2018","21,388.90","21,555.27","21,608.54","21,344.06","1.27B","-0.58%"
"11/07/2018","21,513.13","21,333.33","21,571.29","21,333.33","1.45B","1.42%"
"11/06/2018","21,210.98","21,273.51","21,273.51","21,015.91","1.00B","-0.11%"
"11/05/2018","21,233.84","21,357.17","21,357.17","21,233.16","751.91M","-0.54%"
"11/02/2018","21,348.12","21,316.40","21,493.59","21,292.98","1.11B","1.12%"
"11/01/2018","21,112.53","20,940.11","21,223.43","20,902.64","645.87M","0.64%"
"10/31/2018","20,977.36","21,095.83","21,162.37","20,938.98","906.94M","0.29%"
"10/30/2018","20,915.75","21,012.73","21,104.23","20,763.25","873.09M","-0.28%"
"10/29/2018","20,975.51","20,832.61","21,161.53","20,749.62","1.22B","1.99%"
"10/26/2018","20,565.89","20,626.15","20,626.15","20,309.38","1.64B","-0.76%"
"10/25/2018","20,723.43","20,309.27","20,744.93","20,287.00","1.13B","1.71%"
"10/24/2018","20,375.53","20,787.34","20,838.74","20,375.53","1.12B","-1.57%"
"10/23/2018","20,699.53","20,712.40","20,885.71","20,618.55","901.13M","-1.04%"
"10/22/2018","20,916.54","21,368.18","21,447.85","20,880.94","1.03B","-0.61%"
"10/19/2018","21,045.42","21,004.08","21,159.54","20,696.09","1.67B","-0.14%"
"10/18/2018","21,074.33","21,407.59","21,603.30","21,074.33","903.37M","-1.74%"
"10/17/2018","21,447.62","21,796.48","21,928.47","21,379.65","1.02B","-1.26%"
"10/16/2018","21,720.93","21,305.71","21,731.49","21,214.38","1.48B","2.25%"
"10/15/2018","21,243.74","21,211.04","21,302.27","21,148.40","1.12B","-0.01%"
"10/12/2018","21,245.34","21,503.38","21,564.20","21,245.34","1.67B","-0.35%"
"10/11/2018","21,319.76","21,395.40","21,635.22","21,319.76","2.07B","-1.80%"
"10/10/2018","21,711.45","21,951.28","22,161.52","21,711.45","1.46B","-1.71%"
"10/09/2018","22,088.21","21,981.40","22,164.47","21,706.46","1.40B","0.85%"
"10/08/2018","21,901.98","22,273.95","22,277.49","21,849.65","1.17B","-2.47%"
"10/05/2018","22,455.54","22,741.43","22,752.34","22,431.64","1.20B","-1.45%"
"10/04/2018","22,784.79","22,895.78","22,948.27","22,756.41","954.29M","-0.58%"
"10/03/2018","22,917.70","23,006.93","23,056.66","22,758.00","1.49B","0.77%"
"10/02/2018","22,741.72","22,581.03","22,840.11","22,398.46","1.37B","-0.35%"
"10/01/2018","22,820.67","22,817.67","23,300.75","22,765.66","1.86B","-0.42%"
"09/28/2018","22,917.54","23,522.72","23,522.72","22,705.09","2.03B","-3.51%"
"09/27/2018","23,751.00","23,753.84","23,789.62","23,446.85","1.17B","-0.60%"
"09/26/2018","23,894.68","23,910.07","23,939.17","23,830.29","1.64B","-0.12%"
"09/25/2018","23,924.43","23,659.50","23,924.43","23,659.50","2.26B","1.34%"
"09/24/2018","23,606.95","23,721.18","23,760.07","23,598.43","2.20B","-0.88%"
"09/21/2018","23,816.60","23,832.18","23,940.80","23,749.46","1.31B","0.60%"
"09/20/2018","23,674.89","23,593.41","23,773.42","23,589.30","2.00B","0.42%"
"09/19/2018","23,576.00","23,526.81","23,619.31","23,381.84","807.12M","0.25%"
"09/18/2018","23,518.18","23,404.14","23,518.18","23,312.63","622.44M","0.54%"
"09/17/2018","23,391.19","23,109.84","23,429.49","23,085.70","698.23M","0.97%"
"09/14/2018","23,165.92","23,228.29","23,237.33","23,055.61","538.91M","0.20%"
"09/13/2018","23,119.47","23,174.01","23,328.98","23,100.75","718.75M","-0.49%"
"09/12/2018","23,234.36","23,163.52","23,240.03","22,916.91","711.12M","0.52%"
"09/11/2018","23,114.22","23,280.91","23,287.57","22,984.90","726.44M","-0.29%"
"09/10/2018","23,181.83","22,695.49","23,259.57","22,659.28","1.07B","2.15%"
"09/07/2018","22,694.19","22,798.19","22,844.00","22,542.59","780.56M","-0.30%"
"09/06/2018","22,763.37","22,801.83","22,997.50","22,726.44","755.05M","-0.24%"
"09/05/2018","22,817.89","22,805.75","23,115.72","22,736.87","1.26B","-0.04%"
"09/04/2018","22,826.46","22,743.11","22,886.90","22,608.74","1.18B","0.87%"
"09/03/2018","22,628.60","22,483.39","22,641.14","22,478.89","509.11M","0.63%"
"08/31/2018","22,486.58","22,736.43","22,739.83","22,469.17","980.72M","-1.02%"
"08/30/2018","22,718.29","22,948.45","23,006.21","22,718.29","572.91M","-1.16%"
"08/29/2018","22,985.10","22,835.66","22,985.10","22,720.68","564.84M","0.62%"
"08/28/2018","22,844.15","23,082.35","23,088.04","22,783.42","654.96M","-0.85%"
"08/27/2018","23,038.93","23,022.93","23,042.21","22,825.26","462.91M","0.28%"
"08/24/2018","22,974.17","22,875.32","23,013.88","22,875.32","651.01M","0.52%"
"08/23/2018","22,855.03","22,942.26","22,983.43","22,799.53","505.20M","-0.40%"
"08/22/2018","22,946.60","22,957.93","23,080.41","22,910.48","532.42M","-0.34%"
"08/21/2018","23,025.22","22,671.05","23,069.78","22,666.50","556.48M","1.51%"
"08/20/2018","22,683.49","22,683.52","22,769.20","22,581.54","468.18M","0.28%"
"08/17/2018","22,620.60","22,722.05","22,791.68","22,449.85","619.65M","-0.54%"
"08/16/2018","22,742.58","23,015.53","23,107.40","22,690.88","718.07M","-1.70%"
"08/14/2018","23,136.73","23,338.93","23,370.14","23,085.87","855.29M","-0.29%"
"08/13/2018","23,203.09","23,189.63","23,299.66","22,999.95","644.99M","-0.61%"
"08/10/2018","23,344.61","23,660.77","23,709.74","23,212.11","944.99M","-2.34%"
"08/09/2018","23,903.19","24,041.41","24,079.12","23,847.21","713.79M","-0.63%"
"08/08/2018","24,055.48","24,120.69","24,223.70","24,028.52","1.21B","-0.24%"
"08/07/2018","24,112.76","23,921.33","24,150.70","23,919.73","963.93M","1.14%"
"08/06/2018","23,840.55","23,859.66","23,897.17","23,725.93","1.88B","0.02%"
"08/03/2018","23,835.24","23,728.74","23,951.68","23,576.18","1.09B","0.72%"
"08/02/2018","23,664.97","23,945.81","23,968.81","23,582.55","977.63M","-1.73%"
"08/01/2018","24,080.59","24,499.95","24,499.95","24,080.59","1.76B","-1.66%"
"07/31/2018","24,485.91","24,203.12","24,519.71","24,203.12","1.95B","1.16%"
"07/30/2018","24,205.78","24,130.11","24,232.19","24,123.71","791.87M","-0.03%"
"07/27/2018","24,212.19","24,073.71","24,233.78","24,073.71","986.18M","0.44%"
"07/26/2018","24,105.62","23,916.33","24,115.88","23,916.33","777.31M","1.38%"
"07/25/2018","23,776.74","24,055.50","24,156.98","23,763.57","777.48M","-1.28%"
"07/24/2018","24,083.81","23,970.03","24,117.22","23,956.71","900.66M","1.09%"
"07/23/2018","23,823.74","23,874.84","24,012.39","23,777.13","1.01B","-0.87%"
"07/20/2018","24,032.30","24,010.37","24,100.14","23,838.74","642.25M","-0.40%"
"07/19/2018","24,129.46","24,217.58","24,310.91","24,046.43","595.50M","-0.38%"
"07/18/2018","24,220.58","24,291.69","24,296.25","24,139.49","474.72M","0.04%"
"07/17/2018","24,211.04","24,038.43","24,230.83","23,976.57","547.39M","0.70%"
"07/16/2018","24,042.25","24,101.00","24,293.94","24,042.25","503.76M","-0.25%"
"07/13/2018","24,101.40","24,086.34","24,169.52","24,019.24","733.16M","0.45%"
"07/12/2018","23,992.27","23,945.76","24,044.52","23,771.04","693.25M","0.41%"
"07/11/2018","23,893.65","24,100.14","24,110.14","23,863.92","855.91M","-1.54%"
"07/10/2018","24,267.00","24,286.86","24,404.65","24,121.20","770.14M","0.08%"
"07/09/2018","24,246.47","24,257.99","24,308.25","24,160.26","671.92M","0.43%"
"07/06/2018","24,142.68","24,191.84","24,222.92","24,031.87","646.44M","0.13%"
"07/05/2018","24,110.66","23,941.28","24,225.77","23,941.28","629.50M","1.04%"
"07/04/2018","23,862.27","23,939.90","23,967.00","23,844.20","557.55M","-0.45%"
"07/03/2018","23,970.76","23,745.14","24,023.62","23,653.81","994.11M","1.49%"
"07/02/2018","23,618.18","23,599.88","23,723.77","23,352.82","585.85M","-0.88%"
"06/29/2018","23,827.21","23,898.45","24,038.08","23,780.29","716.54M","0.89%"
"06/28/2018","23,616.10","23,618.11","23,826.54","23,471.28","700.44M","-0.55%"
"06/27/2018","23,746.50","23,622.61","23,932.01","23,350.34","1.10B","0.45%"
"06/26/2018","23,641.00","23,733.05","23,800.37","23,533.61","609.83M","0.21%"
"06/25/2018","23,590.67","23,985.06","24,009.06","23,590.67","574.43M","-2.26%"
"06/22/2018","24,136.45","23,968.90","24,197.13","23,956.75","523.42M","1.02%"
"06/21/2018","23,893.72","24,438.03","24,477.37","23,858.77","568.83M","-1.90%"
"06/20/2018","24,357.64","24,518.18","24,569.37","24,349.76","681.14M","0.15%"
"06/19/2018","24,320.39","24,024.19","24,412.06","23,936.32","611.52M","-0.06%"
"06/18/2018","24,333.84","24,346.48","24,439.64","24,183.65","502.11M","-0.42%"
"06/15/2018","24,436.60","24,772.71","24,772.71","24,414.78","902.31M","-1.25%"
"06/14/2018","24,746.07","24,349.66","24,775.45","24,204.57","821.44M","1.17%"
"06/13/2018","24,460.86","24,401.53","24,599.53","24,345.03","758.44M","0.44%"
"06/12/2018","24,352.93","24,425.41","24,572.87","24,215.49","774.52M","0.17%"
"06/11/2018","24,311.78","23,982.64","24,364.65","23,946.86","1.13B","3.22%"
"06/08/2018","23,553.67","23,724.61","23,865.98","23,500.22","775.25M","-1.85%"
"06/07/2018","23,998.41","24,197.08","24,317.61","23,921.83","721.12M","-0.17%"
"06/06/2018","24,039.13","24,046.13","24,110.27","23,632.41","927.58M","0.27%"
"06/05/2018","23,973.72","24,156.17","24,406.08","23,973.72","836.46M","-1.02%"
"06/04/2018","24,219.63","24,556.12","24,583.88","24,125.42","780.60M","-0.33%"
"06/01/2018","24,299.10","24,412.00","24,616.60","24,212.28","1.44B","1.54%"
"05/31/2018","23,929.59","24,007.15","24,250.01","23,738.24","1.68B","0.10%"
"05/30/2018","23,905.82","23,559.03","23,977.90","23,393.85","1.40B","2.07%"
"05/29/2018","23,421.92","23,688.18","23,771.63","23,203.51","2.19B","-2.71%"
"05/28/2018","24,075.53","24,826.56","25,056.32","23,957.26","2.25B","-2.13%"
"05/25/2018","24,600.58","25,006.25","25,042.14","24,402.41","1.41B","-1.41%"
"05/24/2018","24,952.64","25,185.07","25,355.83","24,828.63","940.59M","-0.59%"
"05/23/2018","25,101.20","25,270.91","25,270.91","24,929.82","1.15B","-1.26%"
"05/22/2018","25,421.64","25,335.77","25,497.29","25,229.80","1.08B","0.54%"
"05/21/2018","25,285.83","25,288.60","25,640.02","25,152.74","1.06B","-1.40%"
"05/18/2018","25,644.75","26,160.88","26,160.88","25,582.10","1.49B","-1.54%"
"05/17/2018","26,046.60","26,087.27","26,246.15","25,853.21","921.46M","0.27%"
"05/16/2018","25,976.89","26,466.85","26,505.39","25,869.13","1.24B","-2.29%"
"05/15/2018","26,586.35","26,463.04","26,661.39","26,463.04","771.04M","0.15%"
"05/14/2018","26,546.49","26,489.43","26,546.49","26,272.79","789.23M","0.22%"
"05/11/2018","26,488.30","26,444.82","26,494.82","26,279.58","1.87B","0.52%"
"05/10/2018","26,350.89","26,614.73","26,656.83","26,184.42","1.10B","-0.91%"
"05/09/2018","26,592.98","26,536.83","26,732.72","26,536.83","1.27B","0.50%"
"05/08/2018","26,461.89","26,829.70","26,855.85","26,252.58","1.33B","-1.57%"
"05/07/2018","26,884.96","26,684.85","26,890.99","26,610.96","735.18M","0.84%"
"05/04/2018","26,661.08","26,493.07","26,661.08","26,472.98","985.46M","1.07%"
"05/03/2018","26,379.57","26,541.89","26,580.86","26,339.87","705.11M","-0.74%"
"05/02/2018","26,574.93","26,289.11","26,614.66","26,281.28","920.95M","1.22%"
"04/30/2018","26,255.00","26,216.93","26,300.31","26,096.09","780.15M","0.22%"
"04/27/2018","26,198.14","26,260.01","26,313.60","26,072.59","1.02B","-0.36%"
"04/26/2018","26,293.00","26,114.75","26,293.00","26,062.79","1.06B","0.89%"
"04/25/2018","26,061.80","26,193.57","26,284.15","25,932.77","799.40M","-0.93%"
"04/24/2018","26,307.31","26,180.01","26,339.18","26,180.01","1.12B","0.32%"
"04/23/2018","26,223.84","26,017.45","26,223.84","26,002.30","889.10M","0.62%"
"04/20/2018","26,063.14","26,038.48","26,186.93","25,932.63","737.03M","0.17%"
"04/19/2018","26,019.58","26,024.09","26,075.55","25,933.68","756.86M","0.01%"
"04/18/2018","26,015.74","25,941.31","26,061.13","25,855.93","806.33M","0.47%"
"04/17/2018","25,894.94","25,647.15","25,924.40","25,627.32","1.09B","1.29%"
"04/16/2018","25,565.89","25,576.20","25,656.79","25,535.08","528.40M","0.00%"
"04/13/2018","25,566.29","25,559.15","25,672.98","25,516.96","781.79M","0.11%"
"04/12/2018","25,537.51","25,250.42","25,566.91","25,239.20","1.32B","1.18%"
"04/11/2018","25,240.08","25,381.82","25,454.91","25,181.04","1.22B","-0.73%"
"04/10/2018","25,425.04","25,419.30","25,446.42","25,290.70","1.14B","0.49%"
"04/09/2018","25,299.95","25,256.72","25,384.67","25,192.53","1.04B","0.44%"
"04/06/2018","25,189.09","25,181.28","25,256.02","25,111.52","1.25B","-0.10%"
"04/05/2018","25,213.44","24,977.80","25,225.81","24,964.83","1.10B","2.19%"
"04/04/2018","24,672.33","24,770.97","24,781.13","24,435.22","660.49M","-0.33%"
"04/03/2018","24,754.91","24,536.04","24,805.89","24,458.42","671.91M","0.38%"
"03/29/2018","24,661.36","24,611.32","24,810.62","24,561.03","836.59M","0.42%"
"03/28/2018","24,558.78","24,252.24","24,558.78","24,145.96","980.59M","0.41%"
"03/27/2018","24,458.10","24,584.64","24,647.40","24,416.73","697.70M","0.91%"
"03/26/2018","24,237.60","24,608.28","24,608.28","24,148.17","594.72M","-1.22%"
"03/23/2018","24,535.92","24,369.07","24,611.40","24,186.64","1.21B","-0.42%"
"03/22/2018","24,640.59","24,956.41","25,096.57","24,454.28","1.39B","-1.76%"
"03/21/2018","25,082.53","25,121.16","25,140.61","24,942.07","1.46B","0.01%"
"03/20/2018","25,079.93","24,932.43","25,122.06","24,887.95","1.56B","0.66%"
"03/19/2018","24,916.22","25,120.11","25,148.79","24,882.23","3.75B","-0.87%"
"03/16/2018","25,135.16","25,091.14","25,225.58","24,984.12","1.48B","0.50%"
"03/15/2018","25,010.05","24,824.53","25,030.42","24,737.41","1.00B","1.14%"
"03/14/2018","24,728.24","24,992.41","25,090.23","24,680.13","1.25B","-1.05%"
"03/13/2018","24,991.27","25,111.36","25,193.24","24,892.15","1.85B","-0.31%"
"03/12/2018","25,069.69","25,185.46","25,194.77","25,011.25","1.60B","0.13%"
"03/09/2018","25,037.81","24,969.35","25,062.86","24,887.97","1.57B","0.21%"
"03/08/2018","24,984.70","24,742.22","25,048.35","24,654.94","1.10B","1.17%"
"03/07/2018","24,694.66","24,347.95","24,742.16","24,318.91","884.56M","1.16%"
"03/06/2018","24,412.12","24,185.55","24,492.00","24,150.52","1.32B","1.76%"
"03/05/2018","23,988.88","23,623.75","24,002.11","23,623.75","1.22B","-0.32%"
"03/02/2018","24,064.99","24,462.18","24,471.42","23,985.00","976.28M","-2.30%"
"03/01/2018","24,630.88","24,740.67","24,802.66","24,540.47","910.79M","-0.78%"
"02/28/2018","24,825.41","24,828.24","25,011.85","24,819.90","814.61M","-0.50%"
"02/27/2018","24,950.95","25,007.79","25,088.96","24,872.96","1.31B","-0.02%"
"02/26/2018","24,955.81","25,006.58","25,099.94","24,871.26","2.10B","0.25%"
"02/23/2018","24,893.60","24,708.66","24,931.23","24,634.03","918.13M","0.78%"
"02/22/2018","24,700.32","24,750.36","24,834.18","24,501.95","1.42B","-0.77%"
"02/21/2018","24,893.24","24,872.43","24,936.71","24,686.70","844.12M","-0.13%"
"02/20/2018","24,924.55","24,845.68","24,975.08","24,738.87","1.19B","0.38%"
"02/19/2018","24,829.43","25,134.46","25,140.34","24,829.43","2.47B","-0.96%"
"02/16/2018","25,070.82","24,967.91","25,076.03","24,884.02","955.60M","1.31%"
"02/15/2018","24,745.76","24,787.80","24,980.46","24,639.09","1.12B","0.29%"
"02/14/2018","24,673.16","24,408.94","24,721.96","24,120.23","1.53B","1.76%"
"02/13/2018","24,247.49","24,572.36","24,608.25","24,247.49","1.09B","-1.29%"
"02/12/2018","24,563.73","24,641.49","24,756.72","24,467.58","1.16B","0.68%"
"02/09/2018","24,398.70","24,582.22","24,813.26","24,288.33","2.00B","-1.29%"
"02/08/2018","24,717.55","25,185.60","25,298.54","24,652.79","1.92B","-2.29%"
"02/07/2018","25,296.46","24,897.74","25,318.07","24,691.23","1.81B","2.76%"
"02/06/2018","24,617.04","24,235.48","24,926.67","24,218.06","1.48B","-2.04%"
"02/05/2018","25,130.45","25,231.06","25,401.37","25,121.09","823.43M","-1.61%"
"02/02/2018","25,542.24","25,930.37","25,938.19","25,524.49","817.81M","-1.48%"
"02/01/2018","25,926.38","26,026.73","26,212.46","25,820.59","820.27M","0.13%"
"01/31/2018","25,893.67","25,889.15","25,998.58","25,798.24","1.10B","0.12%"
"01/30/2018","25,862.55","26,117.78","26,230.75","25,791.87","1.43B","-1.45%"
"01/29/2018","26,242.02","26,363.72","26,420.89","26,214.62","646.23M","-0.29%"
"01/26/2018","26,317.96","26,159.15","26,333.92","26,131.32","599.92M","0.64%"
"01/25/2018","26,151.86","26,056.57","26,261.42","26,029.45","882.52M","0.32%"
"01/24/2018","26,068.75","26,270.61","26,330.33","26,068.75","2.03B","-0.85%"
"01/23/2018","26,292.46","26,437.51","26,496.68","26,234.12","959.75M","-0.17%"
"01/22/2018","26,338.22","26,113.05","26,343.29","26,073.25","806.77M","0.61%"
"01/19/2018","26,179.35","26,039.41","26,289.56","26,019.49","1.09B","0.52%"
"01/18/2018","26,044.04","26,000.85","26,044.04","25,857.68","903.30M","0.43%"
"01/17/2018","25,932.60","25,785.44","25,978.64","25,775.47","2.26B","0.08%"
"01/16/2018","25,911.16","25,951.81","26,114.77","25,861.07","2.02B","-0.18%"
"01/15/2018","25,956.88","25,878.20","26,014.26","25,743.41","2.56B","0.43%"
"01/12/2018","25,845.71","25,842.85","25,886.49","25,757.23","891.75M","0.50%"
"01/11/2018","25,718.26","25,573.35","25,733.12","25,542.69","1.66B","0.58%"
"01/10/2018","25,570.28","25,415.50","25,583.76","25,367.79","1.62B","0.50%"
"01/09/2018","25,443.10","25,267.90","25,492.75","25,259.67","1.19B","0.72%"
"01/08/2018","25,260.47","25,275.68","25,304.38","25,110.07","675.56M","0.39%"
"01/05/2018","25,162.04","24,931.00","25,162.04","24,925.61","985.00M","1.07%"
"01/04/2018","24,896.43","24,375.19","24,958.22","24,375.19","1.01B","2.59%"
"01/03/2018","24,267.16","24,237.72","24,300.49","24,071.96","919.41M","0.34%"
"01/02/2018","24,186.08","24,243.63","24,286.17","23,938.94","696.66M","-0.02%"