Date,High,Low,Open,Close,Volume,Adj Close
2018-01-02,77909.0,76403.0,76403.0,77891.0,2880300.0,77891.0
2018-01-03,78414.0,77602.0,77889.0,77995.0,3142200.0,77995.0
2018-01-04,79135.0,77998.0,77998.0,78647.0,3486100.0,78647.0
2018-01-05,79071.0,78218.0,78644.0,79071.0,2747100.0,79071.0
2018-01-08,79395.0,78631.0,79070.0,79379.0,2550800.0,79379.0
2018-01-09,79415.0,78699.0,79379.0,78864.0,3458600.0,78864.0
2018-01-10,78864.0,78164.0,78864.0,78201.0,2759900.0,78201.0
2018-01-11,79365.0,78201.0,78201.0,79365.0,3409400.0,79365.0
2018-01-12,79440.0,78861.0,79365.0,79349.0,3577800.0,79349.0
2018-01-15,79847.0,79349.0,79349.0,79752.0,1941000.0,79752.0
2018-01-16,80246.0,79668.0,79751.0,79832.0,2982500.0,79832.0
2018-01-17,81189.0,79828.0,79832.0,81189.0,3341200.0,81189.0
2018-01-18,81367.0,80498.0,81185.0,80963.0,3429600.0,80963.0
2018-01-19,81429.0,80854.0,80965.0,81220.0,3123200.0,81220.0
2018-01-22,81675.0,80923.0,81220.0,81675.0,2693000.0,81675.0
2018-01-23,81676.0,80524.0,81676.0,80678.0,3711200.0,80678.0
2018-01-24,83680.0,80679.0,80679.0,83680.0,5503700.0,83680.0
2018-01-26,85531.0,83680.0,83680.0,85531.0,5410600.0,85531.0
2018-01-29,85531.0,84341.0,85531.0,84698.0,3889600.0,84698.0
2018-01-30,84697.0,83804.0,84697.0,84482.0,3566000.0,84482.0
2018-01-31,86213.0,84484.0,84485.0,84913.0,4233500.0,84913.0
2018-02-01,86028.0,84833.0,84913.0,85495.0,4085300.0,85495.0
2018-02-02,85495.0,83831.0,85495.0,84041.0,3376900.0,84041.0
2018-02-05,84311.0,81861.0,84040.0,81861.0,3253600.0,81861.0
2018-02-06,84162.0,80804.0,81857.0,83894.0,5599100.0,83894.0
2018-02-07,84410.0,82548.0,83894.0,82767.0,3886000.0,82767.0
2018-02-08,83501.0,81109.0,82773.0,81533.0,4011400.0,81533.0
2018-02-09,81897.0,79690.0,81532.0,80899.0,4283400.0,80899.0
2018-02-14,83782.0,80901.0,80901.0,83543.0,3910700.0,83543.0
2018-02-15,84686.0,83551.0,83551.0,84291.0,3489300.0,84291.0
2018-02-16,84575.0,83824.0,84291.0,84525.0,3475800.0,84525.0
2018-02-19,84956.0,84525.0,84525.0,84793.0,2088900.0,84793.0
2018-02-20,86290.0,84261.0,84792.0,85804.0,4078100.0,85804.0
2018-02-21,87358.0,85804.0,85804.0,86052.0,4815500.0,86052.0
2018-02-22,87159.0,86050.0,86050.0,86686.0,3535700.0,86686.0
2018-02-23,87345.0,86138.0,86690.0,87293.0,4178600.0,87293.0
2018-02-26,88318.0,87242.0,87296.0,87653.0,4047100.0,87653.0
2018-02-27,87839.0,86613.0,87649.0,86935.0,3534700.0,86935.0
2018-02-28,87109.0,85431.0,86939.0,85481.0,5947100.0,85481.0
2018-03-01,86260.0,84640.0,85337.0,85378.0,4341300.0,85378.0
2018-03-02,85761.0,83897.0,85378.0,85761.0,3884300.0,85761.0
2018-03-05,86165.0,85053.0,85292.0,86023.0,3425200.0,86023.0
2018-03-06,86931.0,85653.0,86023.0,85653.0,3608600.0,85653.0
2018-03-07,85653.0,84397.0,85653.0,85484.0,3456800.0,85484.0
2018-03-08,85830.0,84491.0,85510.0,84985.0,3694700.0,84985.0
2018-03-09,86389.0,84749.0,84987.0,86371.0,3481500.0,86371.0
2018-03-12,87046.0,86386.0,86386.0,86900.0,2602900.0,86900.0
2018-03-13,87333.0,86119.0,86902.0,86384.0,2735800.0,86384.0
2018-03-14,86970.0,85691.0,86383.0,86051.0,2561000.0,86051.0
2018-03-15,86051.0,84720.0,86051.0,84928.0,3840100.0,84928.0
2018-03-16,85495.0,84525.0,84928.0,84886.0,5446200.0,84886.0
2018-03-19,84886.0,83678.0,84886.0,83913.0,3330600.0,83913.0
2018-03-20,84412.0,83682.0,83919.0,84164.0,2682000.0,84164.0
2018-03-21,85145.0,84080.0,84166.0,84977.0,3260900.0,84977.0
2018-03-22,85499.0,84197.0,84984.0,84768.0,3241700.0,84768.0
2018-03-23,85450.0,84042.0,84766.0,84377.0,3176900.0,84377.0
2018-03-26,85553.0,84357.0,84377.0,85088.0,2355600.0,85088.0
2018-03-27,85296.0,83542.0,85103.0,83808.0,2948400.0,83808.0
2018-03-28,83889.0,82889.0,83806.0,83874.0,2911400.0,83874.0
2018-03-29,85708.0,83874.0,83874.0,85366.0,3150300.0,85366.0
2018-04-02,85675.0,84166.0,85365.0,84666.0,2598500.0,84666.0
2018-04-03,85411.0,84210.0,84669.0,84623.0,2579000.0,84623.0
2018-04-04,84610.0,82826.0,84610.0,84360.0,2948300.0,84360.0
2018-04-05,86148.0,84374.0,84374.0,85210.0,4257700.0,85210.0
2018-04-06,85210.0,83833.0,85210.0,84820.0,3069100.0,84820.0
2018-04-09,85110.0,83155.0,84832.0,83307.0,3174800.0,83307.0
2018-04-10,84538.0,83312.0,83312.0,84510.0,3518700.0,84510.0
2018-04-11,85417.0,84340.0,84494.0,85246.0,3370600.0,85246.0
2018-04-12,85577.0,85025.0,85246.0,85444.0,2837000.0,85444.0
2018-04-13,85441.0,84144.0,85441.0,84334.0,3504200.0,84334.0
2018-04-16,84591.0,82762.0,84328.0,82862.0,2913400.0,82862.0
2018-04-17,84191.0,82810.0,82862.0,84086.0,2628600.0,84086.0
2018-04-18,86149.0,84090.0,84090.0,85776.0,4196900.0,85776.0
2018-04-19,86059.0,85197.0,85775.0,85824.0,3522500.0,85824.0
2018-04-20,85823.0,85025.0,85823.0,85550.0,2990100.0,85550.0
2018-04-23,85746.0,84711.0,85520.0,85602.0,2426000.0,85602.0
2018-04-24,86578.0,85106.0,85603.0,85469.0,2845000.0,85469.0
2018-04-25,85466.0,84349.0,85466.0,85044.0,3218400.0,85044.0
2018-04-26,86383.0,85051.0,85051.0,86383.0,3138000.0,86383.0
2018-04-27,87179.0,86262.0,86383.0,86445.0,0.0,86445.0
2018-04-30,86739.0,85979.0,86443.0,86115.0,2181000.0,86115.0
2018-05-02,86111.0,84383.0,86111.0,84547.0,3720600.0,84547.0
2018-05-03,84562.0,83178.0,84547.0,83288.0,3977800.0,83288.0
2018-05-04,83671.0,82746.0,83286.0,83118.0,3472900.0,83118.0
2018-05-07,83643.0,82602.0,83199.0,82714.0,2843000.0,82714.0
2018-05-08,83409.0,82201.0,82715.0,82956.0,3949500.0,82956.0
2018-05-09,84447.0,82855.0,82977.0,84265.0,4695400.0,84265.0
2018-05-10,86201.0,84284.0,84284.0,85861.0,4611100.0,85861.0
2018-05-11,86406.0,85183.0,85861.0,85220.0,4379700.0,85220.0
2018-05-14,86105.0,84688.0,85222.0,85232.0,4080700.0,85232.0
2018-05-15,85231.0,83830.0,85225.0,85130.0,4405100.0,85130.0
2018-05-16,86678.0,85044.0,85122.0,86537.0,3707000.0,86537.0
2018-05-17,86537.0,83377.0,86537.0,83622.0,5508600.0,83622.0
2018-05-18,83614.0,81391.0,83614.0,83082.0,5730200.0,83082.0
2018-05-21,83883.0,81576.0,83095.0,81815.0,4242200.0,81815.0
2018-05-22,83396.0,81613.0,81817.0,82739.0,4785500.0,82739.0
2018-05-23,82742.0,80867.0,82742.0,80867.0,3875500.0,80867.0
2018-05-24,80860.0,79027.0,80860.0,80122.0,6182200.0,80122.0
2018-05-25,80629.0,78622.0,80123.0,78898.0,4650100.0,78898.0
2018-05-28,78886.0,75337.0,78886.0,75356.0,4176200.0,75356.0
2018-05-29,77214.0,75361.0,75361.0,76072.0,5972300.0,76072.0
2018-05-30,77097.0,75515.0,76058.0,76754.0,7442100.0,76754.0
2018-06-01,78169.0,75524.0,76779.0,77240.0,6044400.0,77240.0
2018-06-04,78637.0,77244.0,77244.0,78596.0,4023100.0,78596.0
2018-06-05,78892.0,76412.0,78595.0,76642.0,4499800.0,76642.0
2018-06-06,76967.0,75518.0,76641.0,76117.0,4871700.0,76117.0
2018-06-07,76117.0,71162.0,76117.0,73851.0,7919200.0,73851.0
2018-06-08,74031.0,71679.0,73848.0,72942.0,5952400.0,72942.0
2018-06-11,73716.0,71843.0,72943.0,72308.0,3564300.0,72308.0
2018-06-12,73322.0,72124.0,72308.0,72754.0,3889600.0,72754.0
2018-06-13,72977.0,71035.0,72757.0,72122.0,4360200.0,72122.0
2018-06-14,72708.0,71344.0,72151.0,71421.0,4281600.0,71421.0
2018-06-15,71421.0,69583.0,71421.0,70758.0,6456800.0,70758.0
2018-06-18,70757.0,69360.0,70757.0,69815.0,3475200.0,69815.0
2018-06-19,72010.0,69069.0,69811.0,71394.0,5185300.0,71394.0
2018-06-20,72617.0,71155.0,71397.0,72123.0,4414600.0,72123.0
2018-06-21,72207.0,70019.0,72117.0,70075.0,3490800.0,70075.0
2018-06-22,71058.0,69907.0,70077.0,70641.0,3054700.0,70641.0
2018-06-25,71323.0,69779.0,70642.0,70953.0,3346300.0,70953.0
2018-06-26,71622.0,70203.0,70968.0,71405.0,3502300.0,71405.0
2018-06-27,72032.0,70134.0,71405.0,70609.0,3588900.0,70609.0
2018-06-28,72092.0,70439.0,70609.0,71767.0,3511400.0,71767.0
2018-06-29,73020.0,71779.0,71779.0,72763.0,3879400.0,72763.0
2018-07-02,72840.0,71935.0,72763.0,72840.0,2753900.0,72840.0
2018-07-03,74515.0,72848.0,72848.0,73668.0,3253800.0,73668.0
2018-07-04,74904.0,73450.0,73667.0,74743.0,2142100.0,74743.0
2018-07-05,75127.0,73756.0,74751.0,74553.0,3562800.0,74553.0
2018-07-06,75065.0,74048.0,74558.0,75010.0,0.0,75010.0
2018-07-10,75895.0,74431.0,75015.0,74862.0,3901000.0,74862.0
2018-07-11,75025.0,74196.0,74862.0,74399.0,3766800.0,74399.0
2018-07-12,75898.0,74403.0,74403.0,75856.0,3508500.0,75856.0
2018-07-13,76682.0,75554.0,75856.0,76594.0,0.0,76594.0
2018-07-16,76924.0,76129.0,76587.0,76653.0,3134700.0,76653.0
2018-07-17,78522.0,76482.0,76653.0,78130.0,3882900.0,78130.0
2018-07-18,78496.0,77164.0,78124.0,77363.0,3394300.0,77363.0
2018-07-19,77487.0,75890.0,77360.0,77487.0,3781100.0,77487.0
2018-07-20,79489.0,77500.0,77500.0,78571.0,4745200.0,78571.0
2018-07-23,78639.0,77871.0,78571.0,77996.0,2446800.0,77996.0
2018-07-24,79497.0,78005.0,78005.0,79155.0,3283200.0,79155.0
2018-07-25,80437.0,79154.0,79154.0,80218.0,3472700.0,80218.0
2018-07-26,80589.0,79081.0,80242.0,79405.0,3596500.0,79405.0
2018-07-27,80251.0,79405.0,79405.0,79866.0,3015600.0,79866.0
2018-07-30,80492.0,79699.0,79866.0,80276.0,2631400.0,80276.0
2018-07-31,80279.0,79016.0,80279.0,79220.0,3354500.0,79220.0
2018-08-01,79731.0,78769.0,79213.0,79302.0,3227100.0,79302.0
2018-08-02,79896.0,78573.0,79237.0,79637.0,3005500.0,79637.0
2018-08-03,81792.0,79656.0,79656.0,81435.0,3802600.0,81435.0
2018-08-06,81765.0,80965.0,81445.0,81051.0,2516600.0,81051.0
2018-08-07,81742.0,79923.0,81093.0,80347.0,3861200.0,80347.0
2018-08-08,80912.0,78966.0,80347.0,79152.0,3833800.0,79152.0
2018-08-09,79461.0,78156.0,79171.0,78768.0,3717400.0,78768.0
2018-08-10,78766.0,76043.0,78766.0,76514.0,0.0,76514.0
2018-08-13,77689.0,75931.0,76513.0,77496.0,3958200.0,77496.0
2018-08-14,78742.0,77499.0,77499.0,78602.0,3713000.0,78602.0
2018-08-15,78618.0,76829.0,78614.0,77078.0,4386400.0,77078.0
2018-08-16,77704.0,76381.0,77085.0,76819.0,3285400.0,76819.0
2018-08-17,76817.0,75633.0,76817.0,76029.0,3742300.0,76029.0
2018-08-20,76497.0,75608.0,76029.0,76328.0,3578100.0,76328.0
2018-08-21,76340.0,74915.0,76327.0,75180.0,4077000.0,75180.0
2018-08-22,76904.0,74876.0,75171.0,76902.0,3610400.0,76902.0
2018-08-23,77232.0,75466.0,76898.0,75634.0,3866700.0,75634.0
2018-08-24,76629.0,75647.0,75647.0,76262.0,3159900.0,76262.0
2018-08-27,78008.0,76264.0,76264.0,77930.0,2750600.0,77930.0
2018-08-28,78038.0,77149.0,77928.0,77473.0,2964800.0,77473.0
2018-08-29,78783.0,77399.0,77472.0,78389.0,3127600.0,78389.0
2018-08-30,78389.0,76372.0,78389.0,76404.0,3546800.0,76404.0
2018-08-31,77202.0,76026.0,76386.0,76678.0,4145600.0,76678.0
2018-09-03,76675.0,75729.0,76675.0,76193.0,1673300.0,76193.0
2018-09-04,76192.0,74605.0,76192.0,74712.0,3162300.0,74712.0
2018-09-05,75370.0,74276.0,74712.0,75092.0,2830400.0,75092.0
2018-09-06,76533.0,74986.0,75098.0,76416.0,3298500.0,76416.0
2018-09-10,77293.0,76115.0,76416.0,76436.0,3105200.0,76436.0
2018-09-11,76437.0,74275.0,76437.0,74657.0,0.0,74657.0
2018-09-12,75680.0,74499.0,74680.0,75125.0,3709100.0,75125.0
2018-09-13,75407.0,74501.0,75126.0,74687.0,3062100.0,74687.0
2018-09-14,75705.0,74445.0,74687.0,75429.0,3231700.0,75429.0
2018-09-17,76893.0,75227.0,75428.0,76789.0,3397600.0,76789.0
2018-09-18,78454.0,76677.0,76781.0,78314.0,4167000.0,78314.0
2018-09-19,79021.0,77624.0,78268.0,78169.0,3780800.0,78169.0
2018-09-20,78944.0,77820.0,78169.0,78116.0,3137600.0,78116.0
2018-09-21,80002.0,78116.0,78116.0,79444.0,4666800.0,79444.0
2018-09-24,79447.0,77857.0,79447.0,77984.0,0.0,77984.0
2018-09-25,78688.0,77005.0,77980.0,78630.0,3700400.0,78630.0
2018-09-26,79461.0,78530.0,78634.0,78656.0,3735300.0,78656.0
2018-09-27,80107.0,78676.0,78676.0,80000.0,4475000.0,80000.0
2018-09-28,80000.0,78967.0,80000.0,79342.0,4061400.0,79342.0
2018-10-01,79557.0,78091.0,79350.0,78624.0,3134400.0,78624.0
2018-10-02,81778.0,78625.0,78625.0,81612.0,5929900.0,81612.0
2018-10-03,85442.0,81623.0,81624.0,83273.0,7618600.0,83273.0
2018-10-04,83430.0,81892.0,83275.0,82953.0,4935600.0,82953.0
2018-10-05,83805.0,82030.0,82972.0,82322.0,5394800.0,82322.0
2018-10-08,87333.0,82324.0,82324.0,86084.0,9999000.0,86084.0
2018-10-09,86573.0,85433.0,86053.0,86088.0,6461000.0,86088.0
2018-10-10,86085.0,83679.0,86084.0,83679.0,0.0,83679.0
2018-10-11,84749.0,82607.0,83700.0,82921.0,5188700.0,82921.0
2018-10-15,84278.0,82922.0,82922.0,83360.0,4782900.0,83360.0
2018-10-16,85718.0,83420.0,83420.0,85718.0,4811300.0,85718.0
2018-10-17,86167.0,84944.0,85714.0,85764.0,4858600.0,85764.0
2018-10-18,85760.0,83846.0,85760.0,83847.0,4085300.0,83847.0
2018-10-19,84954.0,83667.0,83845.0,84220.0,3753500.0,84220.0
2018-10-22,85772.0,84222.0,84222.0,85597.0,3873700.0,85597.0
2018-10-23,85595.0,84032.0,85595.0,85300.0,4388100.0,85300.0
2018-10-24,85786.0,83035.0,85302.0,83064.0,4679200.0,83064.0
2018-10-25,84831.0,83124.0,83124.0,84084.0,0.0,84084.0
2018-10-26,85720.0,83497.0,84084.0,85720.0,6471500.0,85720.0
2018-10-29,88377.0,82783.0,85728.0,83797.0,7733900.0,83797.0
2018-10-30,86990.0,83802.0,83802.0,86886.0,6556900.0,86886.0
2018-10-31,88028.0,86213.0,86889.0,87424.0,5889800.0,87424.0
2018-11-01,89017.0,87094.0,87428.0,88419.0,5878400.0,88419.0
2018-11-05,89598.0,88347.0,88418.0,89598.0,4620800.0,89598.0
2018-11-06,89587.0,88066.0,89587.0,88669.0,0.0,88669.0
2018-11-07,89565.0,87541.0,88676.0,87714.0,4371300.0,87714.0
2018-11-08,88570.0,85620.0,87719.0,85620.0,5297700.0,85620.0
2018-11-09,86233.0,84030.0,85620.0,85641.0,4814400.0,85641.0
2018-11-12,86227.0,85009.0,85644.0,85525.0,3534000.0,85525.0
2018-11-13,85941.0,84071.0,85531.0,84914.0,4410700.0,84914.0
2018-11-14,85973.0,84267.0,84898.0,85973.0,5591600.0,85973.0
2018-11-16,88516.0,85975.0,85975.0,88515.0,5184200.0,88515.0
2018-11-19,88484.0,87047.0,88472.0,87901.0,3642100.0,87901.0
2018-11-21,87896.0,86254.0,87896.0,87269.0,4140600.0,87269.0
2018-11-22,87656.0,87222.0,87269.0,87477.0,2244500.0,87477.0
2018-11-23,87479.0,85763.0,87479.0,86230.0,4148700.0,86230.0
2018-11-26,87147.0,84905.0,86237.0,85547.0,4557300.0,85547.0
2018-11-27,88018.0,85377.0,85547.0,87891.0,4971300.0,87891.0
2018-11-28,89483.0,87153.0,87891.0,89251.0,5295600.0,89251.0
2018-11-29,89910.0,88475.0,89145.0,89710.0,4257400.0,89710.0
2018-11-30,90246.0,89258.0,89709.0,89504.0,6736700.0,89504.0
2018-12-03,91242.0,89429.0,89511.0,89820.0,5935600.0,89820.0
2018-12-04,90452.0,88041.0,89820.0,88624.0,4879700.0,88624.0
2018-12-05,89111.0,88449.0,88644.0,89040.0,2790000.0,89040.0
2018-12-06,88933.0,87025.0,88933.0,88846.0,4370100.0,88846.0
2018-12-07,89986.0,87907.0,88849.0,88115.0,4479100.0,88115.0
2018-12-10,88384.0,85915.0,88115.0,85915.0,4084400.0,85915.0
2018-12-11,87520.0,85583.0,85918.0,86420.0,4390100.0,86420.0
2018-12-12,87946.0,86420.0,86420.0,86977.0,5000500.0,86977.0
2018-12-13,87842.0,86856.0,86979.0,87838.0,3658600.0,87838.0
2018-12-14,88184.0,87106.0,87838.0,87450.0,3553300.0,87450.0
2018-12-17,87820.0,86328.0,87448.0,86400.0,3849300.0,86400.0
2018-12-18,87274.0,86400.0,86400.0,86610.0,4093500.0,86610.0
2018-12-19,88101.0,85674.0,86617.0,85674.0,5664200.0,85674.0
2018-12-20,86584.0,84756.0,85678.0,85269.0,6100500.0,85269.0
2018-12-21,86554.0,85134.0,85269.0,85697.0,6076200.0,85697.0
2018-12-26,85684.0,83892.0,85684.0,85136.0,3355100.0,85136.0
2018-12-27,85739.0,84876.0,85141.0,85460.0,3820900.0,85460.0
2018-12-28,88044.0,85469.0,85469.0,87887.0,3649100.0,87887.0
2019-01-02,91479.0,87536.0,87887.0,91012.0,5615400.0,91012.0
2019-01-03,91596.0,89922.0,91011.0,91564.0,6066200.0,91564.0
2019-01-04,92701.0,90824.0,91577.0,91841.0,5322100.0,91841.0
2019-01-07,92552.0,91288.0,91845.0,91699.0,4565000.0,91699.0
2019-01-08,92231.0,91064.0,91699.0,92032.0,4496500.0,92032.0
2019-01-09,93626.0,92028.0,92033.0,93613.0,5011400.0,93613.0
2019-01-10,93987.0,93050.0,93599.0,93806.0,4840600.0,93806.0
2019-01-11,93961.0,93359.0,93806.0,93658.0,5330500.0,93658.0
2019-01-14,94474.0,93335.0,93645.0,94474.0,4486900.0,94474.0
2019-01-15,94695.0,93402.0,94474.0,94056.0,4836400.0,94056.0
2019-01-16,94393.0,93687.0,94057.0,94393.0,4257400.0,94393.0
2019-01-17,95682.0,93950.0,94393.0,95351.0,4944200.0,95351.0
2019-01-18,96396.0,95386.0,95386.0,96097.0,4884000.0,96097.0
2019-01-21,96093.0,94863.0,96093.0,96010.0,2717600.0,96010.0
2019-01-22,96070.0,94662.0,96008.0,95103.0,4256000.0,95103.0
2019-01-23,96576.0,95116.0,95116.0,96558.0,0.0,96558.0
2019-01-24,97677.0,96558.0,96558.0,97677.0,5019400.0,97677.0
2019-01-28,97937.0,94783.0,97674.0,95444.0,7185300.0,95444.0
2019-01-29,96751.0,95508.0,95508.0,95639.0,5262000.0,95639.0
2019-01-30,97107.0,95643.0,95643.0,96996.0,6164400.0,96996.0
2019-01-31,98405.0,96996.0,96996.0,97394.0,5976000.0,97394.0
2019-02-01,98044.0,96990.0,97395.0,97861.0,4301600.0,97861.0
2019-02-04,98589.0,96901.0,97861.0,98589.0,4278300.0,98589.0
2019-02-05,98587.0,97596.0,98587.0,98311.0,4773700.0,98311.0
2019-02-06,98308.0,94636.0,98308.0,94636.0,5458200.0,94636.0
2019-02-07,95642.0,93507.0,94654.0,94406.0,5612500.0,94406.0
2019-02-08,95486.0,93424.0,94401.0,95343.0,5302500.0,95343.0
2019-02-11,95499.0,93737.0,95351.0,94413.0,3767300.0,94413.0
2019-02-12,96571.0,94420.0,94420.0,96168.0,4915000.0,96168.0
2019-02-13,96804.0,95389.0,96169.0,95842.0,5814400.0,95842.0
2019-02-14,98019.0,94915.0,95843.0,98015.0,5222300.0,98015.0
2019-02-15,98238.0,97083.0,98015.0,97526.0,4586300.0,97526.0
2019-02-18,97527.0,96239.0,97527.0,96510.0,2837100.0,96510.0
2019-02-19,98185.0,96513.0,96513.0,97659.0,4830600.0,97659.0
2019-02-20,98544.0,96545.0,97661.0,96545.0,5906800.0,96545.0
2019-02-21,97231.0,95793.0,96546.0,96932.0,5814100.0,96932.0
2019-02-22,97887.0,96929.0,96929.0,97886.0,4426600.0,97886.0
2019-02-25,98190.0,97087.0,97881.0,97240.0,4360000.0,97240.0
2019-02-26,97904.0,97235.0,97242.0,97603.0,3555100.0,97603.0
2019-02-27,97782.0,96886.0,97603.0,97307.0,3873500.0,97307.0
2019-02-28,97528.0,95364.0,97307.0,95584.0,5365700.0,95584.0
2019-03-01,96113.0,94394.0,95584.0,94604.0,4054700.0,94604.0
2019-03-06,94889.0,93945.0,94604.0,94217.0,2715300.0,94217.0
2019-03-07,94532.0,93729.0,94216.0,94340.0,4104300.0,94340.0
2019-03-08,95476.0,93305.0,94340.0,95365.0,4054200.0,95365.0
2019-03-11,98027.0,95384.0,95384.0,98027.0,4251500.0,98027.0
2019-03-12,98150.0,97267.0,98038.0,97828.0,3832900.0,97828.0
2019-03-13,99267.0,97464.0,97831.0,98904.0,4812100.0,98904.0
2019-03-14,99036.0,97776.0,98905.0,98605.0,3584500.0,98605.0
2019-03-15,99393.0,98597.0,98605.0,99137.0,5136400.0,99137.0
2019-03-18,100038.0,99141.0,99141.0,99994.0,4204100.0,99994.0
2019-03-19,100439.0,99373.0,99991.0,99588.0,5231100.0,99588.0
2019-03-20,99708.0,97981.0,99588.0,98041.0,4633200.0,98041.0
2019-03-21,98046.0,95456.0,98041.0,96729.0,5321200.0,96729.0
2019-03-22,96725.0,93380.0,96725.0,93735.0,6001100.0,93735.0
2019-03-25,94384.0,93103.0,93735.0,93662.0,4508400.0,93662.0
2019-03-26,95525.0,93668.0,93668.0,95307.0,4660700.0,95307.0
2019-03-27,95297.0,91903.0,95297.0,91903.0,5726900.0,91903.0
2019-03-28,94854.0,91584.0,91901.0,94389.0,5192300.0,94389.0
2019-03-29,95863.0,94402.0,94402.0,95415.0,4674600.0,95415.0
2019-04-01,96752.0,95423.0,95423.0,96054.0,3753500.0,96054.0
2019-04-02,96690.0,94825.0,96062.0,95387.0,3713200.0,95387.0
2019-04-03,96442.0,94124.0,95392.0,94491.0,4308900.0,94491.0
2019-04-04,96394.0,94334.0,94503.0,96313.0,4086200.0,96313.0
2019-04-05,97493.0,96152.0,96319.0,97108.0,3689000.0,97108.0
2019-04-08,97610.0,96743.0,97110.0,97369.0,3430800.0,97369.0
2019-04-09,97366.0,95488.0,97366.0,96292.0,3733400.0,96292.0
2019-04-10,96902.0,95670.0,96292.0,95953.0,4574600.0,95953.0
2019-04-11,95954.0,94173.0,95954.0,94755.0,3530500.0,94755.0
2019-04-12,94768.0,92516.0,94747.0,92875.0,6712200.0,92875.0
2019-04-15,93723.0,92697.0,92875.0,93083.0,4629800.0,93083.0
2019-04-16,95062.0,92879.0,93082.0,94333.0,4581600.0,94333.0
2019-04-17,95042.0,92338.0,94337.0,93285.0,6458600.0,93285.0
2019-04-18,95140.0,93285.0,93285.0,94578.0,4933300.0,94578.0
2019-04-22,95038.0,93721.0,94578.0,94588.0,3176600.0,94588.0
2019-04-23,96315.0,94590.0,94590.0,95923.0,4309100.0,95923.0
2019-04-24,95923.0,94163.0,95923.0,95045.0,4658800.0,95045.0
2019-04-25,96552.0,94213.0,95027.0,96552.0,4878200.0,96552.0
2019-04-26,96563.0,95620.0,96552.0,96236.0,3767100.0,96236.0
2019-04-29,97123.0,96004.0,96254.0,96188.0,3225400.0,96188.0
2019-04-30,96707.0,95613.0,96191.0,96353.0,4228600.0,96353.0
2019-05-02,96339.0,95312.0,96339.0,95528.0,3863600.0,95528.0
2019-05-03,96315.0,95521.0,95521.0,96008.0,4014800.0,96008.0
2019-05-06,95992.0,94540.0,95992.0,95009.0,3216000.0,95009.0
2019-05-07,95009.0,92750.0,95009.0,94389.0,4907400.0,94389.0
2019-05-08,96312.0,94389.0,94389.0,95597.0,4916500.0,95597.0
2019-05-09,95597.0,93883.0,95597.0,94808.0,4152200.0,94808.0
2019-05-10,94848.0,93234.0,94809.0,94258.0,4097900.0,94258.0
2019-05-13,94252.0,91600.0,94252.0,91727.0,4662600.0,91727.0
2019-05-14,92529.0,91562.0,91736.0,92092.0,4045400.0,92092.0
2019-05-15,92088.0,90295.0,92088.0,91623.0,4791900.0,91623.0
2019-05-16,91622.0,89778.0,91622.0,90024.0,5570000.0,90024.0
2019-05-17,91321.0,89409.0,90023.0,89993.0,5342700.0,89993.0
2019-05-20,92117.0,89822.0,90006.0,91946.0,4620000.0,91946.0
2019-05-21,94573.0,91946.0,91946.0,94485.0,5397000.0,94485.0
2019-05-22,95212.0,93883.0,94485.0,94361.0,4232500.0,94361.0
2019-05-23,94547.0,93300.0,94360.0,93910.0,3787800.0,93910.0
2019-05-24,94900.0,93545.0,93912.0,93628.0,3484700.0,93628.0
2019-05-27,95444.0,93626.0,93626.0,94864.0,2544800.0,94864.0
2019-05-28,96552.0,94707.0,94863.0,96393.0,6383100.0,96393.0
2019-05-29,96986.0,95690.0,96389.0,96567.0,4559100.0,96567.0
2019-05-30,97939.0,96511.0,96566.0,97457.0,4398200.0,97457.0
2019-05-31,97992.0,96792.0,97420.0,97030.0,5089500.0,97030.0
2019-06-03,97757.0,96430.0,97036.0,97020.0,4547900.0,97020.0
2019-06-04,97723.0,96593.0,97020.0,97380.0,4293300.0,97380.0
2019-06-05,97686.0,95686.0,97381.0,95999.0,3769100.0,95999.0
2019-06-06,97462.0,96002.0,96002.0,97205.0,4054900.0,97205.0
2019-06-07,98326.0,97205.0,97205.0,97821.0,3718500.0,97821.0
2019-06-10,97856.0,96782.0,97828.0,97467.0,3584000.0,97467.0
2019-06-11,98985.0,97467.0,97467.0,98960.0,4922400.0,98960.0
2019-06-12,99240.0,97831.0,98960.0,98321.0,4948800.0,98321.0
2019-06-13,99364.0,98321.0,98321.0,98774.0,5594000.0,98774.0
2019-06-14,98981.0,97601.0,98776.0,98040.0,9184900.0,98040.0
2019-06-17,98439.0,97623.0,98038.0,97623.0,3926300.0,97623.0
2019-06-18,99412.0,97633.0,97633.0,99404.0,4524500.0,99404.0
2019-06-19,100327.0,98978.0,99403.0,100303.0,4411300.0,100303.0
2019-06-21,102100.0,100305.0,100305.0,102013.0,5490800.0,102013.0
2019-06-24,102617.0,101589.0,102018.0,102062.0,3559800.0,102062.0
2019-06-25,102061.0,99890.0,102061.0,100093.0,4469200.0,100093.0
2019-06-26,101126.0,100095.0,100095.0,100689.0,5013800.0,100689.0
2019-06-27,101025.0,99421.0,100689.0,100724.0,4154700.0,100724.0
2019-06-28,101563.0,100726.0,100726.0,100967.0,4079900.0,100967.0
2019-07-01,102432.0,100973.0,100973.0,101340.0,411600.0,101340.0
2019-07-02,101565.0,100073.0,101342.0,100605.0,4951600.0,100605.0
2019-07-03,102177.0,100451.0,100576.0,102043.0,4801200.0,102043.0
2019-07-04,104022.0,102047.0,102047.0,103636.0,3978700.0,103636.0
2019-07-05,104176.0,102622.0,103628.0,104089.0,4208400.0,104089.0
2019-07-08,104679.0,103988.0,104090.0,104530.0,3500300.0,104530.0
2019-07-10,106650.0,104537.0,104537.0,105817.0,6815700.0,105817.0
2019-07-11,105886.0,104814.0,105818.0,105146.0,4845300.0,105146.0
2019-07-12,105731.0,103903.0,105158.0,103906.0,4748000.0,103906.0
2019-07-15,104578.0,103495.0,103909.0,103803.0,3995500.0,103803.0
2019-07-16,104440.0,103361.0,103805.0,103775.0,4475800.0,103775.0
2019-07-17,104453.0,103712.0,103775.0,103856.0,3818300.0,103856.0
2019-07-18,104773.0,103859.0,103859.0,104717.0,4410900.0,104717.0
2019-07-19,104723.0,103388.0,104716.0,103452.0,3484400.0,103452.0
2019-07-22,104278.0,103452.0,103452.0,103949.0,3464400.0,103949.0
2019-07-23,104430.0,103518.0,103949.0,103704.0,4050300.0,103704.0
2019-07-24,104570.0,103707.0,103707.0,104120.0,4872700.0,104120.0
2019-07-25,103464.0,102390.0,102991.0,102655.0,5804700.0,102655.0
2019-07-26,103209.0,102196.0,102654.0,102819.0,5141400.0,102819.0
2019-07-29,103483.0,102461.0,102817.0,103483.0,3559900.0,103483.0
2019-07-30,103555.0,102596.0,103483.0,102933.0,4060500.0,102933.0
2019-07-31,103129.0,100950.0,102946.0,101812.0,5072900.0,101812.0
2019-08-01,104056.0,101819.0,101819.0,102126.0,7129100.0,102126.0
2019-08-02,103180.0,101667.0,102122.0,102674.0,4923500.0,102674.0
2019-08-05,102658.0,99630.0,102658.0,100098.0,5000400.0,100098.0
2019-08-06,102178.0,100098.0,100098.0,102164.0,5074800.0,102164.0
2019-08-07,102784.0,100476.0,102163.0,102782.0,5570600.0,102782.0
2019-08-08,104282.0,102811.0,102811.0,104115.0,5538300.0,104115.0
2019-08-09,104848.0,103547.0,104102.0,103996.0,4549300.0,103996.0
2019-08-12,103946.0,101621.0,103946.0,101915.0,4509700.0,101915.0
2019-08-13,103778.0,101414.0,101912.0,103299.0,5198900.0,103299.0
2019-08-14,103270.0,99955.0,103270.0,100258.0,6485200.0,100258.0
2019-08-15,101014.0,98200.0,100262.0,99057.0,6585300.0,99057.0
2019-08-16,100567.0,99059.0,99059.0,99806.0,5483400.0,99806.0
2019-08-19,100948.0,98908.0,99810.0,99469.0,4924000.0,99469.0
2019-08-20,99665.0,98002.0,99472.0,99222.0,5235200.0,99222.0
2019-08-21,101240.0,99221.0,99227.0,101202.0,5969700.0,101202.0
2019-08-22,101469.0,100011.0,101209.0,100011.0,4495500.0,100011.0
2019-08-23,100025.0,97085.0,100007.0,97667.0,5668800.0,97667.0
2019-08-26,98436.0,95961.0,97687.0,96430.0,4136800.0,96430.0
2019-08-27,97951.0,95855.0,96434.0,97276.0,6581700.0,97276.0
2019-08-28,98346.0,96557.0,97273.0,98194.0,4350800.0,98194.0
2019-08-29,100684.0,98194.0,98194.0,100524.0,5163300.0,100524.0
2019-08-30,101551.0,100526.0,100526.0,101135.0,6109600.0,101135.0
2019-09-02,101611.0,100626.0,101133.0,100626.0,2685400.0,100626.0
2019-09-03,101417.0,99406.0,100626.0,99681.0,0.0,99681.0
2019-09-04,101201.0,99706.0,99706.0,101201.0,4310700.0,101201.0
2019-09-05,103258.0,101204.0,101204.0,102243.0,4814300.0,102243.0
2019-09-06,103182.0,102246.0,102247.0,102935.0,3976000.0,102935.0
2019-09-09,104260.0,102793.0,102937.0,103181.0,5516800.0,103181.0
2019-09-10,103503.0,102231.0,103180.0,103032.0,5478900.0,103032.0
2019-09-11,104156.0,103036.0,103036.0,103446.0,4877000.0,103446.0
2019-09-12,104618.0,103733.0,104389.0,104371.0,4962500.0,104371.0
2019-09-13,104699.0,103275.0,104371.0,103501.0,4039400.0,103501.0
2019-09-16,104005.0,102782.0,103496.0,103680.0,6038700.0,103680.0
2019-09-17,104619.0,103079.0,103680.0,104617.0,4574900.0,104617.0
2019-09-18,104762.0,103684.0,104616.0,104532.0,3882100.0,104532.0
2019-09-19,106001.0,104286.0,104555.0,104339.0,4915800.0,104339.0
2019-09-20,105045.0,103914.0,104339.0,104817.0,6769100.0,104817.0
2019-09-23,104817.0,104020.0,104817.0,104638.0,6769100.0,104638.0
2019-09-24,104893.0,103504.0,104638.0,103876.0,3972200.0,103876.0
2019-09-25,104481.0,103034.0,103857.0,104481.0,4117500.0,104481.0
2019-09-26,105342.0,104337.0,104485.0,105319.0,4138700.0,105319.0
2019-09-27,105633.0,104506.0,105319.0,105078.0,3471200.0,105078.0
2019-09-30,105178.0,104638.0,105077.0,104745.0,3895800.0,104745.0
2019-10-01,105121.0,103837.0,104745.0,104053.0,4095700.0,104053.0
2019-10-02,104049.0,100944.0,104049.0,101031.0,5066200.0,101031.0
2019-10-03,101560.0,99826.0,101031.0,101516.0,4665600.0,101516.0
2019-10-04,102580.0,101057.0,101516.0,102551.0,4649400.0,102551.0
2019-10-07,102546.0,100542.0,102546.0,100573.0,3938300.0,100573.0
2019-10-08,101296.0,99868.0,100565.0,99981.0,4342700.0,99981.0
2019-10-09,101567.0,100005.0,100005.0,101249.0,3939000.0,101249.0
2019-10-10,102483.0,101152.0,101244.0,101817.0,4373100.0,101817.0
2019-10-11,104381.0,101819.0,101819.0,103832.0,4351800.0,103832.0
2019-10-14,104305.0,103438.0,103834.0,104302.0,2987900.0,104302.0
2019-10-15,105048.0,104052.0,104299.0,104490.0,4093400.0,104490.0
2019-10-16,105462.0,103521.0,104486.0,105423.0,4509400.0,105423.0
2019-10-17,105891.0,104827.0,105389.0,105016.0,4189000.0,105016.0
2019-10-18,105464.0,104525.0,105012.0,104729.0,4478100.0,104729.0
2019-10-21,106027.0,104696.0,104729.0,106022.0,3504900.0,106022.0
2019-10-22,107382.0,107076.0,107101.0,107381.0,5224900.0,107381.0
2019-10-23,107959.0,107041.0,107381.0,107544.0,4656200.0,107544.0
2019-10-24,107744.0,106593.0,107553.0,106986.0,5619200.0,106986.0
2019-10-25,108083.0,106990.0,106990.0,107364.0,5398900.0,107364.0
2019-10-28,108393.0,107362.0,107366.0,108187.0,3967200.0,108187.0
2019-10-29,108195.0,107313.0,108189.0,107556.0,4313200.0,107556.0
2019-10-30,108408.0,106622.0,107557.0,108408.0,5450600.0,108408.0
2019-10-31,108403.0,106356.0,108403.0,107220.0,5376000.0,107220.0
2019-11-01,108496.0,107220.0,107221.0,108196.0,5466300.0,108196.0
2019-11-04,109352.0,108196.0,108196.0,108601.0,5182200.0,108601.0
2019-11-05,109343.0,108253.0,108779.0,108451.0,5657600.0,108451.0
2019-11-06,109633.0,107446.0,108719.0,108336.0,5505500.0,108336.0
2019-11-07,109672.0,108360.0,108360.0,109581.0,6075600.0,109581.0
2019-11-08,109572.0,107127.0,109572.0,107629.0,5419600.0,107629.0
2019-11-11,108263.0,106814.0,107622.0,108215.0,3928900.0,108215.0
2019-11-12,108368.0,106232.0,108368.0,106785.0,5219300.0,106785.0
2019-11-13,106786.0,105261.0,106751.0,105914.0,5339000.0,105914.0
2019-11-14,106758.0,105820.0,106052.0,106557.0,5364300.0,106557.0
2019-11-18,107519.0,106282.0,106566.0,106347.0,4919800.0,106347.0
2019-11-19,106950.0,105367.0,106269.0,105618.0,3610300.0,105618.0
2019-11-21,107497.0,105864.0,105866.0,107497.0,5819400.0,107497.0
2019-11-22,108692.0,107157.0,107497.0,108692.0,4796100.0,108692.0
2019-11-25,108915.0,108080.0,108692.0,108424.0,4512400.0,108424.0
2019-11-26,108424.0,106414.0,108424.0,107059.0,6904900.0,107059.0
2019-11-27,107991.0,106312.0,107059.0,107708.0,4418200.0,107708.0
2019-11-28,108333.0,107148.0,107708.0,108290.0,3666100.0,108290.0
2019-11-29,108708.0,107759.0,108283.0,108233.0,4186600.0,108233.0
2019-12-02,109279.0,108245.0,108246.0,109061.0,4708000.0,109061.0
2019-12-03,109198.0,108190.0,108931.0,108956.0,5223100.0,108956.0
2019-12-04,110301.0,108962.0,108962.0,110301.0,4889500.0,110301.0
2019-12-05,111073.0,110008.0,110297.0,110622.0,4399100.0,110622.0
2019-12-06,111430.0,110623.0,110623.0,111126.0,4968100.0,111126.0
2019-12-09,111453.0,110870.0,111125.0,110977.0,4991500.0,110977.0
2019-12-10,111184.0,110133.0,110973.0,110672.0,4758800.0,110672.0
2019-12-11,111227.0,110530.0,110672.0,110964.0,5146100.0,110964.0
2019-12-12,112445.0,110963.0,110963.0,112200.0,5682000.0,112200.0
2019-12-13,112829.0,111780.0,112205.0,112565.0,7712100.0,112565.0
2019-12-16,113197.0,111896.0,112565.0,111896.0,6078300.0,111896.0
2019-12-17,112695.0,111897.0,111897.0,112616.0,5352500.0,112616.0
2019-12-18,114339.0,112300.0,112618.0,114315.0,7940900.0,114315.0
2019-12-19,115132.0,113712.0,114313.0,115131.0,5784600.0,115131.0
2019-12-20,115171.0,114526.0,115133.0,115121.0,6887400.0,115121.0
2019-12-23,115863.0,114964.0,115119.0,115863.0,3995200.0,115863.0
2019-12-26,117220.0,115673.0,115864.0,117203.0,3788900.0,117203.0
2019-12-27,117803.0,115995.0,117205.0,116534.0,3905900.0,116534.0
2019-12-30,117086.0,115790.0,116530.0,115964.0,3667900.0,115964.0
2020-01-02,118573.0,115649.0,115652.0,118573.0,5162700.0,118573.0
2020-01-03,118792.0,117341.0,118564.0,117707.0,6834500.0,117707.0
2020-01-06,117707.0,116269.0,117707.0,116878.0,6570000.0,116878.0
2020-01-07,117076.0,115965.0,116872.0,116662.0,4854100.0,116662.0
2020-01-08,117335.0,115693.0,116667.0,116247.0,5910500.0,116247.0
2020-01-09,116820.0,115411.0,116248.0,115947.0,5953500.0,115947.0
2020-01-10,116745.0,114952.0,115948.0,115503.0,4783400.0,115503.0
2020-01-13,117333.0,115503.0,115503.0,117325.0,5685100.0,117325.0
2020-01-14,117705.0,116610.0,117325.0,117632.0,5361700.0,117632.0
2020-01-15,117632.0,116188.0,117632.0,116414.0,5569400.0,116414.0
2020-01-16,117106.0,115961.0,116415.0,116704.0,5422700.0,116704.0
2020-01-17,118479.0,116710.0,116710.0,118478.0,4947200.0,118478.0
2020-01-20,118862.0,117928.0,118478.0,118862.0,3843500.0,118862.0
2020-01-21,118861.0,117026.0,118861.0,117026.0,5085600.0,117026.0
2020-01-22,118401.0,117035.0,117035.0,118391.0,5765700.0,118391.0
2020-01-23,119535.0,116906.0,118391.0,119528.0,6572400.0,119528.0
2020-01-24,119593.0,118108.0,119528.0,118376.0,4778700.0,118376.0
2020-01-27,118347.0,114376.0,118347.0,114482.0,6097800.0,114482.0
2020-01-28,116797.0,114475.0,114482.0,116479.0,5229400.0,116479.0
2020-01-29,117171.0,115164.0,116494.0,115385.0,5097800.0,115385.0
2020-01-30,115528.0,112825.0,115375.0,115528.0,6315600.0,115528.0
2020-01-31,115518.0,113148.0,115518.0,113761.0,6219900.0,113761.0
2020-02-03,115299.0,113467.0,113761.0,114629.0,5512200.0,114629.0
2020-02-04,116556.0,114631.0,114631.0,115557.0,5829400.0,115557.0
2020-02-05,117701.0,115562.0,115563.0,116028.0,7173800.0,116028.0
2020-02-06,117382.0,114723.0,116033.0,115190.0,7382400.0,115190.0
2020-02-07,115190.0,113769.0,115190.0,113770.0,6594100.0,113770.0
2020-02-10,114176.0,112134.0,113771.0,112570.0,7486300.0,112570.0
2020-02-11,115576.0,112574.0,112574.0,115371.0,6767900.0,115371.0
2020-02-12,117581.0,115371.0,115371.0,116674.0,8159200.0,116674.0
2020-02-13,116660.0,114801.0,116660.0,115662.0,5635700.0,115662.0
2020-02-14,115663.0,114132.0,115663.0,114381.0,5335900.0,114381.0
2020-02-17,115696.0,114381.0,114381.0,115309.0,0.0,115309.0
2020-02-18,115309.0,113532.0,115309.0,114977.0,5548400.0,114977.0
2020-02-19,116545.0,114774.0,114982.0,116518.0,6334100.0,116518.0
2020-02-20,116552.0,114379.0,116518.0,114586.0,6793000.0,114586.0
2020-02-21,114585.0,112661.0,114585.0,113681.0,5896200.0,113681.0
2020-02-26,113647.0,105053.0,113647.0,105718.0,9369800.0,105718.0
2020-02-27,106656.0,102984.0,105711.0,102984.0,11237700.0,102984.0
2020-02-28,104172.0,99951.0,102984.0,104172.0,11228400.0,104172.0
2020-03-02,107220.0,103779.0,104260.0,106625.0,8858400.0,106625.0
2020-03-03,108804.0,104405.0,106630.0,105537.0,9385600.0,105537.0
2020-03-04,107809.0,105042.0,105540.0,107224.0,8410500.0,107224.0
2020-03-05,107217.0,100536.0,107217.0,102233.0,8598600.0,102233.0
2020-03-06,102231.0,96886.0,102231.0,97997.0,11864200.0,97997.0
2020-03-09,97982.0,85880.0,97982.0,86067.0,14645500.0,86067.0
2020-03-10,92230.0,86071.0,86071.0,92214.0,13531700.0,92214.0
2020-03-11,92202.0,80796.0,92202.0,85171.0,11786900.0,85171.0
2020-03-12,85103.0,68488.0,85103.0,72583.0,12008700.0,72583.0
2020-03-13,83758.0,72621.0,72621.0,82678.0,15766300.0,82678.0
2020-03-16,82565.0,70855.0,82565.0,71168.0,12847800.0,71168.0
2020-03-17,77255.0,70783.0,71178.0,74617.0,14945900.0,74617.0
2020-03-18,74576.0,63547.0,74576.0,66895.0,16751500.0,66895.0
2020-03-19,70071.0,61691.0,66883.0,68332.0,16144700.0,68332.0
2020-03-20,72247.0,66120.0,68344.0,67069.0,15152400.0,67069.0
2020-03-23,67604.0,62161.0,67067.0,63570.0,11962200.0,63570.0
2020-03-24,71535.0,63604.0,63604.0,69729.0,11679900.0,69729.0
2020-03-25,76714.0,69360.0,69727.0,74956.0,12951100.0,74956.0
2020-03-26,78846.0,74923.0,74956.0,77710.0,12758000.0,77710.0
2020-03-27,77708.0,73057.0,77708.0,73429.0,10301400.0,73429.0
2020-03-30,75430.0,73184.0,73431.0,74640.0,9032200.0,74640.0
2020-03-31,75511.0,72385.0,74629.0,73020.0,11141500.0,73020.0
2020-04-01,73011.0,69569.0,73011.0,70967.0,10093500.0,70967.0
2020-04-02,73861.0,70957.0,70969.0,72253.0,10540200.0,72253.0
2020-04-03,72241.0,67802.0,72241.0,69538.0,10411300.0,69538.0
2020-04-06,75260.0,69556.0,69556.0,74073.0,9685400.0,74073.0
2020-04-07,79855.0,74078.0,74078.0,76358.0,11286500.0,76358.0
2020-04-08,79058.0,76115.0,76335.0,78625.0,10206300.0,78625.0
2020-04-09,80428.0,77457.0,78640.0,77682.0,10748700.0,77682.0
2020-04-13,78836.0,76405.0,77682.0,78836.0,7651300.0,78836.0
2020-04-14,81668.0,78848.0,78848.0,79918.0,8593600.0,79918.0
2020-04-15,80035.0,77546.0,79911.0,78831.0,9758400.0,78831.0
2020-04-16,80167.0,77452.0,78837.0,77812.0,9028400.0,77812.0
2020-04-17,79846.0,77754.0,77817.0,78990.0,8317800.0,78990.0
2020-04-20,80106.0,76943.0,78989.0,78973.0,8874700.0,78973.0
2020-04-22,81184.0,78973.0,78973.0,80687.0,9848900.0,80687.0
2020-04-23,81934.0,78622.0,80690.0,79673.0,10823500.0,79673.0
2020-04-24,79667.0,72041.0,79667.0,75331.0,16529200.0,75331.0
2020-04-27,78563.0,75327.0,75334.0,78239.0,10656900.0,78239.0
2020-04-28,81427.0,78243.0,78243.0,81312.0,12939000.0,81312.0
2020-04-29,83598.0,81313.0,81313.0,83171.0,11719700.0,83171.0
2020-04-30,83169.0,80168.0,83169.0,80506.0,11804600.0,80506.0
2020-05-04,80502.0,77640.0,80501.0,78876.0,8594200.0,78876.0
2020-05-05,81066.0,78886.0,78887.0,79471.0,9154700.0,79471.0
2020-05-06,79996.0,78056.0,79473.0,79064.0,9775900.0,79064.0
2020-05-07,80061.0,78061.0,79072.0,78119.0,13808900.0,78119.0
2020-05-08,80557.0,78152.0,78152.0,80263.0,10734400.0,80263.0
2020-05-11,80723.0,78994.0,80263.0,79065.0,9781900.0,79065.0
2020-05-12,80344.0,77872.0,79065.0,77872.0,10245400.0,77872.0
2020-05-13,78911.0,77152.0,77877.0,77772.0,11575900.0,77772.0
2020-05-14,79011.0,75697.0,77770.0,79011.0,13818900.0,79011.0
2020-05-15,79538.0,77426.0,79011.0,77557.0,11718200.0,77557.0
2020-05-18,81420.0,77571.0,77576.0,81194.0,11533100.0,81194.0
2020-05-19,82175.0,80647.0,81197.0,80742.0,10740100.0,80742.0
2020-05-20,82290.0,80740.0,80747.0,81319.0,9522800.0,81319.0
2020-05-21,83309.0,81317.0,81320.0,83027.0,11395200.0,83027.0
2020-05-22,83027.0,81669.0,83027.0,82173.0,9281200.0,82173.0
2020-05-25,85876.0,82193.0,82198.0,85663.0,8764400.0,85663.0
2020-05-26,87333.0,85396.0,85668.0,85469.0,12030800.0,85469.0
2020-05-27,87946.0,85468.0,85468.0,87946.0,11212000.0,87946.0
2020-05-28,88091.0,86767.0,87946.0,86949.0,10117000.0,86949.0
2020-05-29,87410.0,85384.0,86951.0,87403.0,16550900.0,87403.0
2020-06-01,89019.0,86837.0,87395.0,88620.0,9849400.0,88620.0
2020-06-02,91046.0,88622.0,88622.0,91046.0,11827300.0,91046.0
2020-06-03,93710.0,91048.0,91048.0,93002.0,15137900.0,93002.0
2020-06-04,94132.0,92221.0,92993.0,93829.0,11488000.0,93829.0
2020-06-05,97356.0,93839.0,93839.0,94637.0,13320300.0,94637.0
2020-06-08,97693.0,94635.0,94640.0,97645.0,11096500.0,97645.0
2020-06-09,97644.0,95386.0,97644.0,96747.0,11278800.0,96747.0
2020-06-10,97646.0,94665.0,96747.0,94686.0,11739600.0,94686.0
2020-06-12,94703.0,90811.0,94677.0,92795.0,12785600.0,92795.0
2020-06-15,93112.0,90148.0,92780.0,92376.0,13317500.0,92376.0
2020-06-16,95216.0,92387.0,92387.0,93531.0,12034200.0,93531.0
2020-06-17,96611.0,93531.0,93531.0,95547.0,11134700.0,95547.0
2020-06-18,97110.0,94698.0,95547.0,96125.0,10008500.0,96125.0
2020-06-19,97540.0,95874.0,96138.0,96572.0,13134400.0,96572.0
2020-06-22,96870.0,94869.0,96572.0,95336.0,8264700.0,95336.0
2020-06-23,97486.0,95344.0,95344.0,95975.0,9752700.0,95975.0
2020-06-24,95974.0,93259.0,95974.0,94377.0,9962700.0,94377.0
2020-06-25,96260.0,94152.0,94382.0,95983.0,8697900.0,95983.0
2020-06-26,95979.0,93514.0,95979.0,93834.0,8439100.0,93834.0
2020-06-29,95735.0,93825.0,93837.0,95735.0,8906800.0,95735.0
2020-06-30,96257.0,94806.0,95728.0,95056.0,10144500.0,95056.0
2020-07-01,96852.0,95062.0,95062.0,96203.0,10163300.0,96203.0
2020-07-02,97864.0,96052.0,96206.0,96235.0,10062900.0,96235.0
2020-07-03,96765.0,95803.0,96237.0,96765.0,5351600.0,96765.0
2020-07-06,99257.0,96768.0,96776.0,98937.0,9489400.0,98937.0
2020-07-07,98938.0,97272.0,98937.0,97761.0,8951400.0,97761.0
2020-07-08,99973.0,97765.0,97765.0,99770.0,9142700.0,99770.0
2020-07-09,100191.0,98861.0,99770.0,99160.0,0.0,99160.0
2020-07-10,100101.0,98739.0,99160.0,100032.0,9147200.0,100032.0
2020-07-13,100858.0,98697.0,100027.0,98697.0,10382300.0,98697.0
2020-07-14,100632.0,98289.0,98699.0,100440.0,10019400.0,100440.0
2020-07-15,102114.0,100444.0,100444.0,101791.0,9285600.0,101791.0
2020-07-16,101792.0,100160.0,101791.0,100553.0,8127100.0,100553.0
2020-07-17,103017.0,100554.0,100554.0,102888.0,10429400.0,102888.0
2020-07-20,104439.0,102744.0,102888.0,104426.0,8931800.0,104426.0
2020-07-21,105449.0,103732.0,104426.0,104310.0,11105800.0,104310.0
2020-07-22,104980.0,103277.0,104312.0,104290.0,10833700.0,104290.0
2020-07-23,104949.0,102119.0,104291.0,102293.0,10366600.0,102293.0
2020-07-24,102694.0,100859.0,102292.0,102382.0,9795200.0,102382.0
2020-07-27,104585.0,102381.0,102381.0,104477.0,9622400.0,104477.0
2020-07-28,104663.0,103592.0,104477.0,104109.0,9087100.0,104109.0
2020-07-29,105704.0,104112.0,104112.0,105605.0,9238300.0,105605.0
2020-07-30,105607.0,103920.0,105605.0,105009.0,9591700.0,105009.0
2020-07-31,105462.0,102642.0,105010.0,102912.0,12929300.0,102912.0
2020-08-03,103863.0,102304.0,102913.0,102830.0,10901000.0,102830.0
2020-08-04,103012.0,100005.0,102826.0,101216.0,12029800.0,101216.0
2020-08-05,103763.0,101220.0,101220.0,102802.0,10922100.0,102802.0
2020-08-06,104523.0,102733.0,102733.0,104126.0,9686600.0,104126.0
2020-08-07,104126.0,101957.0,104116.0,102776.0,10337100.0,102776.0
2020-08-10,103722.0,101282.0,102776.0,103444.0,8259500.0,103444.0
2020-08-11,104409.0,102174.0,103449.0,102174.0,9360900.0,102174.0
2020-08-12,103116.0,100698.0,102176.0,102118.0,10114200.0,102118.0
2020-08-13,103237.0,100187.0,102118.0,100461.0,10721300.0,100461.0
2020-08-14,101717.0,100445.0,100469.0,101353.0,8576300.0,101353.0
2020-08-17,101689.0,98513.0,101348.0,99595.0,10816200.0,99595.0
2020-08-18,102247.0,99597.0,99597.0,102065.0,9418700.0,102065.0
2020-08-19,102334.0,100800.0,102072.0,100854.0,10025800.0,100854.0
2020-08-20,101749.0,99131.0,100853.0,101468.0,9405000.0,101468.0
2020-08-21,101566.0,100412.0,101460.0,101521.0,9100200.0,101521.0
2020-08-24,102515.0,101525.0,101525.0,102298.0,7723000.0,102298.0
2020-08-25,102708.0,101623.0,102293.0,102118.0,8170900.0,102118.0
2020-08-26,102521.0,99359.0,102119.0,100627.0,9861200.0,100627.0
2020-08-27,101548.0,99857.0,100625.0,100624.0,7360600.0,100624.0
2020-08-28,102347.0,100631.0,100631.0,102143.0,7665700.0,102143.0
2020-08-31,102142.0,99369.0,102142.0,99369.0,12226100.0,99369.0
2020-09-01,102238.0,99382.0,99382.0,102168.0,9384700.0,102168.0
2020-09-02,102824.0,100872.0,102168.0,101911.0,7557900.0,101911.0
2020-09-03,103226.0,99751.0,101911.0,100721.0,12611000.0,100721.0
2020-09-04,101582.0,98961.0,100733.0,101242.0,11327400.0,101242.0
2020-09-08,101239.0,99373.0,101239.0,100050.0,8479000.0,100050.0
2020-09-09,101578.0,100050.0,100050.0,101292.0,7955600.0,101292.0
2020-09-10,101536.0,98687.0,101291.0,98835.0,8894600.0,98835.0
2020-09-11,99435.0,97758.0,98839.0,98363.0,9107900.0,98363.0
2020-09-14,100520.0,98367.0,98367.0,100275.0,8182100.0,100275.0
2020-09-15,100949.0,99647.0,100277.0,100298.0,9216700.0,100298.0
2020-09-16,100663.0,99663.0,100299.0,99676.0,7139400.0,99676.0
2020-09-17,100251.0,98562.0,99674.0,100098.0,0.0,100098.0
2020-09-18,100102.0,98045.0,100098.0,98290.0,11370300.0,98290.0
2020-09-21,98283.0,95820.0,98283.0,96991.0,9738000.0,96991.0
2020-09-22,97684.0,96390.0,96995.0,97294.0,7281300.0,97294.0
2020-09-23,97389.0,95728.0,97294.0,95735.0,8830700.0,95735.0
2020-09-24,97955.0,95653.0,95735.0,97012.0,9331000.0,97012.0
2020-09-25,97012.0,95632.0,97011.0,96999.0,7351100.0,96999.0
2020-09-28,98314.0,94371.0,97005.0,94666.0,10508900.0,94666.0
2020-09-29,95505.0,93408.0,94665.0,93580.0,8737200.0,93580.0
2020-09-30,95340.0,93584.0,93586.0,94603.0,9454300.0,94603.0
2020-10-01,95486.0,93599.0,94604.0,95479.0,9243500.0,95479.0
2020-10-02,95996.0,93897.0,95475.0,94016.0,8584900.0,94016.0
2020-10-05,96414.0,93984.0,94019.0,96089.0,8616000.0,96089.0
2020-10-06,97405.0,95211.0,96091.0,95615.0,11299600.0,95615.0
2020-10-07,96380.0,94881.0,95616.0,95526.0,9829900.0,95526.0
2020-10-08,97938.0,95530.0,95530.0,97920.0,11163600.0,97920.0
2020-10-09,98642.0,97161.0,97924.0,97483.0,10810500.0,97483.0
2020-10-13,98998.0,97336.0,97483.0,98503.0,7867500.0,98503.0
2020-10-14,99571.0,98501.0,98502.0,99334.0,8891000.0,99334.0
2020-10-15,99486.0,97778.0,99328.0,99054.0,8335200.0,99054.0
2020-10-16,99172.0,98309.0,99054.0,98309.0,7840200.0,98309.0
2020-10-19,99917.0,98310.0,98310.0,98658.0,9929400.0,98658.0
2020-10-20,100722.0,98664.0,98664.0,100540.0,8796000.0,100540.0
2020-10-21,101586.0,100149.0,100541.0,100552.0,8661100.0,100552.0
2020-10-22,102020.0,100457.0,100553.0,101918.0,9556900.0,101918.0
2020-10-23,102218.0,101188.0,101918.0,101260.0,7561100.0,101260.0
2020-10-26,101784.0,99762.0,101260.0,101017.0,8070400.0,101017.0
2020-10-27,101660.0,99414.0,101017.0,99606.0,8672300.0,99606.0
2020-10-28,99598.0,95369.0,99598.0,95369.0,11051600.0,95369.0
2020-10-29,96688.0,93387.0,95368.0,96582.0,12704400.0,96582.0
2020-10-30,96579.0,93559.0,96579.0,93952.0,10643200.0,93952.0
2020-11-03,96250.0,93968.0,93968.0,95587.0,10191800.0,95587.0
2020-11-04,98296.0,95987.0,95992.0,97811.0,10704600.0,97811.0
2020-11-05,100922.0,97872.0,97873.0,100774.0,10455300.0,100774.0
2020-11-06,100928.0,99837.0,100751.0,100799.0,8382800.0,100799.0
2020-11-09,105147.0,100954.0,100954.0,103913.0,17410500.0,103913.0
2020-11-10,105758.0,103453.0,103516.0,105351.0,16665200.0,105351.0
2020-11-11,105462.0,104143.0,105067.0,104532.0,10841000.0,104532.0
2020-11-12,105019.0,102034.0,104810.0,102175.0,10860300.0,102175.0
2020-11-13,104707.0,102509.0,102509.0,104512.0,9772100.0,104512.0
2020-11-16,106518.0,104729.0,104729.0,106430.0,11724300.0,106430.0
2020-11-17,107810.0,105847.0,106430.0,107229.0,10311000.0,107229.0
2020-11-18,107467.0,106217.0,107246.0,106483.0,10337300.0,106483.0
2020-11-19,106973.0,105545.0,106117.0,106517.0,8555700.0,106517.0
2020-11-23,107495.0,106050.0,106050.0,107379.0,9686000.0,107379.0
2020-11-24,109956.0,107361.0,107378.0,109786.0,11934800.0,109786.0
2020-11-25,110596.0,109315.0,109786.0,110133.0,8564700.0,110133.0
2020-11-26,110245.0,109418.0,110133.0,110227.0,6166800.0,110227.0
2020-11-27,111603.0,110161.0,110229.0,110575.0,8790300.0,110575.0
2020-11-30,110934.0,108829.0,110598.0,108888.0,19300000.0,108888.0
2020-12-01,111840.0,108897.0,108897.0,111335.0,11324800.0,111335.0
2020-12-02,112315.0,110579.0,111402.0,111814.0,9814300.0,111814.0
2020-12-03,113377.0,111874.0,111874.0,112919.0,11474200.0,112919.0
2020-12-04,113864.0,112294.0,112294.0,113682.0,8892900.0,113682.0
2020-12-07,114531.0,112629.0,113751.0,113625.0,9633900.0,113625.0
2020-12-08,114381.0,112820.0,113590.0,113571.0,8810900.0,113571.0
2020-12-09,114020.0,112567.0,113799.0,112722.0,8431100.0,112722.0
2020-12-10,115262.0,112732.0,113002.0,114992.0,11803600.0,114992.0
2020-12-11,115527.0,113949.0,115128.0,115323.0,8372300.0,115323.0
2020-12-14,115740.0,114431.0,115137.0,114975.0,8190900.0,114975.0
2020-12-15,116390.0,114613.0,114613.0,116146.0,8195100.0,116146.0
2020-12-16,118178.0,115496.0,116149.0,117947.0,9808100.0,117947.0
2020-12-17,119027.0,117856.0,117864.0,118157.0,7701400.0,118157.0
2020-12-18,119370.0,117639.0,118395.0,117679.0,8636000.0,117679.0
2020-12-21,118021.0,114730.0,118021.0,116016.0,10347100.0,116016.0
2020-12-22,116903.0,115648.0,115825.0,116348.0,6947900.0,116348.0
2020-12-23,118311.0,116636.0,116636.0,117857.0,6483300.0,117857.0
2020-12-28,119213.0,117805.0,117806.0,119051.0,7171700.0,119051.0
2020-12-29,119861.0,118750.0,119130.0,119475.0,6769700.0,119475.0
2020-12-30,120150.0,118919.0,119410.0,119306.0,8235700.0,119306.0
2021-01-04,120354.0,118062.0,119024.0,118558.0,8741400.0,118558.0
2021-01-05,119790.0,116756.0,118835.0,119223.0,9257100.0,119223.0
2021-01-06,120924.0,118917.0,119377.0,119851.0,11638200.0,119851.0
2021-01-07,121983.0,119101.0,119103.0,121956.0,11774800.0,121956.0
2021-01-08,125324.0,122386.0,122387.0,125077.0,11085800.0,125077.0
2021-01-11,125075.0,122506.0,125075.0,122807.0,9537600.0,122807.0
2021-01-12,124584.0,123227.0,123255.0,123998.0,8949000.0,123998.0
2021-01-13,124032.0,121016.0,123996.0,122040.0,10291500.0,122040.0
2021-01-14,123896.0,121947.0,121947.0,123481.0,8974400.0,123481.0
2021-01-15,123472.0,120374.0,123472.0,120502.0,9387600.0,120502.0
2021-01-18,122586.0,120351.0,120351.0,121242.0,7223100.0,121242.0
2021-01-19,122120.0,119257.0,121250.0,120673.0,7886000.0,120673.0
2021-01-20,121449.0,118740.0,120645.0,119708.0,7947300.0,119708.0
2021-01-21,120243.0,117785.0,119628.0,118443.0,8573900.0,118443.0
2021-01-22,118318.0,116109.0,118318.0,117172.0,9373100.0,117172.0
2021-01-26,119167.0,116109.0,117381.0,116464.0,10681400.0,116464.0
2021-01-27,117840.0,114887.0,116463.0,115882.0,12380400.0,115882.0
2021-01-28,119314.0,115734.0,115882.0,119314.0,12065900.0,119314.0
2021-01-29,118880.0,115299.0,118880.0,116007.0,10965200.0,116007.0
2021-02-01,117862.0,115093.0,115093.0,117365.0,8716500.0,117365.0
2021-02-02,119805.0,117519.0,117520.0,118234.0,11625900.0,118234.0
2021-02-03,120210.0,118234.0,118235.0,119725.0,8704300.0,119725.0
2021-02-04,120560.0,118918.0,119728.0,119261.0,8100700.0,119261.0
2021-02-05,121117.0,119261.0,119261.0,119925.0,8208400.0,119925.0
2021-02-08,120844.0,119140.0,120239.0,119516.0,8619100.0,119516.0
2021-02-09,119975.0,118246.0,119696.0,119429.0,7913500.0,119429.0
2021-02-10,119738.0,117970.0,119472.0,118430.0,8644600.0,118430.0
2021-02-11,120283.0,118440.0,118440.0,119235.0,7567400.0,119235.0
2021-02-12,119763.0,118163.0,119300.0,119116.0,7655900.0,119116.0
2021-02-17,120573.0,118880.0,119421.0,120391.0,8326100.0,120391.0
2021-02-18,120845.0,118515.0,120361.0,119140.0,10720600.0,119140.0
2021-02-19,119250.0,117867.0,119199.0,118748.0,10402800.0,118748.0
2021-02-22,118388.0,111650.0,118388.0,112668.0,21768700.0,112668.0
2021-02-23,115380.0,112667.0,112676.0,115227.0,15174900.0,115227.0
2021-02-24,116208.0,114668.0,115229.0,115668.0,11399300.0,115668.0
2021-02-25,116506.0,111764.0,115668.0,112256.0,12466500.0,112256.0
2021-02-26,113466.0,109827.0,112260.0,110035.0,14618500.0,110035.0
2021-03-01,112445.0,110036.0,110036.0,110335.0,11239900.0,110335.0
2021-03-02,112428.0,107319.0,110328.0,111540.0,14823200.0,111540.0
2021-03-03,112398.0,107466.0,111529.0,111184.0,15144300.0,111184.0
2021-03-04,114433.0,111163.0,111191.0,112690.0,14221600.0,112690.0
2021-03-05,115504.0,112504.0,112690.0,115202.0,13254800.0,115202.0
2021-03-08,115202.0,110268.0,115202.0,110612.0,0.0,110612.0
2021-03-09,112525.0,109343.0,110611.0,111331.0,12135300.0,111331.0
2021-03-10,112928.0,109999.0,111331.0,112776.0,12511800.0,112776.0
2021-03-11,115127.0,112776.0,112782.0,114984.0,12092100.0,114984.0
2021-03-12,114984.0,113253.0,114984.0,114160.0,8110700.0,114160.0
2021-03-15,114903.0,113635.0,114093.0,114851.0,8224700.0,114851.0
2021-03-16,114974.0,113370.0,114845.0,114019.0,78000.0,114019.0
2021-03-17,116736.0,113428.0,114018.0,116549.0,94300.0,116549.0
2021-03-18,116751.0,114302.0,116549.0,114835.0,9920100.0,114835.0
2021-03-19,116446.0,114610.0,114837.0,116222.0,12341800.0,116222.0
2021-03-22,116225.0,113620.0,116222.0,114979.0,8160600.0,114979.0
2021-03-23,115599.0,113062.0,114977.0,113262.0,8301500.0,113262.0
2021-03-24,114823.0,112064.0,113272.0,112064.0,9834000.0,112064.0
2021-03-25,114024.0,110927.0,112065.0,113750.0,10306500.0,113750.0
2021-03-26,115416.0,113305.0,113750.0,114781.0,8659500.0,114781.0
2021-03-29,115553.0,114096.0,114776.0,115419.0,7463300.0,115419.0
2021-03-30,117090.0,114999.0,115414.0,116850.0,8141600.0,116850.0
2021-03-31,117249.0,115932.0,116850.0,116634.0,10659200.0,116634.0
2021-04-01,117088.0,114991.0,116644.0,115253.0,8009200.0,115253.0
2021-04-05,117668.0,115262.0,115262.0,117518.0,7245100.0,117518.0
2021-04-06,118213.0,117176.0,117519.0,117499.0,6800800.0,117499.0
2021-04-07,118303.0,116748.0,117499.0,117624.0,0.0,117624.0
2021-04-08,118850.0,117486.0,117624.0,118313.0,8778200.0,118313.0
2021-04-09,118643.0,117336.0,118313.0,117670.0,7739400.0,117670.0
2021-04-12,118812.0,117661.0,117661.0,118812.0,7000500.0,118812.0
2021-04-13,119529.0,118041.0,118809.0,119297.0,8977600.0,119297.0
2021-04-14,120871.0,119298.0,119298.0,120295.0,10076600.0,120295.0
2021-04-15,121409.0,120084.0,120290.0,120701.0,7948100.0,120701.0
2021-04-16,121333.0,120199.0,120701.0,121114.0,7945600.0,121114.0
2021-04-19,121974.0,120682.0,121116.0,120934.0,10028100.0,120934.0
2021-04-20,121354.0,119841.0,120925.0,120062.0,7811500.0,120062.0
2021-04-22,120995.0,119203.0,120064.0,119371.0,8598600.0,119371.0
2021-04-23,120815.0,119372.0,119372.0,120530.0,7615500.0,120530.0
2021-04-26,121393.0,119860.0,120534.0,120595.0,7095300.0,120595.0
2021-04-27,121012.0,119003.0,120595.0,119388.0,8362300.0,119388.0
2021-04-28,121276.0,119392.0,119392.0,121053.0,9081500.0,121053.0
2021-04-29,121498.0,119703.0,121053.0,120066.0,8500200.0,120066.0
2021-04-30,120125.0,118894.0,120064.0,118894.0,11093200.0,118894.0
2021-05-03,119904.0,118528.0,118951.0,119209.0,8888300.0,119209.0
2021-05-04,119293.0,117631.0,119209.0,117712.0,8765500.0,117712.0
2021-05-05,119734.0,117725.0,117725.0,119564.0,9059100.0,119564.0
2021-05-06,119966.0,119071.0,119577.0,119921.0,8779600.0,119921.0
2021-05-07,122038.0,119922.0,119922.0,122038.0,8865100.0,122038.0
2021-05-10,122772.0,121795.0,122038.0,121909.0,8219100.0,121909.0
2021-05-11,122964.0,120145.0,121904.0,122964.0,7988600.0,122964.0
2021-05-12,122964.0,119458.0,122964.0,119710.0,9405200.0,119710.0
2021-05-13,121426.0,119711.0,119711.0,120706.0,9356200.0,120706.0
2021-05-14,122195.0,120719.0,120719.0,121881.0,10136300.0,121881.0
2021-05-17,123074.0,121680.0,121880.0,122938.0,7408100.0,122938.0
2021-05-18,123544.0,122550.0,122937.0,122980.0,7840100.0,122980.0
2021-05-19,123013.0,121595.0,122976.0,122636.0,8825300.0,122636.0
2021-05-20,122734.0,122136.0,122636.0,122701.0,7906400.0,122701.0
2021-05-21,122799.0,121760.0,122701.0,122592.0,9493600.0,122592.0
2021-05-24,124167.0,122526.0,122592.0,124032.0,8186300.0,124032.0
2021-05-25,124696.0,122701.0,124032.0,122988.0,8914500.0,122988.0
2021-05-26,124256.0,122988.0,122988.0,123989.0,8258400.0,123989.0
2021-05-27,124537.0,123470.0,123989.0,124367.0,0.0,124367.0
2021-05-28,125698.0,124284.0,124367.0,125561.0,8838500.0,125561.0
2021-05-31,126216.0,125540.0,125561.0,126216.0,5946500.0,126216.0
2021-06-01,128363.0,126218.0,126218.0,128267.0,12496100.0,128267.0
2021-06-02,129601.0,128167.0,128268.0,129601.0,12781100.0,129601.0
2021-06-04,130137.0,129148.0,129600.0,130126.0,9814800.0,130126.0
2021-06-07,131190.0,129498.0,130125.0,130776.0,9655400.0,130776.0
2021-06-08,130776.0,129230.0,130776.0,129787.0,10346600.0,129787.0
2021-06-09,130882.0,129281.0,129800.0,129907.0,9833700.0,129907.0
2021-06-10,130527.0,129526.0,129911.0,130076.0,8537900.0,130076.0
2021-06-11,130294.0,128678.0,130076.0,129441.0,7748200.0,129441.0
2021-06-14,131084.0,129441.0,129441.0,130208.0,8155700.0,130208.0
2021-06-15,130436.0,129304.0,130208.0,130091.0,7211500.0,130091.0
2021-06-16,130283.0,128345.0,130091.0,129259.0,12879400.0,129259.0
2021-06-17,129919.0,127576.0,129259.0,128057.0,9664700.0,128057.0
2021-06-18,128796.0,127595.0,128050.0,128405.0,12432000.0,128405.0
2021-06-21,129412.0,128048.0,128405.0,129265.0,7333600.0,129265.0
2021-06-22,129259.0,127803.0,129242.0,128767.0,9328000.0,128767.0
2021-06-23,129901.0,128182.0,128769.0,128428.0,7988900.0,128428.0
2021-06-24,129541.0,128428.0,128433.0,129514.0,7237000.0,129514.0
2021-06-25,129748.0,126697.0,129513.0,127256.0,9363800.0,127256.0
2021-06-28,128067.0,126629.0,127255.0,127429.0,8155600.0,127429.0
2021-06-29,127507.0,126184.0,127429.0,127327.0,7777900.0,127327.0
2021-06-30,127323.0,126199.0,127323.0,126802.0,9098600.0,126802.0
2021-07-01,127204.0,124994.0,126802.0,125666.0,9292000.0,125666.0
2021-07-02,127672.0,125667.0,125667.0,127622.0,7434800.0,127622.0
2021-07-05,127633.0,126531.0,127622.0,126920.0,5255600.0,126920.0
2021-07-06,126919.0,124866.0,126919.0,125095.0,7651300.0,125095.0
2021-07-07,127249.0,125094.0,125096.0,127019.0,8151400.0,127019.0
2021-07-08,127013.0,124310.0,127013.0,125428.0,8881400.0,125428.0
2021-07-12,127782.0,125428.0,125428.0,127594.0,7421600.0,127594.0
2021-07-13,128420.0,126441.0,127594.0,128168.0,7152000.0,128168.0
2021-07-14,129620.0,128085.0,128169.0,128407.0,0.0,128407.0
2021-07-15,128976.0,126922.0,128407.0,127468.0,7418600.0,127468.0
2021-07-16,128010.0,125808.0,127468.0,125960.0,7355800.0,125960.0
2021-07-19,125958.0,123317.0,125958.0,124395.0,9210200.0,124395.0
2021-07-20,125631.0,123631.0,124395.0,125401.0,7627500.0,125401.0
2021-07-21,126112.0,125247.0,125404.0,125929.0,7148900.0,125929.0
2021-07-22,126428.0,125416.0,125930.0,126147.0,6480400.0,126147.0
2021-07-23,126204.0,124422.0,126140.0,125053.0,6051800.0,125053.0
2021-07-26,126214.0,125006.0,125058.0,126004.0,6325500.0,126004.0
2021-07-27,126026.0,123670.0,126004.0,124612.0,7313800.0,124612.0
2021-07-28,126712.0,124542.0,124615.0,126286.0,9038200.0,126286.0
2021-07-29,126476.0,124917.0,126285.0,125675.0,7488400.0,125675.0
2021-07-30,125673.0,121748.0,125672.0,121801.0,9399200.0,121801.0
2021-08-02,124536.0,121797.0,121803.0,122516.0,8565400.0,122516.0
2021-08-03,123765.0,120807.0,122516.0,123577.0,9391300.0,123577.0
2021-08-04,123587.0,121072.0,123577.0,121801.0,9164200.0,121801.0
2021-08-05,123541.0,121128.0,121801.0,121633.0,10913000.0,121633.0
2021-08-06,123287.0,121568.0,121633.0,122810.0,7499200.0,122810.0
2021-08-09,123597.0,122258.0,122809.0,123019.0,7171500.0,123019.0
2021-08-10,123513.0,122061.0,123021.0,122202.0,8297600.0,122202.0
2021-08-11,122756.0,120827.0,122203.0,122056.0,8685200.0,122056.0
2021-08-12,122095.0,120534.0,122056.0,120701.0,11066000.0,120701.0
2021-08-13,121275.0,120045.0,120701.0,121194.0,10642200.0,121194.0
2021-08-16,121191.0,118684.0,121191.0,119180.0,9741700.0,119180.0
2021-08-17,119179.0,116248.0,119179.0,117904.0,11218200.0,117904.0
2021-08-18,118739.0,116489.0,117904.0,116643.0,11745800.0,116643.0
2021-08-19,117453.0,114801.0,116641.0,117165.0,10525900.0,117165.0
2021-08-20,118308.0,116040.0,117163.0,118053.0,8929300.0,118053.0
2021-08-23,118445.0,117062.0,118053.0,117472.0,7853000.0,117472.0
2021-08-24,120463.0,117474.0,117474.0,120211.0,9181000.0,120211.0
2021-08-25,120818.0,119226.0,120210.0,120818.0,7520100.0,120818.0
2021-08-26,120833.0,118719.0,120817.0,118724.0,8426900.0,118724.0
2021-08-27,120678.0,118721.0,118725.0,120678.0,7323600.0,120678.0
2021-08-30,120684.0,119354.0,120677.0,119740.0,6391900.0,119740.0
2021-08-31,120157.0,117911.0,119738.0,118781.0,11535600.0,118781.0
2021-09-01,119942.0,118067.0,118793.0,119396.0,9523000.0,119396.0
2021-09-02,119397.0,116534.0,119394.0,116677.0,9862800.0,116677.0
2021-09-03,117396.0,115583.0,116679.0,116933.0,12517500.0,116933.0
2021-09-06,117981.0,116156.0,116926.0,117869.0,5111300.0,117869.0
2021-09-08,117866.0,113172.0,117866.0,113413.0,12254400.0,113413.0
2021-09-09,116354.0,112435.0,113413.0,115361.0,13890600.0,115361.0
2021-09-10,116896.0,114286.0,115370.0,114286.0,11155700.0,114286.0
2021-09-13,117046.0,114300.0,114300.0,116404.0,9253400.0,116404.0
2021-09-14,117270.0,115809.0,116405.0,116181.0,9034100.0,116181.0
2021-09-15,116312.0,114741.0,116191.0,115063.0,9456800.0,115063.0
2021-09-16,115062.0,113395.0,115062.0,113794.0,10685500.0,113794.0
2021-09-17,113794.0,111157.0,113794.0,111439.0,14827600.0,111439.0
2021-09-20,111435.0,107520.0,111435.0,108844.0,11500200.0,108844.0
2021-09-21,110923.0,108859.0,108859.0,110250.0,11247700.0,110250.0
2021-09-22,113321.0,110251.0,110252.0,112282.0,12158600.0,112282.0
2021-09-23,114330.0,112281.0,112282.0,114064.0,11476300.0,114064.0
2021-09-24,114062.0,112505.0,114062.0,113283.0,9121200.0,113283.0
2021-09-27,114432.0,112360.0,113283.0,113583.0,10739700.0,113583.0
2021-09-28,113584.0,109981.0,113584.0,110124.0,13190800.0,110124.0
2021-09-29,112028.0,110125.0,110125.0,111107.0,11372600.0,111107.0
2021-09-30,112371.0,110743.0,111117.0,110979.0,13160600.0,110979.0
2021-10-01,113020.0,110980.0,110980.0,112900.0,10779100.0,112900.0
2021-10-04,112900.0,109979.0,112900.0,110393.0,11814200.0,110393.0
2021-10-05,111691.0,110087.0,110397.0,110458.0,10379000.0,110458.0
2021-10-06,110614.0,108180.0,110454.0,110560.0,13279200.0,110560.0
2021-10-07,111522.0,110563.0,110563.0,110585.0,10646000.0,110585.0
2021-10-08,114172.0,110586.0,110586.0,112833.0,12871400.0,112833.0
2021-10-11,113982.0,112052.0,112834.0,112180.0,10283700.0,112180.0
2021-10-13,114159.0,111807.0,112180.0,113456.0,11732700.0,113456.0
2021-10-14,113881.0,112708.0,113457.0,113185.0,8956200.0,113185.0
2021-10-15,114776.0,113049.0,113189.0,114648.0,11174900.0,114648.0
2021-10-18,114927.0,112841.0,114647.0,114428.0,11201300.0,114428.0
2021-10-19,114422.0,109947.0,114422.0,110673.0,14129200.0,110673.0
2021-10-20,112023.0,110176.0,110677.0,110786.0,11735800.0,110786.0
2021-10-21,110767.0,105714.0,110767.0,107735.0,16507700.0,107735.0
2021-10-22,107749.0,102854.0,107714.0,106296.0,21165700.0,106296.0
2021-10-25,109372.0,106296.0,106298.0,108715.0,11512100.0,108715.0
2021-10-26,108713.0,106321.0,108713.0,106420.0,10762200.0,106420.0
2021-10-27,108224.0,106045.0,106433.0,106363.0,10831300.0,106363.0
2021-10-28,107210.0,105282.0,106369.0,105705.0,11502900.0,105705.0
2021-10-29,105954.0,103430.0,105707.0,103501.0,12595800.0,103501.0
2021-11-01,106136.0,103514.0,103514.0,105551.0,10734800.0,105551.0
2021-11-03,106754.0,104205.0,105547.0,105617.0,14696900.0,105617.0
2021-11-04,105627.0,102835.0,105617.0,103412.0,12084000.0,103412.0
2021-11-05,105555.0,103412.0,103412.0,104824.0,12595000.0,104824.0
2021-11-08,105679.0,104182.0,104824.0,104781.0,9358000.0,104781.0
2021-11-09,106674.0,104783.0,104783.0,105535.0,11021200.0,105535.0
2021-11-10,107407.0,105140.0,105535.0,105968.0,12277400.0,105968.0
2021-11-11,108669.0,105988.0,105988.0,107725.0,12661400.0,107725.0
2021-11-12,107915.0,105842.0,107576.0,106312.0,13248100.0,106312.0
2021-11-16,106971.0,104113.0,106336.0,104508.0,11579400.0,104508.0
2021-11-17,105535.0,102551.0,104405.0,102945.0,12832200.0,102945.0
2021-11-18,103757.0,102014.0,102948.0,102524.0,10905700.0,102524.0
2021-11-19,103975.0,102143.0,102426.0,103035.0,11101500.0,103035.0
2021-11-22,104613.0,102122.0,103036.0,102122.0,10410000.0,102122.0
2021-11-23,103692.0,101736.0,102124.0,103663.0,13032400.0,103663.0
2021-11-24,105041.0,102464.0,103652.0,104514.0,10466600.0,104514.0
2021-11-25,106400.0,104514.0,104514.0,105811.0,7890400.0,105811.0
2021-11-26,105810.0,101495.0,105810.0,102224.0,10969100.0,102224.0
2021-11-29,104149.0,102226.0,102227.0,102814.0,10283300.0,102814.0
2021-11-30,103066.0,100075.0,102814.0,101915.0,18195100.0,101915.0
2021-12-01,104087.0,100727.0,101916.0,100775.0,13762900.0,100775.0
2021-12-02,104466.0,100785.0,100785.0,104466.0,14846500.0,104466.0
2021-12-03,106814.0,104090.0,104467.0,105070.0,14581500.0,105070.0
2021-12-06,107498.0,105070.0,105070.0,106859.0,11127500.0,106859.0
2021-12-07,108655.0,106868.0,106868.0,107558.0,11773100.0,107558.0
2021-12-08,108521.0,107309.0,107558.0,108096.0,13166800.0,108096.0
2021-12-09,106754.0,105890.0,106573.0,106291.0,11082900.0,106291.0
2021-12-10,108275.0,106296.0,106296.0,107758.0,10466000.0,107758.0
2021-12-13,109493.0,107383.0,107758.0,107383.0,12512300.0,107383.0
2021-12-14,109148.0,106445.0,107387.0,106760.0,11604300.0,106760.0
2021-12-15,107603.0,105697.0,106763.0,107370.0,12663100.0,107370.0
2021-12-16,109034.0,107433.0,107433.0,108212.0,13754600.0,108212.0
2021-12-17,108324.0,106518.0,108324.0,107201.0,14934300.0,107201.0
2021-12-20,107171.0,104358.0,107171.0,105020.0,10570000.0,105020.0
2021-12-21,105906.0,105020.0,105020.0,105500.0,9041600.0,105500.0
2021-12-22,105711.0,104386.0,105499.0,105244.0,8052900.0,105244.0
2021-12-23,105453.0,104637.0,105251.0,104891.0,7283600.0,104891.0
2021-12-27,105694.0,104798.0,104892.0,105531.0,7594900.0,105531.0
2021-12-28,105652.0,104503.0,105555.0,104864.0,7509000.0,104864.0
2021-12-29,105190.0,103851.0,104863.0,104107.0,6590000.0,104107.0
2021-12-30,105269.0,104106.0,104106.0,104822.0,11138100.0,104822.0
2022-01-03,106125.0,103413.0,104823.0,103922.0,11128500.0,103922.0
2022-01-04,104276.0,103096.0,103922.0,103514.0,11491600.0,103514.0
2022-01-05,103514.0,100850.0,103514.0,101006.0,0.0,101006.0
2022-01-06,102235.0,101000.0,101006.0,101561.0,11749200.0,101561.0
2022-01-07,102719.0,101104.0,101561.0,102719.0,11733200.0,102719.0
2022-01-10,102719.0,101038.0,102719.0,101945.0,10264700.0,101945.0
2022-01-11,103780.0,101918.0,101946.0,103779.0,12421500.0,103779.0
2022-01-12,105869.0,103771.0,103779.0,105686.0,13026500.0,105686.0
2022-01-13,106251.0,104974.0,105686.0,105530.0,11712300.0,105530.0
2022-01-14,107062.0,105028.0,105530.0,106928.0,11457100.0,106928.0
2022-01-17,106928.0,106097.0,106927.0,106692.0,6924200.0,106692.0
2022-01-18,107013.0,105786.0,106369.0,106522.0,11221900.0,106522.0
2022-01-19,108602.0,106669.0,106670.0,108013.0,12595600.0,108013.0
2022-01-20,109873.0,108015.0,108015.0,109102.0,13630500.0,109102.0
2022-01-21,109786.0,108368.0,109097.0,108942.0,13408400.0,108942.0
2022-01-24,108948.0,106624.0,108941.0,107752.0,12700800.0,107752.0
2022-01-25,110115.0,107185.0,107935.0,109845.0,13713900.0,109845.0
2022-01-26,112695.0,110204.0,110207.0,111573.0,15513800.0,111573.0
2022-01-27,113057.0,111303.0,111303.0,112315.0,14812000.0,112315.0
2022-01-28,112969.0,111407.0,112611.0,111478.0,13520100.0,111478.0
2022-01-31,112495.0,111195.0,111910.0,112388.0,12190800.0,112388.0
2022-02-01,113302.0,112135.0,112143.0,113147.0,11133300.0,113147.0
2022-02-02,113666.0,111645.0,113228.0,112161.0,11751200.0,112161.0
2022-02-03,112502.0,111225.0,111897.0,111696.0,11039700.0,111696.0
2022-02-04,112415.0,110321.0,111696.0,112245.0,0.0,112245.0
2022-02-07,112517.0,111490.0,112247.0,111996.0,10672800.0,111996.0
2022-02-08,112251.0,110943.0,111995.0,112234.0,10157500.0,112234.0
2022-02-09,113163.0,111710.0,112233.0,112461.0,13794500.0,112461.0
2022-02-10,113812.0,112163.0,112462.0,113359.0,13267900.0,113359.0
2022-02-11,114899.0,113128.0,113368.0,113572.0,18602800.0,113572.0
2022-02-14,114167.0,113358.0,113643.0,113807.0,10757600.0,113807.0
2022-02-15,114819.0,113882.0,113905.0,114660.0,11649600.0,114660.0
2022-02-16,115734.0,114816.0,114830.0,115181.0,12052100.0,115181.0
2022-02-17,115214.0,113389.0,115181.0,113528.0,10807500.0,113528.0
2022-02-18,114213.0,112701.0,113534.0,112768.0,11300700.0,112768.0
2022-02-21,113405.0,111608.0,112880.0,111725.0,7864900.0,111725.0
2022-02-22,113315.0,111727.0,111727.0,112892.0,12707000.0,112892.0
2022-02-23,113721.0,111748.0,112892.0,112008.0,12120600.0,112008.0
2022-02-24,112001.0,109125.0,112001.0,111592.0,16794700.0,111592.0
2022-02-25,113142.0,110673.0,111591.0,113142.0,17555700.0,113142.0
2022-03-02,115429.0,113143.0,113143.0,115174.0,0.0,115174.0
2022-03-03,115948.0,115010.0,115173.0,115166.0,12123000.0,115166.0
2022-03-04,115166.0,113389.0,115166.0,114474.0,10715700.0,114474.0
2022-03-07,114529.0,111140.0,114469.0,111593.0,14057700.0,111593.0
2022-03-08,112390.0,110969.0,111594.0,111203.0,15698500.0,111203.0
2022-03-09,114051.0,111207.0,111210.0,113900.0,14705400.0,113900.0
2022-03-10,113939.0,111889.0,113900.0,113663.0,12984000.0,113663.0
2022-03-11,114627.0,111332.0,113664.0,111713.0,12475800.0,111713.0
2022-03-14,112299.0,109717.0,111716.0,109928.0,10480900.0,109928.0
2022-03-15,109925.0,107781.0,109925.0,108959.0,13653800.0,108959.0
2022-03-16,111183.0,108958.0,108958.0,111112.0,13205200.0,111112.0
2022-03-17,113088.0,111070.0,111113.0,113076.0,14407500.0,113076.0
2022-03-18,115311.0,112475.0,113076.0,115311.0,19552500.0,115311.0
2022-03-21,116360.0,115208.0,115307.0,116155.0,10378700.0,116155.0
2022-03-22,117541.0,116157.0,116157.0,117272.0,11382700.0,117272.0
2022-03-23,118270.0,117036.0,117270.0,117457.0,11083700.0,117457.0
2022-03-24,119256.0,117151.0,117460.0,119053.0,13474400.0,119053.0
2022-03-25,119729.0,118548.0,119062.0,119081.0,13814500.0,119081.0
2022-03-28,119444.0,118061.0,119082.0,118738.0,9167700.0,118738.0
2022-03-29,120900.0,118740.0,118740.0,120014.0,12931900.0,120014.0
2022-03-30,120531.0,119775.0,120013.0,120260.0,10893300.0,120260.0
2022-03-31,120880.0,119999.0,120261.0,119999.0,11202100.0,119999.0
2022-04-01,121579.0,120001.0,120001.0,121570.0,13780900.0,121570.0
2022-04-04,121570.0,120754.0,121569.0,121280.0,8812500.0,121280.0
2022-04-05,121628.0,118794.0,121279.0,118885.0,11788300.0,118885.0
2022-04-06,118885.0,116791.0,118885.0,118228.0,13410800.0,118228.0
2022-04-07,119247.0,117509.0,118226.0,118862.0,11520100.0,118862.0
2022-04-08,118868.0,117487.0,118861.0,118322.0,11225800.0,118322.0
2022-04-11,118320.0,116953.0,118320.0,116953.0,9558400.0,116953.0
2022-04-12,118615.0,116054.0,116963.0,116147.0,11406800.0,116147.0
2022-04-13,117329.0,116150.0,116150.0,116782.0,12070500.0,116782.0
2022-04-14,116781.0,115624.0,116781.0,116182.0,10365400.0,116182.0
2022-04-18,116191.0,115177.0,116182.0,115687.0,8404900.0,115687.0
2022-04-19,115687.0,114277.0,115687.0,115057.0,0.0,115057.0
2022-04-20,115057.0,113945.0,115057.0,114344.0,10747700.0,114344.0
2022-04-22,114343.0,110591.0,114343.0,111078.0,10877300.0,111078.0
2022-04-25,111155.0,109222.0,111077.0,110685.0,11098300.0,110685.0
2022-04-26,110685.0,107978.0,110684.0,108213.0,11747500.0,108213.0
2022-04-27,110107.0,108214.0,108214.0,109349.0,11515700.0,109349.0
2022-04-28,110702.0,108905.0,109349.0,109919.0,11129900.0,109919.0
2022-04-29,111819.0,107876.0,109922.0,107876.0,13662200.0,107876.0
2022-05-02,107884.0,105218.0,107876.0,106639.0,11935100.0,106639.0
2022-05-03,107127.0,106033.0,106640.0,106528.0,9935500.0,106528.0
2022-05-04,108382.0,104933.0,106529.0,108344.0,14558600.0,108344.0
2022-05-05,108337.0,103923.0,108337.0,105304.0,13826200.0,105304.0
2022-05-06,106268.0,103984.0,105303.0,105135.0,14137700.0,105135.0
2022-05-09,105109.0,102768.0,105109.0,103250.0,13196700.0,103250.0
2022-05-10,104286.0,102386.0,103251.0,103110.0,13507400.0,103110.0
2022-05-11,105374.0,103008.0,103110.0,104397.0,13425100.0,104397.0
2022-05-12,105708.0,103579.0,104395.0,105688.0,13995600.0,105688.0
2022-05-13,107773.0,105691.0,105691.0,106924.0,12369300.0,106924.0
2022-05-16,108685.0,108199.0,108685.0,108233.0,10596900.0,108233.0
2022-05-17,109774.0,108245.0,108246.0,108789.0,16503400.0,108789.0
2022-05-18,108096.0,106038.0,107903.0,106247.0,14752800.0,106247.0
2022-05-19,107420.0,105760.0,106249.0,107005.0,11426400.0,107005.0
2022-05-20,108795.0,107351.0,108520.0,108488.0,12866400.0,108488.0
2022-05-23,110680.0,108500.0,108500.0,110346.0,10682700.0,110346.0
2022-05-24,110635.0,108399.0,110340.0,110581.0,11724400.0,110581.0
2022-05-25,111006.0,109699.0,110085.0,110580.0,10737700.0,110580.0
2022-05-26,112102.0,110388.0,110577.0,111890.0,13077400.0,111890.0
2022-05-27,112441.0,111558.0,111890.0,111942.0,9979300.0,111942.0
2022-05-30,112690.0,110655.0,111944.0,111032.0,7284500.0,111032.0
2022-05-31,111903.0,110685.0,111036.0,111351.0,15809400.0,111351.0
2022-06-01,111931.0,110822.0,111351.0,111360.0,9790200.0,111360.0
2022-06-02,112709.0,111218.0,111363.0,112393.0,10051100.0,112393.0
2022-06-03,112392.0,110935.0,112392.0,111102.0,8757500.0,111102.0
2022-06-06,111935.0,110015.0,111102.0,110186.0,8212400.0,110186.0
2022-06-07,110435.0,109394.0,110185.0,110070.0,9466200.0,110070.0
2022-06-08,110142.0,108045.0,110067.0,108368.0,10379900.0,108368.0
2022-06-09,108510.0,107068.0,108367.0,107094.0,11955500.0,107094.0
2022-06-10,107092.0,104648.0,107091.0,105481.0,12840500.0,105481.0
2022-06-13,105478.0,101700.0,105476.0,102598.0,13837900.0,102598.0
2022-06-14,103328.0,101325.0,102598.0,102063.0,11563200.0,102063.0
2022-06-15,103952.0,102046.0,102068.0,102807.0,16023500.0,102807.0
2022-06-17,102801.0,98402.0,102800.0,99825.0,18927300.0,99825.0
2022-06-20,100481.0,98409.0,99824.0,99853.0,10900800.0,99853.0
2022-06-21,101069.0,99167.0,99854.0,99685.0,11072300.0,99685.0
2022-06-22,100374.0,98050.0,99678.0,99522.0,11675100.0,99522.0
2022-06-23,100232.0,97775.0,99523.0,98080.0,12397700.0,98080.0
2022-06-24,99313.0,98031.0,98081.0,98672.0,10345200.0,98672.0
2022-06-27,101106.0,98672.0,98673.0,100764.0,9895900.0,100764.0
2022-06-28,102237.0,99956.0,100766.0,100591.0,10493900.0,100591.0
2022-06-29,101313.0,99218.0,100592.0,99622.0,10448100.0,99622.0
2022-06-30,99619.0,97758.0,99619.0,98542.0,14588800.0,98542.0
2022-07-01,99340.0,97231.0,98542.0,98954.0,11609800.0,98954.0
2022-07-04,99353.0,98264.0,98952.0,98609.0,6279300.0,98609.0
2022-07-05,98608.0,96499.0,98608.0,98295.0,13358800.0,98295.0
2022-07-06,99141.0,97423.0,98294.0,98719.0,13348200.0,98719.0
2022-07-07,101420.0,98722.0,98722.0,100730.0,12696300.0,100730.0
2022-07-08,101577.0,99958.0,100732.0,100289.0,9730400.0,100289.0
2022-07-11,100282.0,97854.0,100282.0,98212.0,8893400.0,98212.0
2022-07-12,98737.0,97253.0,98212.0,98271.0,12566300.0,98271.0
2022-07-13,98928.0,97403.0,98258.0,97881.0,12208100.0,97881.0
2022-07-14,97879.0,95431.0,97879.0,96121.0,12579000.0,96121.0
2022-07-15,96971.0,95267.0,96119.0,96551.0,11347600.0,96551.0
2022-07-18,98291.0,96553.0,96553.0,96916.0,10738200.0,96916.0
2022-07-19,98346.0,96917.0,96920.0,98245.0,10295900.0,98245.0
2022-07-20,98366.0,97277.0,98244.0,98287.0,12941700.0,98287.0
2022-07-21,99057.0,97088.0,98286.0,99033.0,10060000.0,99033.0
2022-07-22,99724.0,98321.0,99034.0,98925.0,10033500.0,98925.0
2022-07-25,100508.0,98925.0,98926.0,100270.0,8621800.0,100270.0
2022-07-26,100753.0,99365.0,100270.0,99772.0,9136600.0,99772.0
2022-07-27,101471.0,99772.0,99773.0,101438.0,10263100.0,101438.0
2022-07-28,102686.0,101045.0,101437.0,102597.0,11130000.0,102597.0
2022-07-29,103989.0,102514.0,102597.0,103165.0,12934200.0,103165.0
2022-08-01,103317.0,101764.0,103165.0,102225.0,11626700.0,102225.0
2022-08-02,103660.0,101694.0,102225.0,103362.0,10124500.0,103362.0
2022-08-03,103878.0,102822.0,103362.0,103775.0,12379600.0,103775.0
2022-08-04,106162.0,103777.0,103777.0,105892.0,15499000.0,105892.0
2022-08-05,107176.0,105518.0,105893.0,106472.0,12947500.0,106472.0
2022-08-08,108489.0,106473.0,106473.0,108402.0,12674600.0,108402.0
2022-08-09,109331.0,107842.0,108403.0,108651.0,12147900.0,108651.0
2022-08-10,110362.0,108657.0,108658.0,110236.0,13376200.0,110236.0
2022-08-11,111310.0,109604.0,110236.0,109718.0,14944800.0,109718.0
2022-08-12,112764.0,109718.0,109718.0,112764.0,18704900.0,112764.0
2022-08-15,113214.0,111067.0,112767.0,113032.0,15552900.0,113032.0
2022-08-16,113626.0,112690.0,113034.0,113512.0,12986400.0,113512.0
2022-08-17,114146.0,112483.0,113508.0,113708.0,14652800.0,113708.0
2022-08-18,114375.0,113304.0,113708.0,113813.0,10644200.0,113813.0
2022-08-19,113807.0,111146.0,113807.0,111496.0,12678600.0,111496.0
2022-08-22,111487.0,109858.0,111487.0,110501.0,11010900.0,110501.0
2022-08-23,112965.0,110503.0,110504.0,112857.0,11892000.0,112857.0
2022-08-24,113888.0,112632.0,112856.0,112898.0,13758600.0,112898.0
2022-08-25,114156.0,112768.0,112898.0,113532.0,11838500.0,113532.0
2022-08-26,114091.0,111978.0,113533.0,112299.0,11159700.0,112299.0
2022-08-29,113222.0,111689.0,112296.0,112323.0,9795800.0,112323.0
2022-08-30,112869.0,110103.0,112323.0,110431.0,11937900.0,110431.0
2022-08-31,111364.0,109523.0,110431.0,109523.0,14791100.0,109523.0
2022-09-01,110405.0,108217.0,109524.0,110405.0,14478000.0,110405.0
2022-09-02,112264.0,110409.0,110409.0,110864.0,0.0,110864.0
2022-09-05,112671.0,110865.0,110868.0,112203.0,9515500.0,112203.0
2022-09-06,112203.0,109348.0,112203.0,109764.0,14296100.0,109764.0
2022-09-08,110768.0,108619.0,109771.0,109916.0,13759500.0,109916.0
2022-09-09,112540.0,109922.0,109922.0,112300.0,12155200.0,112300.0
2022-09-12,114160.0,112305.0,112307.0,113407.0,11707100.0,113407.0
2022-09-13,113400.0,110522.0,113398.0,110794.0,12612500.0,110794.0
2022-09-14,111504.0,110118.0,110794.0,110547.0,11630900.0,110547.0
2022-09-15,111100.0,109524.0,110547.0,109954.0,11622500.0,109954.0
2022-09-16,109952.0,108489.0,109951.0,109280.0,18843300.0,109280.0
2022-09-19,111976.0,108508.0,109283.0,111824.0,12594800.0,111824.0
2022-09-20,112544.0,111393.0,111824.0,112517.0,12570300.0,112517.0
2022-09-21,113294.0,111380.0,112517.0,111936.0,14726800.0,111936.0
2022-09-22,114392.0,111819.0,111942.0,114070.0,15684400.0,114070.0
2022-09-23,112457.0,110732.0,112258.0,111716.0,13542300.0,111716.0
2022-09-26,111713.0,109022.0,111713.0,109114.0,13127000.0,109114.0
2022-09-27,110161.0,108120.0,109122.0,108376.0,14517500.0,108376.0
2022-09-28,108970.0,107914.0,108377.0,108451.0,13540500.0,108451.0
2022-09-29,108449.0,106244.0,108449.0,107664.0,14588500.0,107664.0
2022-09-30,110502.0,107315.0,107664.0,110037.0,0.0,110037.0
