Date,High,Low,Close,Open,Adj Close
2022-09-30,6954.92,6840.07,6893.81,6881.59,6893.81
2022-09-29,7005.39,6829.29,6881.59,7005.39,6881.59
2022-09-28,7011.5,6836.28,7005.39,6984.59,7005.39
2022-09-27,7073.96,6984.59,6984.59,7020.95,6984.59
2022-09-26,7071.11,6937.4,7020.95,7018.6,7020.95
2022-09-23,7169.12,6981.5,7018.6,7159.52,7018.6
2022-09-22,7243.9,7149.59,7159.52,7237.64,7159.52
2022-09-21,7258.87,7170.69,7237.64,7192.66,7237.64
2022-09-20,7326.54,7171.24,7192.66,7236.68,7192.66
2022-09-16,7297.1,7236.17,7236.68,7282.07,7236.68
2022-09-15,7329.0,7258.67,7282.07,7277.3,7282.07
2022-09-14,7385.86,7259.24,7277.3,7385.86,7277.3
2022-09-13,7514.04,7385.86,7385.86,7473.03,7385.86
2022-09-12,7483.0,7351.07,7473.03,7351.07,7473.03
2022-09-09,7386.59,7262.06,7351.07,7262.06,7351.07
2022-09-08,7273.01,7175.75,7262.06,7237.83,7262.06
2022-09-07,7300.44,7186.56,7237.83,7300.44,7237.83
2022-09-06,7324.19,7256.51,7300.44,7287.43,7300.44
2022-09-05,7288.46,7191.17,7287.43,7281.19,7287.43
2022-09-02,7288.72,7148.5,7281.19,7148.5,7281.19
2022-09-01,7284.15,7131.69,7148.5,7284.15,7148.5
2022-08-31,7378.44,7263.62,7284.15,7361.63,7284.15
2022-08-30,7486.4,7351.12,7361.63,7427.31,7361.63
2022-08-26,7530.65,7422.02,7427.31,7479.74,7427.31
2022-08-25,7535.7,7469.17,7479.74,7471.51,7479.74
2022-08-24,7488.12,7410.4,7471.51,7488.11,7471.51
2022-08-23,7533.79,7467.56,7488.11,7533.79,7488.11
2022-08-22,7550.41,7491.26,7533.79,7550.37,7533.79
2022-08-19,7578.85,7513.26,7550.37,7541.85,7550.37
2022-08-18,7541.89,7493.66,7541.85,7515.75,7541.85
2022-08-17,7554.04,7501.54,7515.75,7536.06,7515.75
2022-08-16,7563.67,7509.15,7536.06,7509.15,7536.06
2022-08-15,7539.21,7463.51,7509.15,7500.89,7509.15
2022-08-12,7516.83,7464.12,7500.89,7465.91,7500.89
2022-08-11,7515.0,7460.11,7465.91,7507.11,7465.91
2022-08-10,7520.72,7468.64,7507.11,7488.15,7507.11
2022-08-09,7504.64,7475.04,7488.15,7482.37,7488.15
2022-08-08,7513.76,7439.74,7482.37,7439.74,7482.37
2022-08-05,7470.63,7420.16,7439.74,7448.06,7439.74
2022-08-04,7491.74,7417.49,7448.06,7445.68,7448.06
2022-08-03,7445.9,7372.71,7445.68,7409.11,7445.68
2022-08-02,7433.34,7386.76,7409.11,7413.42,7409.11
2022-08-01,7471.87,7408.94,7413.42,7450.24,7413.42
2022-07-29,7441.2,7345.25,7423.43,7345.25,7423.43
2022-07-28,7396.2,7308.99,7345.25,7348.23,7345.25
2022-07-27,7365.22,7306.28,7348.23,7306.28,7348.23
2022-07-26,7365.37,7301.19,7306.28,7306.3,7306.28
2022-07-25,7309.65,7242.9,7306.3,7276.37,7306.3
2022-07-22,7315.34,7254.02,7276.37,7270.51,7276.37
2022-07-21,7274.73,7200.14,7270.51,7264.31,7270.51
2022-07-20,7347.6,7253.56,7264.31,7296.28,7264.31
2022-07-19,7308.99,7174.4,7296.28,7223.24,7296.28
2022-07-18,7268.88,7159.01,7223.24,7159.01,7223.24
2022-07-15,7167.85,7038.15,7159.01,7039.81,7159.01
2022-07-14,7157.62,7007.09,7039.81,7156.37,7039.81
2022-07-13,7209.86,7104.06,7156.37,7209.86,7156.37
2022-07-12,7216.9,7143.31,7209.86,7196.59,7209.86
2022-07-11,7204.06,7097.42,7196.59,7196.24,7196.59
2022-07-08,7210.58,7129.15,7196.24,7189.08,7196.24
2022-07-07,7213.05,7107.77,7189.08,7107.77,7189.08
2022-07-06,7198.72,7025.35,7107.77,7025.47,7107.77
2022-07-05,7260.3,7016.78,7025.47,7232.65,7025.47
2022-07-04,7258.46,7168.65,7232.65,7168.65,7232.65
2022-07-01,7214.82,7101.38,7168.65,7169.28,7168.65
2022-06-30,7312.32,7110.7,7169.28,7312.32,7169.28
2022-06-29,7345.45,7263.54,7312.32,7323.41,7312.32
2022-06-28,7362.37,7258.32,7323.41,7258.32,7323.41
2022-06-27,7284.48,7208.52,7258.32,7208.81,7258.32
2022-06-24,7211.07,7016.02,7208.81,7020.45,7208.81
2022-06-23,7115.8,7014.19,7020.45,7089.22,7020.45
2022-06-22,7152.05,7030.03,7089.22,7152.05,7089.22
2022-06-21,7193.9,7119.25,7152.05,7121.81,7152.05
2022-06-20,7129.64,7016.15,7121.81,7016.25,7121.81
2022-06-17,7130.62,6998.17,7016.25,7044.98,7016.25
2022-06-16,7273.41,7039.47,7044.98,7273.41,7044.98
2022-06-15,7313.7,7186.5,7273.41,7187.46,7273.41
2022-06-14,7271.85,7135.15,7187.46,7205.81,7187.46
2022-06-13,7317.52,7174.02,7205.81,7317.52,7205.81
2022-06-10,7476.21,7294.2,7317.52,7476.21,7317.52
2022-06-09,7593.0,7472.29,7476.21,7593.0,7476.21
2022-06-08,7616.22,7550.65,7593.0,7598.93,7593.0
2022-06-07,7617.53,7570.67,7598.93,7608.22,7598.93
2022-06-06,7646.66,7532.84,7608.22,7532.95,7608.22
2022-06-01,7639.21,7529.23,7532.95,7607.66,7532.95
2022-05-31,7648.26,7591.84,7607.66,7600.06,7607.66
2022-05-30,7625.63,7576.37,7600.06,7585.46,7600.06
2022-05-27,7597.64,7542.78,7585.46,7564.92,7585.46
2022-05-26,7575.53,7512.45,7564.92,7522.75,7564.92
2022-05-25,7546.41,7484.35,7522.75,7484.35,7522.75
2022-05-24,7529.65,7434.46,7484.35,7513.44,7484.35
2022-05-23,7513.44,7389.98,7513.44,7389.98,7513.44
2022-05-20,7453.49,7302.74,7389.98,7302.74,7389.98
2022-05-19,7438.09,7228.67,7302.74,7438.09,7302.74
2022-05-18,7526.14,7438.09,7438.09,7518.35,7438.09
2022-05-17,7538.68,7464.8,7518.35,7464.8,7518.35
2022-05-16,7464.8,7361.72,7464.8,7418.15,7464.8
2022-05-13,7421.95,7233.34,7418.15,7233.34,7418.15
2022-05-12,7347.66,7158.53,7233.34,7347.66,7233.34
2022-05-11,7349.7,7238.97,7347.66,7243.22,7347.66
2022-05-10,7311.65,7216.58,7243.22,7216.58,7243.22
2022-05-09,7391.59,7216.58,7216.58,7387.94,7216.58
2022-05-06,7503.27,7354.06,7387.94,7503.27,7387.94
2022-05-05,7619.39,7493.45,7503.27,7493.45,7503.27
2022-05-04,7572.65,7493.45,7493.45,7561.33,7493.45
2022-05-03,7561.33,7475.69,7561.33,7544.55,7561.33
2022-04-29,7569.8,7509.19,7544.55,7509.19,7544.55
2022-04-28,7519.7,7425.61,7509.19,7425.61,7509.19
2022-04-27,7458.24,7344.89,7425.61,7386.19,7425.61
2022-04-26,7463.15,7380.54,7386.19,7380.54,7386.19
2022-04-25,7521.68,7339.53,7380.54,7521.68,7380.54
2022-04-22,7628.03,7521.68,7521.68,7627.95,7521.68
2022-04-21,7656.47,7596.29,7627.95,7629.22,7627.95
2022-04-20,7637.87,7590.62,7629.22,7601.28,7629.22
2022-04-19,7624.9,7565.81,7601.28,7616.38,7601.28
2022-04-14,7622.41,7551.39,7616.38,7580.8,7616.38
2022-04-13,7597.85,7550.94,7580.8,7576.66,7580.8
2022-04-12,7618.31,7543.03,7576.66,7618.31,7576.66
2022-04-11,7669.56,7611.68,7618.31,7669.56,7618.31
2022-04-08,7669.56,7551.81,7669.56,7551.81,7669.56
2022-04-07,7601.52,7537.25,7551.81,7587.7,7551.81
2022-04-06,7614.13,7536.2,7587.7,7613.72,7587.7
2022-04-05,7613.72,7536.21,7613.72,7558.92,7613.72
2022-04-04,7574.33,7532.23,7558.92,7537.9,7558.92
2022-04-01,7552.46,7508.92,7537.9,7515.68,7537.9
2022-03-31,7595.42,7515.68,7515.68,7578.75,7515.68
2022-03-30,7578.75,7523.82,7578.75,7537.25,7578.75
2022-03-29,7584.11,7473.14,7537.25,7473.14,7537.25
2022-03-28,7539.3,7471.47,7473.14,7483.35,7473.14
2022-03-25,7502.67,7441.28,7483.35,7467.38,7483.35
2022-03-24,7492.0,7453.25,7467.38,7460.63,7467.38
2022-03-23,7521.14,7459.36,7460.63,7476.72,7460.63
2022-03-22,7490.46,7442.39,7476.72,7442.39,7476.72
2022-03-21,7464.95,7402.6,7442.39,7404.73,7442.39
2022-03-18,7406.13,7318.9,7404.73,7385.34,7404.73
2022-03-17,7385.34,7260.51,7385.34,7291.68,7385.34
2022-03-16,7312.23,7175.7,7291.68,7175.7,7291.68
2022-03-15,7193.47,7075.82,7175.7,7193.47,7175.7
2022-03-14,7222.87,7143.95,7193.47,7155.64,7193.47
2022-03-11,7260.4,7099.03,7155.64,7099.09,7155.64
2022-03-10,7192.75,7065.96,7099.09,7190.72,7099.09
2022-03-09,7190.72,6964.11,7190.72,6964.11,7190.72
2022-03-08,7013.51,6893.55,6964.11,6959.48,6964.11
2022-03-07,7030.74,6787.98,6959.48,6987.14,6959.48
2022-03-04,7238.85,6980.86,6987.14,7238.85,6987.14
2022-03-03,7468.83,7231.51,7238.85,7429.56,7238.85
2022-03-02,7462.22,7320.77,7429.56,7330.2,7429.56
2022-03-01,7499.33,7327.79,7330.2,7458.25,7330.2
2022-02-28,7489.46,7361.59,7458.25,7489.46,7458.25
2022-02-25,7497.94,7207.38,7489.46,7207.38,7489.46
2022-02-24,7498.18,7204.74,7207.38,7498.18,7207.38
2022-02-23,7549.98,7490.54,7498.18,7494.21,7498.18
2022-02-22,7531.32,7365.04,7494.21,7484.33,7494.21
2022-02-21,7571.07,7446.43,7484.33,7513.62,7484.33
2022-02-18,7570.56,7508.73,7513.62,7537.37,7513.62
2022-02-17,7607.24,7499.86,7537.37,7603.78,7537.37
2022-02-16,7630.72,7560.94,7603.78,7608.92,7603.78
2022-02-15,7608.92,7513.16,7608.92,7531.59,7608.92
2022-02-14,7661.02,7483.36,7531.59,7661.02,7531.59
2022-02-11,7672.4,7596.11,7661.02,7672.4,7661.02
2022-02-10,7687.27,7622.74,7672.4,7643.42,7672.4
2022-02-09,7657.93,7567.07,7643.42,7567.07,7643.42
2022-02-08,7631.31,7548.19,7567.07,7573.47,7567.07
2022-02-07,7591.65,7508.48,7573.47,7516.4,7573.47
2022-02-04,7599.73,7497.21,7516.4,7528.84,7516.4
2022-02-03,7605.75,7528.69,7528.84,7583.0,7528.84
2022-02-02,7605.64,7535.78,7583.0,7535.78,7583.0
2022-02-01,7549.29,7463.01,7535.78,7464.37,7535.78
2022-01-31,7523.95,7450.89,7464.37,7466.07,7464.37
2022-01-28,7554.31,7420.2,7466.07,7554.31,7466.07
2022-01-27,7596.7,7388.8,7554.31,7469.78,7554.31
2022-01-26,7525.58,7371.46,7469.78,7371.46,7469.78
2022-01-25,7382.6,7297.15,7371.46,7297.15,7371.46
2022-01-24,7494.13,7283.38,7297.15,7494.13,7297.15
2022-01-21,7585.01,7450.49,7494.13,7585.01,7494.13
2022-01-20,7619.01,7549.87,7585.01,7589.66,7585.01
2022-01-19,7614.93,7525.15,7589.66,7563.55,7589.66
2022-01-18,7613.05,7531.96,7563.55,7611.23,7563.55
2022-01-17,7616.06,7542.95,7611.23,7542.95,7611.23
2022-01-14,7568.16,7523.02,7542.95,7563.85,7542.95
2022-01-13,7566.46,7530.12,7563.85,7551.72,7563.85
2022-01-12,7564.2,7491.37,7551.72,7491.37,7551.72
2022-01-11,7497.12,7445.25,7491.37,7445.25,7491.37
2022-01-10,7496.12,7422.94,7445.25,7485.28,7445.25
2022-01-07,7485.28,7431.86,7485.28,7450.37,7485.28
2022-01-06,7516.87,7419.95,7450.37,7516.87,7450.37
2022-01-05,7529.97,7484.28,7516.87,7505.15,7516.87
2022-01-04,7520.79,7384.54,7505.15,7384.54,7505.15
2021-12-31,7403.01,7357.1,7384.54,7403.01,7384.54
2021-12-30,7433.39,7403.01,7403.01,7420.69,7403.01
2021-12-29,7457.14,7372.1,7420.69,7372.1,7420.69
2021-12-28,7372.1,7372.1,7372.1,7372.1,7372.1
2021-12-27,7372.1,7372.1,7372.1,7372.1,7372.1
2021-12-24,7403.65,7368.83,7372.1,7373.34,7372.1
2021-12-23,7385.42,7331.05,7373.34,7341.66,7373.34
2021-12-22,7341.66,7273.45,7341.66,7297.41,7341.66
2021-12-21,7297.41,7198.03,7297.41,7198.03,7297.41
2021-12-20,7269.92,7101.04,7198.03,7269.92,7198.03
2021-12-17,7286.5,7236.17,7269.92,7260.61,7269.92
2021-12-16,7273.34,7170.75,7260.61,7170.75,7260.61
2021-12-15,7224.85,7166.83,7170.75,7218.64,7170.75
2021-12-14,7284.47,7218.64,7218.64,7231.44,7218.64
2021-12-13,7309.23,7226.63,7231.44,7291.78,7231.44
2021-12-10,7331.58,7284.82,7291.78,7321.26,7291.78
2021-12-09,7366.1,7302.96,7321.26,7337.05,7321.26
2021-12-08,7378.92,7333.56,7337.05,7339.9,7337.05
2021-12-07,7344.69,7232.28,7339.9,7232.28,7339.9
2021-12-06,7246.25,7122.32,7232.28,7122.32,7232.28
2021-12-03,7196.05,7105.29,7122.32,7129.21,7122.32
2021-12-02,7168.68,7083.21,7129.21,7168.68,7129.21
2021-12-01,7182.01,7059.35,7168.68,7059.45,7168.68
2021-11-30,7109.95,6989.66,7059.45,7109.95,7059.45
2021-11-29,7161.91,7044.03,7109.95,7044.03,7109.95
2021-11-26,7310.37,7042.12,7044.03,7310.37,7044.03
2021-11-25,7311.94,7286.32,7310.37,7286.32,7310.37
2021-11-24,7307.89,7245.98,7286.32,7266.69,7286.32
2021-11-23,7293.07,7204.37,7266.69,7255.46,7266.69
2021-11-22,7272.63,7207.81,7255.46,7223.57,7255.46
2021-11-19,7289.51,7198.76,7223.57,7255.96,7223.57
2021-11-18,7291.26,7241.99,7255.96,7291.2,7255.96
2021-11-17,7326.97,7289.98,7291.2,7326.97,7291.2
2021-11-16,7368.25,7324.13,7326.97,7351.86,7326.97
2021-11-15,7363.48,7324.11,7351.86,7347.91,7351.86
2021-11-12,7402.68,7340.49,7347.91,7384.18,7347.91
2021-11-11,7394.41,7329.68,7384.18,7340.15,7384.18
2021-11-10,7340.15,7270.11,7340.15,7274.04,7340.15
2021-11-09,7314.13,7268.79,7274.04,7300.4,7274.04
2021-11-08,7316.54,7293.5,7300.4,7303.96,7300.4
2021-11-05,7331.25,7270.03,7303.96,7279.91,7303.96
2021-11-04,7292.96,7247.59,7279.91,7248.89,7279.91
2021-11-03,7277.64,7235.32,7248.89,7274.81,7248.89
2021-11-02,7288.62,7240.02,7274.81,7288.62,7274.81
2021-11-01,7303.39,7237.57,7288.62,7237.57,7288.62
2021-10-29,7249.47,7192.05,7237.57,7249.47,7237.57
2021-10-28,7257.85,7219.71,7249.47,7253.27,7249.47
2021-10-27,7280.45,7247.25,7253.27,7277.62,7253.27
2021-10-26,7281.17,7222.82,7277.62,7222.82,7277.62
2021-10-25,7247.53,7204.55,7222.82,7204.55,7222.82
2021-10-22,7235.19,7190.3,7204.55,7190.3,7204.55
2021-10-21,7227.06,7181.7,7190.3,7223.1,7190.3
2021-10-20,7229.26,7199.29,7223.1,7217.53,7223.1
2021-10-19,7223.29,7189.5,7217.53,7203.83,7217.53
2021-10-18,7234.03,7180.2,7203.83,7234.03,7203.83
2021-10-15,7243.85,7206.26,7234.03,7207.71,7234.03
2021-10-14,7216.15,7141.82,7207.71,7141.82,7207.71
2021-10-13,7152.87,7087.93,7141.82,7130.23,7141.82
2021-10-12,7146.85,7063.43,7130.23,7146.85,7130.23
2021-10-11,7146.85,7085.85,7146.85,7095.55,7146.85
2021-10-08,7109.34,7070.53,7095.55,7078.04,7095.55
2021-10-07,7094.93,6995.87,7078.04,6995.87,7078.04
2021-10-06,7077.1,6945.5,6995.87,7077.1,6995.87
2021-10-05,7084.52,7011.01,7077.1,7011.01,7077.1
2021-10-04,7072.48,7002.72,7011.01,7027.07,7011.01
2021-10-01,7086.42,6989.64,7027.07,7086.42,7027.07
2021-09-30,7159.61,7072.57,7086.42,7108.16,7086.42
2021-09-29,7117.52,7026.85,7108.16,7028.1,7108.16
2021-09-28,7071.36,7015.58,7028.1,7063.4,7028.1
2021-09-27,7122.09,7043.21,7063.4,7051.48,7063.4
2021-09-24,7080.23,7041.34,7051.48,7078.35,7051.48
2021-09-23,7131.43,7070.68,7078.35,7083.37,7078.35
2021-09-22,7090.48,6980.98,7083.37,6980.98,7083.37
2021-09-21,7004.88,6903.91,6980.98,6903.91,6980.98
2021-09-20,6963.64,6828.28,6903.91,6963.64,6903.91
2021-09-17,7092.69,6941.69,6963.64,7027.48,6963.64
2021-09-16,7058.99,7016.32,7027.48,7016.49,7027.48
2021-09-15,7047.27,7016.49,7016.49,7034.06,7016.49
2021-09-14,7068.45,7020.1,7034.06,7068.43,7034.06
2021-09-13,7090.81,7029.2,7068.43,7029.2,7068.43
2021-09-10,7055.22,7014.42,7029.2,7024.21,7029.2
2021-09-09,7095.53,6998.62,7024.21,7095.53,7024.21
2021-09-08,7149.37,7061.13,7095.53,7149.37,7095.53
2021-09-07,7187.18,7147.94,7149.37,7187.18,7149.37
2021-09-06,7195.62,7138.35,7187.18,7138.35,7187.18
2021-09-03,7182.23,7123.87,7138.35,7163.9,7138.35
2021-09-02,7168.78,7129.71,7163.9,7149.84,7163.9
2021-09-01,7187.34,7119.7,7149.84,7119.7,7149.84
2021-08-31,7160.49,7092.03,7119.7,7148.01,7119.7
2021-08-27,7157.6,7108.53,7148.01,7124.98,7148.01
2021-08-26,7150.12,7095.43,7124.98,7150.12,7124.98
2021-08-25,7151.75,7121.29,7150.12,7125.78,7150.12
2021-08-24,7129.66,7076.06,7125.78,7109.02,7125.78
2021-08-23,7147.8,7087.9,7109.02,7087.9,7109.02
2021-08-20,7095.61,7032.45,7087.9,7058.86,7087.9
2021-08-19,7169.32,6993.06,7058.86,7169.32,7058.86
2021-08-18,7198.79,7143.55,7169.32,7181.11,7169.32
2021-08-17,7188.55,7118.67,7181.11,7153.98,7181.11
2021-08-16,7218.71,7117.78,7153.98,7218.71,7153.98
2021-08-13,7224.46,7193.13,7218.71,7193.23,7218.71
2021-08-12,7220.7,7182.92,7193.23,7220.14,7193.23
2021-08-11,7220.14,7157.74,7220.14,7161.04,7220.14
2021-08-10,7166.67,7115.87,7161.04,7132.3,7161.04
2021-08-09,7138.8,7089.74,7132.3,7122.95,7132.3
2021-08-06,7135.39,7103.71,7122.95,7120.43,7122.95
2021-08-05,7130.35,7099.03,7120.43,7123.86,7120.43
2021-08-04,7142.54,7105.72,7123.86,7105.72,7123.86
2021-08-03,7119.19,7074.32,7105.72,7081.72,7105.72
2021-08-02,7111.66,7032.3,7081.72,7032.3,7081.72
2021-07-30,7078.42,6996.93,7032.3,7078.42,7032.3
2021-07-29,7093.93,7008.65,7078.42,7016.63,7078.42
2021-07-28,7023.35,6974.8,7016.63,6996.08,7016.63
2021-07-27,7028.37,6929.64,6996.08,7025.43,6996.08
2021-07-26,7038.65,6980.67,7025.43,7027.58,7025.43
2021-07-23,7033.27,6968.3,7027.58,6968.3,7027.58
2021-07-22,7018.95,6956.24,6968.3,6998.28,6968.3
2021-07-21,7007.75,6881.13,6998.28,6881.13,6998.28
2021-07-20,6929.89,6827.26,6881.13,6844.39,6881.13
2021-07-19,7008.09,6813.03,6844.39,7008.09,6844.39
2021-07-16,7056.73,6978.06,7008.09,7012.02,7008.09
2021-07-15,7111.77,7005.02,7012.02,7091.19,7012.02
2021-07-14,7124.72,7073.59,7091.19,7124.72,7091.19
2021-07-13,7152.44,7116.26,7124.72,7125.42,7124.72
2021-07-12,7134.87,7066.2,7125.42,7121.88,7125.42
2021-07-09,7121.88,7030.22,7121.88,7030.66,7121.88
2021-07-08,7151.02,6981.57,7030.66,7151.02,7030.66
2021-07-07,7153.68,7100.88,7151.02,7100.88,7151.02
2021-07-06,7170.6,7075.73,7100.88,7164.91,7100.88
2021-07-05,7168.03,7111.51,7164.91,7123.27,7164.91
2021-07-02,7162.16,7110.3,7123.27,7125.16,7123.27
2021-07-01,7134.21,7037.47,7125.16,7037.47,7125.16
2021-06-30,7100.71,7010.57,7037.47,7087.55,7037.47
2021-06-29,7120.77,7071.86,7087.55,7072.97,7087.55
2021-06-28,7136.22,7071.95,7072.97,7136.07,7072.97
2021-06-25,7139.08,7109.79,7136.07,7109.97,7136.07
2021-06-24,7119.41,7070.9,7109.97,7074.06,7109.97
2021-06-23,7129.4,7074.06,7074.06,7090.01,7074.06
2021-06-22,7098.67,7061.13,7090.01,7062.29,7090.01
2021-06-21,7065.05,6948.63,7062.29,7017.47,7062.29
2021-06-18,7154.63,7008.74,7017.47,7153.43,7017.47
2021-06-17,7184.95,7132.96,7153.43,7184.95,7153.43
2021-06-16,7217.54,7169.21,7184.95,7172.48,7184.95
2021-06-15,7189.63,7142.71,7172.48,7146.68,7172.48
2021-06-14,7188.26,7131.79,7146.68,7134.06,7146.68
2021-06-11,7140.7,7088.18,7134.06,7088.18,7134.06
2021-06-10,7117.74,7080.02,7088.18,7081.01,7088.18
2021-06-09,7095.72,7046.02,7081.01,7095.09,7081.01
2021-06-08,7120.73,7074.94,7095.09,7077.22,7095.09
2021-06-07,7098.31,7042.19,7077.22,7069.04,7077.22
2021-06-04,7071.81,7039.74,7069.04,7064.35,7069.04
2021-06-03,7108.04,7013.85,7064.35,7108.0,7064.35
2021-06-02,7122.54,7074.06,7108.0,7080.46,7108.0
2021-06-01,7118.03,7022.61,7080.46,7022.61,7080.46
2021-05-28,7054.91,7019.58,7022.61,7019.67,7022.61
2021-05-27,7044.01,7008.53,7019.67,7026.93,7019.67
2021-05-26,7050.88,6998.19,7026.93,7029.79,7026.93
2021-05-25,7067.6,7029.79,7029.79,7051.59,7029.79
2021-05-24,7054.63,7013.51,7051.59,7018.05,7051.59
2021-05-21,7028.17,6973.31,7018.05,7019.79,7018.05
2021-05-20,7019.79,6926.85,7019.79,6950.2,7019.79
2021-05-19,7034.24,6897.06,6950.2,7034.24,6950.2
2021-05-18,7102.57,7030.37,7034.24,7032.85,7034.24
2021-05-17,7066.76,6989.11,7032.85,7043.61,7032.85
2021-05-14,7048.67,6963.33,7043.61,6963.33,7043.61
2021-05-13,7004.63,6823.6,6963.33,7004.63,6963.33
2021-05-12,7028.1,6945.33,7004.63,6947.99,7004.63
2021-05-11,7123.68,6912.36,6947.99,7123.68,6947.99
2021-05-10,7164.18,7104.4,7123.68,7129.71,7123.68
2021-05-07,7143.46,7076.17,7129.71,7076.17,7129.71
2021-05-06,7076.17,7026.75,7076.17,7039.3,7076.17
2021-05-05,7047.75,6923.17,7039.3,6923.17,7039.3
2021-05-04,7034.26,6912.28,6923.17,6969.81,6923.17
2021-04-30,7009.47,6946.04,6969.81,6961.48,6969.81
2021-04-29,7019.76,6953.87,6961.48,6963.67,6961.48
2021-04-28,6986.7,6944.06,6963.67,6944.97,6963.67
2021-04-27,6975.07,6929.77,6944.97,6963.12,6944.97
2021-04-26,6971.52,6913.39,6963.12,6938.56,6963.12
2021-04-23,6938.56,6891.75,6938.56,6938.24,6938.56
2021-04-22,6941.11,6889.32,6938.24,6895.29,6938.24
2021-04-21,6914.88,6859.61,6895.29,6859.87,6895.29
2021-04-20,7001.27,6857.07,6859.87,7000.08,6859.87
2021-04-19,7040.26,6979.23,7000.08,7019.53,7000.08
2021-04-16,7037.65,6983.5,7019.53,6983.5,7019.53
2021-04-15,6994.9,6939.26,6983.5,6939.58,6983.5
2021-04-14,6942.33,6880.67,6939.58,6890.49,6939.58
2021-04-13,6895.13,6859.72,6890.49,6889.12,6890.49
2021-04-12,6916.08,6853.75,6889.12,6915.75,6889.12
2021-04-09,6949.56,6906.37,6915.75,6942.22,6915.75
2021-04-08,6942.22,6884.79,6942.22,6885.32,6942.22
2021-04-07,6898.38,6823.55,6885.32,6823.55,6885.32
2021-04-06,6843.73,6737.3,6823.55,6737.3,6823.55
2021-04-05,6766.52,6713.63,6737.3,6713.63,6737.3
2021-04-02,6766.52,6713.63,6737.3,6713.63,6737.3
2021-04-01,6766.52,6713.63,6737.3,6713.63,6737.3
2021-03-31,6775.67,6713.63,6713.63,6772.12,6713.63
2021-03-30,6792.23,6729.46,6772.12,6736.17,6772.12
2021-03-29,6758.78,6705.42,6736.17,6740.59,6736.17
2021-03-26,6742.14,6674.83,6740.59,6674.83,6740.59
2021-03-25,6729.92,6618.61,6674.83,6712.89,6674.83
2021-03-24,6722.61,6649.37,6712.89,6699.19,6712.89
2021-03-23,6726.1,6664.76,6699.19,6726.1,6699.19
2021-03-22,6732.67,6650.96,6726.1,6708.71,6726.1
2021-03-19,6779.68,6664.56,6708.71,6779.68,6708.71
2021-03-18,6791.76,6740.53,6779.68,6762.67,6779.68
2021-03-17,6805.73,6753.82,6762.67,6803.61,6762.67
2021-03-16,6812.78,6749.64,6803.61,6749.7,6803.61
2021-03-15,6804.91,6723.67,6749.7,6761.47,6749.7
2021-03-12,6766.44,6709.0,6761.47,6736.96,6761.47
2021-03-11,6755.32,6699.34,6736.96,6725.6,6736.96
2021-03-10,6740.77,6677.02,6725.6,6730.34,6725.6
2021-03-09,6786.8,6689.9,6730.34,6719.13,6730.34
2021-03-08,6726.4,6612.74,6719.13,6630.52,6719.13
2021-03-05,6710.8,6560.79,6630.52,6650.88,6630.52
2021-03-04,6675.47,6581.19,6650.88,6675.47,6650.88
2021-03-03,6705.3,6613.75,6675.47,6613.75,6675.47
2021-03-02,6660.82,6560.91,6613.75,6588.53,6613.75
2021-03-01,6612.74,6483.43,6588.53,6483.43,6588.53
2021-02-26,6651.96,6465.57,6483.43,6651.96,6483.43
2021-02-25,6702.88,6644.68,6651.96,6658.97,6651.96
2021-02-24,6669.86,6572.28,6658.97,6625.94,6658.97
2021-02-23,6675.42,6555.88,6625.94,6612.24,6625.94
2021-02-22,6624.71,6545.93,6612.24,6624.02,6612.24
2021-02-19,6646.16,6600.59,6624.02,6617.15,6624.02
2021-02-18,6721.76,6591.43,6617.15,6710.9,6617.15
2021-02-17,6760.29,6701.59,6710.9,6748.86,6710.9
2021-02-16,6799.92,6736.85,6748.86,6756.11,6748.86
2021-02-15,6775.37,6589.79,6756.11,6589.79,6756.11
2021-02-12,6589.79,6485.13,6589.79,6528.72,6589.79
2021-02-11,6554.15,6514.92,6528.72,6524.36,6528.72
2021-02-10,6577.0,6481.02,6524.36,6531.56,6524.36
2021-02-09,6540.97,6501.02,6531.56,6523.53,6531.56
2021-02-08,6567.7,6489.33,6523.53,6489.33,6523.53
2021-02-05,6518.65,6457.6,6489.33,6503.72,6489.33
2021-02-04,6553.37,6478.15,6503.72,6507.82,6503.72
2021-02-03,6573.1,6489.51,6507.82,6516.65,6507.82
2021-02-02,6523.51,6466.42,6516.65,6466.42,6516.65
2021-02-01,6495.56,6407.46,6466.42,6407.46,6466.42
2021-01-29,6526.15,6397.24,6407.46,6526.15,6407.46
2021-01-28,6567.37,6439.55,6526.15,6567.37,6526.15
2021-01-27,6661.31,6505.84,6567.37,6654.01,6567.37
2021-01-26,6702.35,6636.34,6654.01,6638.85,6654.01
2021-01-25,6714.61,6610.26,6638.85,6695.07,6638.85
2021-01-22,6715.66,6651.71,6695.07,6715.42,6695.07
2021-01-21,6776.92,6715.42,6715.42,6740.39,6715.42
2021-01-20,6751.81,6697.46,6740.39,6712.95,6740.39
2021-01-19,6770.66,6697.67,6712.95,6720.65,6712.95
2021-01-18,6741.47,6709.33,6720.65,6735.71,6720.65
2021-01-15,6802.05,6676.55,6735.71,6801.96,6735.71
2021-01-14,6801.96,6736.78,6801.96,6745.52,6801.96
2021-01-13,6772.57,6736.01,6745.52,6754.11,6745.52
2021-01-12,6816.65,6738.21,6754.11,6798.48,6754.11
2021-01-11,6873.26,6768.72,6798.48,6873.26,6798.48
2021-01-08,6886.34,6836.08,6873.26,6856.96,6873.26
2021-01-07,6903.61,6795.11,6856.96,6841.86,6856.96
2021-01-06,6859.14,6611.87,6841.86,6612.25,6841.86
2021-01-05,6622.77,6544.25,6612.25,6571.88,6612.25
2021-01-04,6662.66,6460.52,6571.88,6460.52,6571.88
2020-12-31,6555.82,6439.41,6460.52,6555.82,6460.52
2020-12-30,6622.98,6552.46,6555.82,6602.65,6555.82
2020-12-29,6676.6,6502.11,6602.65,6502.11,6602.65
2020-12-24,6530.28,6479.59,6502.11,6495.75,6502.11
2020-12-23,6497.28,6431.21,6495.75,6453.16,6495.75
2020-12-22,6457.47,6382.61,6453.16,6416.32,6453.16
2020-12-21,6529.18,6315.34,6416.32,6529.18,6416.32
2020-12-18,6604.54,6518.25,6529.18,6551.06,6529.18
2020-12-17,6601.63,6551.06,6551.06,6570.91,6551.06
2020-12-16,6598.42,6513.32,6570.91,6513.32,6570.91
2020-12-15,6558.24,6484.04,6513.32,6531.83,6513.32
2020-12-14,6583.7,6524.7,6531.83,6546.75,6531.83
2020-12-11,6607.44,6520.54,6546.75,6599.76,6546.75
2020-12-10,6640.74,6561.11,6599.76,6564.29,6599.76
2020-12-09,6623.03,6558.82,6564.29,6558.82,6564.29
2020-12-08,6567.59,6518.37,6558.82,6555.39,6558.82
2020-12-07,6601.11,6519.82,6555.39,6550.23,6555.39
2020-12-04,6559.18,6489.75,6550.23,6490.27,6550.23
2020-12-03,6491.49,6430.27,6490.27,6463.39,6490.27
2020-12-02,6468.64,6367.51,6463.39,6384.73,6463.39
2020-12-01,6400.24,6263.6,6384.73,6266.19,6384.73
2020-11-30,6404.02,6266.19,6266.19,6367.58,6266.19
2020-11-27,6375.91,6302.22,6367.58,6362.93,6367.58
2020-11-26,6412.65,6349.53,6362.93,6391.09,6362.93
2020-11-25,6468.73,6375.25,6391.09,6432.17,6391.09
2020-11-24,6432.42,6333.72,6432.17,6333.84,6432.17
2020-11-23,6392.08,6325.24,6333.84,6351.45,6333.84
2020-11-20,6386.7,6324.6,6351.45,6334.35,6351.45
2020-11-19,6385.24,6314.26,6334.35,6385.24,6334.35
2020-11-18,6395.91,6326.74,6385.24,6365.33,6385.24
2020-11-17,6424.53,6308.99,6365.33,6421.29,6365.33
2020-11-16,6463.51,6316.39,6421.29,6316.39,6421.29
2020-11-13,6338.97,6280.4,6316.39,6338.94,6316.39
2020-11-12,6382.1,6295.79,6338.94,6382.1,6338.94
2020-11-11,6397.28,6293.21,6382.1,6296.85,6382.1
2020-11-10,6307.0,6180.47,6296.85,6186.29,6296.85
2020-11-09,6258.31,5910.02,6186.29,5910.02,6186.29
2020-11-06,5950.22,5858.48,5910.02,5906.18,5910.02
2020-11-05,5933.05,5881.87,5906.18,5883.26,5906.18
2020-11-04,5885.67,5711.21,5883.26,5786.77,5883.26
2020-11-03,5787.61,5654.97,5786.77,5654.97,5786.77
2020-11-02,5665.3,5554.73,5654.97,5577.27,5654.97
2020-10-30,5593.4,5534.08,5577.27,5581.75,5577.27
2020-10-29,5616.58,5534.66,5581.75,5582.8,5581.75
2020-10-28,5728.99,5525.52,5582.8,5728.99,5582.8
2020-10-27,5806.23,5728.18,5728.99,5792.01,5728.99
2020-10-26,5868.36,5782.37,5792.01,5860.28,5792.01
2020-10-23,5885.38,5781.78,5860.28,5785.65,5860.28
2020-10-22,5796.44,5716.4,5785.65,5776.5,5785.65
2020-10-21,5903.38,5769.62,5776.5,5889.22,5776.5
2020-10-20,5915.47,5861.81,5889.22,5884.65,5889.22
2020-10-19,5959.67,5871.95,5884.65,5919.58,5884.65
2020-10-16,5933.81,5832.52,5919.58,5832.52,5919.58
2020-10-15,5935.06,5786.2,5832.52,5935.06,5832.52
2020-10-14,6009.81,5926.49,5935.06,5969.71,5935.06
2020-10-13,6008.04,5949.97,5969.71,6001.38,5969.71
2020-10-12,6037.08,5995.11,6001.38,6016.65,6001.38
2020-10-09,6040.47,5978.03,6016.65,5978.03,6016.65
2020-10-08,6004.15,5929.41,5978.03,5946.25,5978.03
2020-10-07,5977.15,5929.16,5946.25,5949.94,5946.25
2020-10-06,5971.48,5903.4,5949.94,5942.94,5949.94
2020-10-05,5974.22,5902.12,5942.94,5902.12,5942.94
2020-10-02,5902.12,5809.61,5902.12,5879.45,5902.12
2020-10-01,5925.77,5849.82,5879.45,5866.1,5879.45
2020-09-30,5931.37,5854.46,5866.1,5897.5,5866.1
2020-09-29,5927.93,5862.93,5897.5,5927.93,5897.5
2020-09-28,5954.42,5842.67,5927.93,5842.67,5927.93
2020-09-25,5843.72,5771.49,5842.67,5822.78,5842.67
2020-09-24,5899.26,5805.28,5822.78,5899.26,5822.78
2020-09-23,5974.88,5829.46,5899.26,5829.46,5899.26
2020-09-22,5871.28,5794.54,5829.46,5804.29,5829.46
2020-09-21,6007.05,5779.24,5804.29,6007.05,5804.29
2020-09-18,6055.24,6006.28,6007.05,6049.92,6007.05
2020-09-17,6078.48,5998.69,6049.92,6078.48,6049.92
2020-09-16,6119.24,6057.63,6078.48,6105.54,6078.48
2020-09-15,6123.69,6026.17,6105.54,6026.25,6105.54
2020-09-14,6080.02,6011.83,6026.25,6032.09,6026.25
2020-09-11,6057.69,5992.93,6032.09,6003.32,6032.09
2020-09-10,6028.76,5950.62,6003.32,6012.84,6003.32
2020-09-09,6031.25,5923.43,6012.84,5930.3,6012.84
2020-09-08,5985.26,5868.87,5930.3,5937.4,5930.3
2020-09-07,5946.93,5798.47,5937.4,5799.08,5937.4
2020-09-04,5904.16,5778.4,5799.08,5850.86,5799.08
2020-09-03,5996.24,5838.02,5850.86,5940.95,5850.86
2020-09-02,5974.7,5862.05,5940.95,5862.05,5940.95
2020-09-01,5972.52,5824.04,5862.05,5963.57,5862.05
2020-08-28,6033.04,5962.46,5963.57,5999.99,5963.57
2020-08-27,6062.52,5999.99,5999.99,6045.6,5999.99
2020-08-26,6050.81,5992.22,6045.6,6037.01,6045.6
2020-08-25,6173.48,6032.1,6037.01,6104.73,6037.01
2020-08-24,6119.8,6001.89,6104.73,6001.89,6104.73
2020-08-21,6036.51,5948.8,6001.89,6013.34,6001.89
2020-08-20,6111.98,6009.61,6013.34,6111.98,6013.34
2020-08-19,6114.83,6045.0,6111.98,6076.62,6111.98
2020-08-18,6162.66,6062.58,6076.62,6127.44,6076.62
2020-08-17,6140.19,6061.46,6127.44,6090.04,6127.44
2020-08-14,6185.62,6036.13,6090.04,6185.62,6090.04
2020-08-13,6280.12,6185.62,6185.62,6280.12,6185.62
2020-08-12,6297.2,6151.64,6280.12,6154.34,6280.12
2020-08-11,6206.0,6050.59,6154.34,6050.59,6154.34
2020-08-10,6099.48,6028.49,6050.59,6032.18,6050.59
2020-08-07,6046.02,5996.73,6032.18,6026.94,6032.18
2020-08-06,6104.72,5980.44,6026.94,6104.72,6026.94
2020-08-05,6111.5,6036.0,6104.72,6036.0,6104.72
2020-08-04,6056.47,5986.77,6036.0,6032.85,6036.0
2020-08-03,6038.76,5857.06,6032.85,5897.76,6032.85
2020-07-31,6046.33,5897.76,5897.76,5989.99,5897.76
2020-07-30,6145.83,5924.7,5989.99,6131.46,5989.99
2020-07-29,6155.06,6116.72,6131.46,6129.26,6131.46
2020-07-28,6149.86,6083.65,6129.26,6104.88,6129.26
2020-07-27,6127.62,6086.64,6104.88,6123.82,6104.88
2020-07-24,6211.44,6099.06,6123.82,6211.44,6123.82
2020-07-23,6273.63,6202.9,6211.44,6207.1,6211.44
2020-07-22,6270.96,6197.45,6207.1,6269.73,6207.1
2020-07-21,6315.68,6253.9,6269.73,6261.52,6269.73
2020-07-20,6297.64,6222.15,6261.52,6290.3,6261.52
2020-07-17,6293.68,6230.01,6290.3,6250.69,6290.3
2020-07-16,6296.78,6227.33,6250.69,6292.65,6250.69
2020-07-15,6323.55,6179.75,6292.65,6179.75,6292.65
2020-07-14,6179.75,6093.23,6179.75,6176.19,6179.75
2020-07-13,6187.33,6095.41,6176.19,6095.41,6176.19
2020-07-10,6108.2,6003.19,6095.41,6049.62,6095.41
2020-07-09,6176.84,6040.26,6049.62,6156.16,6049.62
2020-07-08,6208.43,6144.52,6156.16,6189.9,6156.16
2020-07-07,6285.94,6179.97,6189.9,6285.94,6189.9
2020-07-06,6304.19,6157.3,6285.94,6157.3,6285.94
2020-07-03,6262.71,6137.09,6157.3,6240.36,6157.3
2020-07-02,6258.6,6157.96,6240.36,6157.96,6240.36
2020-07-01,6201.95,6084.48,6157.96,6169.74,6157.96
2020-06-30,6237.51,6146.98,6169.74,6225.77,6169.74
2020-06-29,6251.96,6122.95,6225.77,6159.3,6225.77
2020-06-26,6262.13,6147.14,6159.3,6147.14,6159.3
2020-06-25,6162.44,6029.25,6147.14,6123.69,6147.14
2020-06-24,6320.12,6123.69,6123.69,6320.12,6123.69
2020-06-23,6342.19,6244.62,6320.12,6244.62,6320.12
2020-06-22,6309.04,6225.53,6244.62,6292.6,6244.62
2020-06-19,6319.81,6224.07,6292.6,6224.07,6292.6
2020-06-18,6284.96,6184.88,6224.07,6253.25,6224.07
2020-06-17,6309.74,6233.24,6253.25,6242.79,6253.25
2020-06-16,6299.02,6064.7,6242.79,6064.7,6242.79
2020-06-15,6105.18,5952.44,6064.7,6105.18,6064.7
2020-06-12,6184.29,5993.2,6105.18,6076.7,6105.18
2020-06-11,6329.13,6076.7,6076.7,6329.13,6076.7
2020-06-10,6387.35,6293.83,6329.13,6335.72,6329.13
2020-06-09,6475.01,6325.07,6335.72,6472.59,6335.72
2020-06-08,6511.84,6423.06,6472.59,6484.3,6472.59
2020-06-05,6489.99,6341.44,6484.3,6341.44,6484.3
2020-06-04,6402.57,6314.59,6341.44,6382.41,6341.44
2020-06-03,6394.7,6220.14,6382.41,6220.14,6382.41
2020-06-02,6238.25,6165.05,6220.14,6166.42,6220.14
2020-06-01,6179.34,6076.6,6166.42,6076.6,6166.42
2020-05-29,6218.79,6060.16,6076.6,6218.79,6076.6
2020-05-28,6234.04,6144.25,6218.79,6144.25,6218.79
2020-05-27,6167.96,6067.76,6144.25,6067.76,6144.25
2020-05-26,6130.12,5993.28,6067.76,5993.28,6067.76
2020-05-22,6015.25,5888.58,5993.28,6015.25,5993.28
2020-05-21,6093.74,6004.1,6015.25,6067.16,6015.25
2020-05-20,6074.46,5961.56,6067.16,6002.23,6067.16
2020-05-19,6111.96,5965.1,6002.23,6048.59,6002.23
2020-05-18,6058.17,5799.61,6048.59,5799.77,6048.59
2020-05-15,5837.88,5741.54,5799.77,5741.54,5799.77
2020-05-14,5904.05,5661.14,5741.54,5904.05,5741.54
2020-05-13,5994.77,5893.35,5904.05,5994.77,5904.05
2020-05-12,6012.98,5911.37,5994.77,5939.73,5994.77
2020-05-11,5999.13,5898.32,5939.73,5935.98,5939.73
2020-05-07,5941.86,5853.6,5935.98,5853.76,5935.98
2020-05-06,5897.44,5839.57,5853.76,5849.42,5853.76
2020-05-05,5869.45,5753.78,5849.42,5753.78,5849.42
2020-05-04,5792.85,5702.03,5753.78,5763.06,5753.78
2020-05-01,5901.21,5746.06,5763.06,5901.21,5763.06
2020-04-30,6151.58,5897.91,5901.21,6115.25,5901.21
2020-04-29,6129.6,5950.83,6115.25,5958.5,6115.25
2020-04-28,5977.76,5835.92,5958.5,5846.79,5958.5
2020-04-27,5855.61,5752.23,5846.79,5752.23,5846.79
2020-04-24,5827.24,5728.8,5752.23,5826.61,5752.23
2020-04-23,5843.61,5735.93,5826.61,5770.63,5826.61
2020-04-22,5777.06,5641.03,5770.63,5641.03,5770.63
2020-04-21,5812.83,5641.03,5641.03,5812.83,5641.03
2020-04-20,5823.93,5707.73,5812.83,5786.96,5812.83
2020-04-17,5839.33,5628.43,5786.96,5628.43,5786.96
2020-04-16,5657.63,5577.78,5628.43,5597.65,5628.43
2020-04-15,5791.71,5576.35,5597.65,5791.31,5597.65
2020-04-14,5894.71,5778.98,5791.31,5842.66,5791.31
2020-04-13,5842.66,5842.66,5842.66,5842.66,5842.66
2020-04-10,5842.66,5842.66,5842.66,5842.66,5842.66
2020-04-09,5842.66,5677.68,5842.66,5677.73,5842.66
2020-04-08,5704.45,5589.73,5677.73,5704.45,5677.73
2020-04-07,5780.21,5582.39,5704.45,5582.39,5704.45
2020-04-06,5590.58,5415.5,5582.39,5415.5,5582.39
2020-04-03,5486.29,5396.66,5415.5,5480.22,5415.5
2020-04-02,5552.36,5395.07,5480.22,5454.57,5480.22
2020-04-01,5671.96,5414.72,5454.57,5671.96,5454.57
2020-03-31,5702.66,5545.85,5671.96,5563.74,5671.96
2020-03-30,5567.2,5351.84,5563.74,5510.33,5563.74
2020-03-27,5815.73,5407.06,5510.33,5815.73,5510.33
2020-03-26,5815.73,5503.35,5815.73,5688.2,5815.73
2020-03-25,5741.42,5400.47,5688.2,5446.01,5688.2
2020-03-24,5446.01,4993.89,5446.01,4993.89,5446.01
2020-03-23,5194.83,4922.76,4993.89,5190.78,4993.89
2020-03-20,5419.3,5151.61,5190.78,5151.61,5190.78
2020-03-19,5181.04,4942.37,5151.61,5080.58,5151.61
2020-03-18,5294.9,5006.2,5080.58,5294.9,5080.58
2020-03-17,5308.95,4978.84,5294.9,5151.08,5294.9
2020-03-16,5366.11,4898.79,5151.08,5366.11,5151.08
2020-03-13,5696.48,5237.48,5366.11,5237.48,5366.11
2020-03-12,5876.52,5237.48,5237.48,5876.52,5237.48
2020-03-11,6088.5,5860.75,5876.52,5960.23,5876.52
2020-03-10,6231.06,5927.85,5960.23,5965.77,5960.23
2020-03-09,6462.55,5891.56,5965.77,6462.55,5965.77
2020-03-06,6705.43,6431.44,6462.55,6705.43,6462.55
2020-03-05,6834.12,6662.61,6705.43,6815.59,6705.43
2020-03-04,6856.27,6700.23,6815.59,6718.2,6815.59
2020-03-03,6846.28,6654.89,6718.2,6654.89,6718.2
2020-03-02,6775.18,6496.01,6654.89,6580.61,6654.89
2020-02-28,6796.4,6460.08,6580.61,6796.4,6580.61
2020-02-27,7042.47,6729.99,6796.4,7042.47,6796.4
2020-02-26,7044.66,6871.85,7042.47,7017.88,7042.47
2020-02-25,7198.23,7004.94,7017.88,7156.83,7017.88
2020-02-24,7403.92,7114.45,7156.83,7403.92,7156.83
2020-02-21,7436.7,7370.63,7403.92,7436.64,7403.92
2020-02-20,7480.49,7436.64,7436.64,7457.02,7436.64
2020-02-19,7462.01,7382.01,7457.02,7382.01,7457.02
2020-02-18,7433.25,7353.41,7382.01,7433.25,7382.01
2020-02-17,7449.95,7409.13,7433.25,7409.13,7433.25
2020-02-14,7472.85,7403.69,7409.13,7452.03,7409.13
2020-02-13,7534.37,7406.94,7452.03,7534.37,7452.03
2020-02-12,7547.65,7499.01,7534.37,7499.44,7534.37
2020-02-11,7499.44,7499.44,7499.44,7446.88,7499.44
2020-02-10,7466.7,7427.85,7446.88,7466.7,7446.88
2020-02-07,7506.26,7441.14,7466.7,7504.79,7466.7
2020-02-06,7533.57,7482.48,7504.79,7482.48,7504.79
2020-02-05,7512.41,7408.45,7482.48,7439.82,7482.48
2020-02-04,7442.08,7326.31,7439.82,7326.31,7439.82
2020-02-03,7359.98,7285.16,7326.31,7286.01,7326.31
2020-01-31,7398.34,7275.03,7286.01,7381.96,7286.01
2020-01-30,7483.57,7357.62,7381.96,7483.57,7381.96
2020-01-29,7514.73,7462.21,7483.57,7480.69,7483.57
2020-01-28,7491.44,7410.37,7480.69,7412.05,7480.69
2020-01-27,7585.98,7392.83,7412.05,7585.98,7412.05
2020-01-24,7642.21,7507.59,7585.98,7507.67,7585.98
2020-01-23,7572.13,7503.17,7507.67,7571.92,7507.67
2020-01-22,7637.35,7563.52,7571.92,7610.7,7571.92
2020-01-21,7651.44,7550.47,7610.7,7651.44,7610.7
2020-01-20,7682.77,7639.62,7651.44,7674.56,7651.44
2020-01-17,7689.67,7609.81,7674.56,7609.81,7674.56
2020-01-16,7653.58,7595.31,7609.81,7642.8,7609.81
2020-01-15,7642.8,7609.44,7642.8,7622.35,7642.8
2020-01-14,7650.69,7588.81,7622.35,7617.6,7622.35
2020-01-13,7635.77,7582.51,7617.6,7587.85,7617.6
2020-01-10,7631.96,7585.07,7587.85,7598.12,7587.85
2020-01-09,7627.76,7574.93,7598.12,7574.93,7598.12
2020-01-08,7579.48,7524.96,7574.93,7573.85,7574.93
2020-01-07,7604.59,7562.14,7573.85,7575.34,7573.85
2020-01-06,7622.4,7528.08,7575.34,7622.4,7575.34
2020-01-03,7626.41,7551.0,7622.4,7604.3,7622.4
2020-01-02,7624.78,7542.44,7604.3,7542.44,7604.3
2020-01-01,7587.41,7532.38,7542.44,7542.44,7542.44
2019-12-31,7587.41,7532.38,7542.44,7587.05,7542.44
2019-12-30,7644.9,7587.05,7587.05,7644.9,7587.05
2019-12-27,7665.4,7622.46,7644.9,7632.24,7644.9
2019-12-26,7632.24,7632.24,7632.24,7632.24,7632.24
2019-12-25,7636.16,7608.22,7632.24,7632.24,7632.24
2019-12-24,7636.16,7608.22,7632.24,7623.59,7632.24
2019-12-23,7628.2,7559.63,7623.59,7582.48,7623.59
2019-12-20,7599.52,7564.59,7582.48,7573.82,7582.48
2019-12-19,7575.9,7526.1,7573.82,7540.75,7573.82
2019-12-18,7557.05,7515.17,7540.75,7525.28,7540.75
2019-12-17,7537.66,7497.15,7525.28,7519.05,7525.28
2019-12-16,7552.65,7353.18,7519.05,7353.44,7519.05
2019-12-13,7429.04,7223.42,7353.44,7273.47,7353.44
2019-12-12,7307.36,7216.08,7273.47,7216.25,7273.47
2019-12-11,7250.67,7195.49,7216.25,7213.76,7216.25
2019-12-10,7234.4,7137.84,7213.76,7233.9,7213.76
2019-12-09,7255.73,7217.8,7233.9,7239.66,7233.9
2019-12-06,7241.5,7137.85,7239.66,7137.85,7239.66
2019-12-05,7194.78,7131.16,7137.85,7188.5,7137.85
2019-12-04,7190.04,7139.91,7188.5,7158.76,7188.5
2019-12-03,7285.94,7134.93,7158.76,7285.94,7158.76
2019-12-02,7400.27,7277.02,7285.94,7346.53,7285.94
2019-11-29,7421.4,7346.53,7346.53,7416.43,7346.53
2019-11-28,7429.78,7385.32,7416.43,7429.78,7416.43
2019-11-27,7446.0,7400.38,7429.78,7403.14,7429.78
2019-11-26,7421.3,7384.96,7403.14,7396.29,7403.14
2019-11-25,7401.78,7326.81,7396.29,7326.81,7396.29
2019-11-22,7343.26,7238.47,7326.81,7238.55,7326.81
2019-11-21,7262.49,7197.33,7238.55,7262.49,7238.55
2019-11-20,7323.8,7219.11,7262.49,7323.8,7262.49
2019-11-19,7404.47,7307.7,7323.8,7307.7,7323.8
2019-11-18,7335.36,7293.4,7307.7,7302.94,7307.7
2019-11-15,7335.55,7243.15,7302.94,7292.76,7302.94
2019-11-14,7351.28,7292.76,7292.76,7351.21,7292.76
2019-11-13,7365.44,7301.71,7351.21,7365.44,7351.21
2019-11-12,7390.0,7328.18,7365.44,7328.54,7365.44
2019-11-11,7359.38,7258.46,7328.54,7359.38,7328.54
2019-11-08,7406.83,7349.12,7359.38,7406.41,7359.38
2019-11-07,7431.94,7396.0,7406.41,7396.65,7406.41
2019-11-06,7398.78,7363.55,7396.65,7388.08,7396.65
2019-11-05,7402.79,7369.61,7388.08,7369.69,7388.08
2019-11-04,7392.73,7302.42,7369.69,7302.42,7369.69
2019-11-01,7307.18,7248.38,7302.42,7248.38,7302.42
2019-10-31,7335.16,7245.23,7248.38,7330.78,7248.38
2019-10-30,7334.04,7278.18,7330.78,7306.26,7330.78
2019-10-29,7335.73,7264.74,7306.26,7331.28,7306.26
2019-10-28,7346.92,7291.59,7331.28,7324.47,7331.28
2019-10-25,7331.17,7279.78,7324.47,7328.25,7324.47
2019-10-24,7338.87,7255.46,7328.25,7260.74,7328.25
2019-10-23,7265.86,7194.13,7260.74,7212.49,7260.74
2019-10-22,7230.17,7146.69,7212.49,7163.64,7212.49
2019-10-21,7197.53,7139.38,7163.64,7150.57,7163.64
2019-10-18,7197.14,7146.11,7150.57,7182.32,7150.57
2019-10-17,7237.78,7162.04,7182.32,7167.95,7182.32
2019-10-16,7217.63,7149.84,7167.95,7211.64,7167.95
2019-10-15,7242.37,7176.67,7211.64,7213.45,7211.64
2019-10-14,7251.8,7194.21,7213.45,7247.08,7213.45
2019-10-11,7250.09,7144.66,7247.08,7186.36,7247.08
2019-10-10,7212.9,7130.52,7186.36,7166.5,7186.36
2019-10-09,7196.41,7139.9,7166.5,7143.15,7166.5
2019-10-08,7223.86,7143.15,7143.15,7197.88,7143.15
2019-10-07,7206.89,7132.98,7197.88,7155.38,7197.88
2019-10-04,7157.75,7077.4,7155.38,7077.64,7155.38
2019-10-03,7129.02,7004.43,7077.64,7122.54,7077.64
2019-10-02,7360.32,7119.72,7122.54,7360.32,7122.54
2019-10-01,7433.24,7352.83,7360.32,7408.21,7360.32
2019-09-30,7439.62,7402.2,7408.21,7426.21,7408.21
2019-09-27,7440.77,7351.0,7426.21,7351.08,7426.21
2019-09-26,7387.09,7277.15,7351.08,7289.99,7351.08
2019-09-25,7292.0,7212.96,7289.99,7291.43,7289.99
2019-09-24,7348.97,7281.91,7291.43,7326.08,7291.43
2019-09-23,7362.3,7284.75,7326.08,7344.92,7326.08
2019-09-20,7376.31,7322.01,7344.92,7356.42,7344.92
2019-09-19,7373.08,7290.69,7356.42,7314.05,7356.42
2019-09-18,7350.52,7300.37,7314.05,7320.4,7314.05
2019-09-17,7350.24,7292.23,7320.4,7321.41,7320.4
2019-09-16,7378.32,7321.41,7321.41,7367.46,7321.41
2019-09-13,7380.29,7318.23,7367.46,7344.67,7367.46
2019-09-12,7369.34,7303.17,7344.67,7338.03,7344.67
2019-09-11,7346.71,7267.95,7338.03,7267.95,7338.03
2019-09-10,7270.5,7199.4,7267.95,7235.81,7267.95
2019-09-09,7325.21,7205.98,7235.81,7282.34,7235.81
2019-09-06,7284.11,7244.13,7282.34,7271.17,7282.34
2019-09-05,7330.71,7250.63,7271.17,7311.26,7271.17
2019-09-04,7334.55,7268.19,7311.26,7268.19,7311.26
2019-09-03,7301.47,7239.1,7268.19,7281.94,7268.19
2019-09-02,7315.26,7206.9,7281.94,7207.18,7281.94
2019-08-30,7240.37,7179.7,7207.18,7184.32,7207.18
2019-08-29,7199.2,7103.12,7184.32,7114.71,7184.32
2019-08-28,7131.21,7050.0,7114.71,7089.58,7114.71
2019-08-27,7110.76,7044.73,7089.58,7094.98,7089.58
2019-08-23,7188.59,7094.98,7094.98,7128.18,7094.98
2019-08-22,7203.97,7103.67,7128.18,7203.97,7128.18
2019-08-21,7215.53,7122.12,7203.97,7125.0,7203.97
2019-08-20,7231.65,7121.24,7125.0,7189.65,7125.0
2019-08-19,7214.23,7117.15,7189.65,7117.15,7189.65
2019-08-16,7125.9,7067.01,7117.15,7067.01,7117.15
2019-08-15,7148.75,7020.22,7067.01,7147.88,7067.01
2019-08-14,7268.73,7112.05,7147.88,7250.9,7147.88
2019-08-13,7281.14,7166.86,7250.9,7226.72,7250.9
2019-08-12,7305.56,7207.46,7226.72,7253.85,7226.72
2019-08-09,7297.28,7237.13,7253.85,7285.9,7253.85
2019-08-08,7285.9,7191.25,7285.9,7198.7,7285.9
2019-08-07,7237.88,7153.89,7198.7,7171.69,7198.7
2019-08-06,7241.57,7166.98,7171.69,7223.85,7171.69
2019-08-05,7407.06,7200.54,7223.85,7407.06,7223.85
2019-08-02,7585.24,7397.91,7407.06,7584.87,7407.06
2019-08-01,7609.98,7535.9,7584.87,7586.78,7584.87
2019-07-31,7648.2,7576.12,7586.78,7646.77,7586.78
2019-07-30,7727.49,7643.65,7646.77,7686.61,7646.77
2019-07-29,7711.34,7548.86,7686.61,7549.06,7686.61
2019-07-26,7553.55,7486.74,7549.06,7489.05,7549.06
2019-07-25,7542.64,7462.73,7489.05,7501.46,7489.05
2019-07-24,7558.01,7479.07,7501.46,7556.86,7501.46
2019-07-23,7598.6,7514.93,7556.86,7514.93,7556.86
2019-07-22,7549.71,7491.79,7514.93,7508.7,7514.93
2019-07-19,7546.65,7475.49,7508.7,7493.09,7508.7
2019-07-18,7535.46,7482.6,7493.09,7535.46,7493.09
2019-07-17,7577.2,7519.22,7535.46,7577.2,7535.46
2019-07-16,7590.07,7524.52,7577.2,7531.72,7577.2
2019-07-15,7548.33,7487.44,7531.72,7505.97,7531.72
2019-07-12,7537.1,7493.8,7505.97,7509.82,7505.97
2019-07-11,7558.34,7501.66,7509.82,7530.69,7509.82
2019-07-10,7559.12,7515.61,7530.69,7536.47,7530.69
2019-07-09,7553.3,7517.94,7536.47,7549.27,7536.47
2019-07-08,7571.34,7538.67,7549.27,7553.14,7549.27
2019-07-05,7603.61,7541.86,7553.14,7603.58,7553.14
2019-07-04,7622.58,7601.33,7603.58,7609.32,7603.58
2019-07-03,7621.02,7558.47,7609.32,7559.19,7609.32
2019-07-02,7565.27,7497.5,7559.19,7497.5,7559.19
2019-07-01,7530.24,7425.63,7497.5,7425.63,7497.5
2019-06-28,7436.18,7398.92,7425.63,7402.33,7425.63
2019-06-27,7439.43,7375.51,7402.33,7416.39,7402.33
2019-06-26,7435.9,7405.54,7416.39,7422.43,7416.39
2019-06-25,7429.72,7373.22,7422.43,7416.69,7422.43
2019-06-24,7435.54,7399.56,7416.69,7407.5,7416.69
2019-06-21,7456.79,7382.94,7407.5,7424.44,7407.5
2019-06-20,7460.83,7403.54,7424.44,7403.54,7424.44
2019-06-19,7454.93,7399.17,7403.54,7443.04,7403.54
2019-06-18,7469.19,7345.55,7443.04,7357.31,7443.04
2019-06-17,7370.7,7324.54,7357.31,7345.78,7357.31
2019-06-14,7368.8,7316.44,7345.78,7368.57,7345.78
2019-06-13,7398.61,7350.98,7368.57,7367.62,7368.57
2019-06-12,7398.45,7329.26,7367.62,7398.45,7367.62
2019-06-11,7420.73,7375.54,7398.45,7375.54,7398.45
2019-06-10,7380.14,7331.94,7375.54,7331.94,7375.54
2019-06-07,7347.41,7258.16,7331.94,7259.85,7331.94
2019-06-06,7275.66,7218.67,7259.85,7220.22,7259.85
2019-06-05,7259.24,7201.36,7220.22,7216.74,7220.22
2019-06-04,7223.96,7138.14,7214.29,7184.8,7214.29
2019-06-03,7186.71,7079.71,7184.8,7161.71,7184.8
2019-05-31,7218.16,7130.85,7161.71,7218.16,7161.71
2019-05-30,7236.68,7180.57,7218.16,7185.3,7218.16
2019-05-29,7268.95,7151.37,7185.3,7268.95,7185.3
2019-05-28,7314.85,7262.8,7268.95,7277.73,7268.95
2019-05-24,7303.04,7231.01,7277.73,7231.04,7277.73
2019-05-23,7334.19,7211.33,7231.04,7334.19,7231.04
2019-05-22,7373.27,7313.55,7334.19,7328.92,7334.19
2019-05-21,7370.02,7310.88,7328.92,7310.88,7328.92
2019-05-20,7360.34,7268.63,7310.88,7348.62,7310.88
2019-05-17,7354.22,7307.33,7348.62,7353.51,7348.62
2019-05-16,7353.51,7265.77,7353.51,7296.95,7353.51
2019-05-15,7308.1,7223.08,7296.95,7241.6,7296.95
2019-05-14,7241.6,7163.68,7241.6,7163.68,7241.6
2019-05-13,7217.12,7150.89,7163.68,7203.29,7163.68
2019-05-10,7268.17,7189.86,7203.29,7207.41,7203.29
2019-05-09,7271.0,7192.18,7207.41,7271.0,7207.41
2019-05-08,7278.32,7222.88,7271.0,7260.47,7271.0
2019-05-07,7380.64,7251.03,7260.47,7380.64,7260.47
2019-05-03,7418.17,7350.01,7380.64,7351.31,7380.64
2019-05-02,7393.94,7339.45,7351.31,7385.26,7351.31
2019-05-01,7446.46,7379.65,7385.26,7385.26,7385.26
2019-04-30,7451.32,7394.07,7418.22,7440.66,7418.22
2019-04-29,7456.49,7406.53,7440.66,7428.19,7440.66
2019-04-26,7442.39,7398.57,7428.19,7434.13,7428.19
2019-04-25,7473.32,7405.99,7434.13,7471.75,7434.13
2019-04-24,7523.79,7456.74,7471.75,7523.07,7471.75
2019-04-23,7528.93,7459.88,7523.07,7459.88,7523.07
2019-04-22,7475.91,7437.87,7459.88,7459.88,7459.88
2019-04-19,7475.91,7437.87,7459.88,7459.88,7459.88
2019-04-18,7475.91,7437.87,7459.88,7471.32,7459.88
2019-04-17,7478.95,7445.12,7471.32,7469.92,7471.32
2019-04-16,7485.93,7436.87,7469.92,7436.87,7469.92
2019-04-15,7447.08,7420.27,7436.87,7437.06,7436.87
2019-04-12,7454.78,7415.0,7437.06,7417.95,7437.06
2019-04-11,7441.89,7383.47,7417.95,7421.91,7417.95
2019-04-10,7441.36,7409.39,7421.91,7425.57,7421.91
2019-04-09,7477.62,7413.27,7425.57,7451.89,7425.57
2019-04-08,7459.93,7420.41,7451.89,7446.87,7451.89
2019-04-05,7461.39,7400.79,7446.87,7401.94,7446.87
2019-04-04,7418.43,7367.44,7401.94,7418.28,7401.94
2019-04-03,7418.31,7380.93,7418.28,7391.12,7418.28
2019-04-02,7403.56,7316.81,7391.12,7317.38,7391.12
2019-04-01,7352.15,7279.19,7317.38,7279.19,7317.38
2019-03-29,7287.72,7223.3,7279.19,7234.33,7279.19
2019-03-28,7265.47,7190.87,7234.33,7194.19,7234.33
2019-03-27,7222.64,7160.14,7194.19,7196.29,7194.19
2019-03-26,7221.02,7169.37,7196.29,7177.58,7196.29
2019-03-25,7208.09,7146.83,7177.58,7207.59,7177.58
2019-03-22,7356.37,7192.76,7207.59,7355.31,7207.59
2019-03-21,7370.61,7290.62,7355.31,7291.01,7355.31
2019-03-20,7341.57,7291.01,7291.01,7324.0,7291.01
2019-03-19,7350.1,7294.5,7324.0,7299.19,7324.0
2019-03-18,7299.19,7228.19,7299.19,7228.28,7299.19
2019-03-15,7243.8,7185.43,7228.28,7185.43,7228.28
2019-03-14,7215.45,7148.08,7185.43,7159.19,7185.43
2019-03-13,7181.85,7128.71,7159.19,7151.15,7159.19
2019-03-12,7166.55,7083.22,7151.15,7130.62,7151.15
2019-03-11,7181.61,7104.31,7130.62,7104.31,7130.62
2019-03-08,7157.55,7077.93,7104.31,7157.55,7104.31
2019-03-07,7196.0,7126.57,7157.55,7196.0,7157.55
2019-03-06,7211.83,7170.25,7196.0,7183.43,7196.0
2019-03-05,7191.65,7127.18,7183.43,7134.39,7183.43
2019-03-04,7166.19,7106.73,7134.39,7106.73,7134.39
2019-03-01,7129.72,7074.73,7106.73,7074.73,7106.73
2019-02-28,7107.2,7041.03,7074.73,7107.2,7074.73
2019-02-27,7151.12,7082.62,7107.2,7151.12,7107.2
2019-02-26,7183.79,7091.59,7151.12,7183.74,7151.12
2019-02-25,7210.7,7158.19,7183.74,7178.6,7183.74
2019-02-22,7220.52,7162.37,7178.6,7167.39,7178.6
2019-02-21,7228.78,7141.85,7167.39,7228.62,7167.39
2019-02-20,7234.16,7177.95,7228.62,7179.17,7228.62
2019-02-19,7219.53,7162.8,7179.17,7219.47,7179.17
2019-02-18,7242.09,7209.7,7219.47,7236.68,7219.47
2019-02-15,7261.63,7185.23,7236.68,7197.01,7236.68
2019-02-14,7232.83,7183.01,7197.01,7190.84,7197.01
2019-02-13,7205.07,7133.14,7190.84,7133.14,7190.84
2019-02-12,7168.61,7121.72,7133.14,7129.11,7133.14
2019-02-11,7149.23,7071.18,7129.11,7071.18,7129.11
2019-02-08,7115.83,7064.9,7071.18,7093.58,7071.18
2019-02-07,7187.51,7093.58,7093.58,7173.09,7093.58
2019-02-06,7184.22,7146.65,7173.09,7177.37,7173.09
2019-02-05,7180.71,7033.57,7177.37,7034.13,7177.37
2019-02-04,7046.58,7002.42,7034.13,7020.22,7034.13
2019-02-01,7024.45,6968.85,7020.22,6968.85,7020.22
2019-01-31,6994.88,6941.09,6968.85,6941.63,6968.85
2019-01-30,6967.7,6833.93,6941.63,6833.93,6941.63
2019-01-29,6860.34,6747.1,6833.93,6747.1,6833.93
2019-01-28,6812.53,6734.0,6747.1,6809.22,6747.1
2019-01-25,6858.19,6806.77,6809.22,6818.95,6809.22
2019-01-24,6854.59,6802.03,6818.95,6842.88,6818.95
2019-01-23,6901.63,6834.3,6842.88,6901.39,6842.88
2019-01-22,6970.59,6880.69,6901.39,6970.59,6901.39
2019-01-21,6987.93,6954.52,6970.59,6968.33,6970.59
2019-01-18,6984.36,6834.92,6968.33,6834.92,6968.33
2019-01-17,6862.68,6799.03,6834.92,6862.68,6834.92
2019-01-16,6912.44,6848.57,6862.68,6895.02,6862.68
2019-01-15,6910.45,6849.63,6895.02,6855.02,6895.02
2019-01-14,6918.21,6841.74,6855.02,6918.18,6855.02
2019-01-11,7001.94,6902.65,6918.18,6942.87,6918.18
2019-01-10,6948.18,6860.82,6942.87,6906.63,6942.87
2019-01-09,6938.31,6861.6,6906.63,6861.6,6906.63
2019-01-08,6901.48,6804.89,6861.6,6810.88,6861.6
2019-01-07,6874.11,6778.01,6810.88,6837.42,6810.88
2019-01-04,6850.37,6692.5,6837.42,6692.66,6837.42
2019-01-03,6753.14,6685.09,6692.66,6734.23,6692.66
2019-01-02,6753.29,6599.48,6734.23,6728.13,6734.23
2019-01-01,6752.54,6718.32,6728.13,6728.13,6728.13
2018-12-31,6752.54,6718.32,6728.13,6733.97,6728.13
2018-12-28,6742.48,6584.68,6733.97,6584.68,6733.97
2018-12-27,6728.49,6536.53,6584.68,6685.99,6584.68
2018-12-26,6721.17,6661.04,6685.99,6685.99,6685.99
2018-12-25,6721.17,6661.04,6685.99,6685.99,6685.99
2018-12-24,6721.17,6661.04,6685.99,6721.17,6685.99
2018-12-21,6733.0,6653.65,6721.17,6711.93,6721.17
2018-12-20,6765.94,6646.45,6711.93,6765.94,6711.93
2018-12-19,6785.16,6698.15,6765.94,6701.59,6765.94
2018-12-18,6773.24,6701.59,6701.59,6773.24,6701.59
2018-12-17,6845.17,6761.38,6773.24,6845.17,6773.24
2018-12-14,6877.5,6788.65,6845.17,6877.5,6845.17
2018-12-13,6908.48,6848.98,6877.5,6880.19,6877.5
2018-12-12,6902.19,6806.94,6880.19,6806.94,6880.19
2018-12-11,6857.58,6721.54,6806.94,6721.54,6806.94
2018-12-10,6815.84,6719.17,6721.54,6778.11,6721.54
2018-12-07,6868.27,6704.05,6778.11,6704.05,6778.11
2018-12-06,6921.84,6673.57,6704.05,6921.84,6704.05
2018-12-05,7028.65,6921.84,6921.84,7022.76,6921.84
2018-12-04,7095.01,7002.71,7022.76,7062.41,7022.76
2018-12-03,7145.49,6980.24,7062.41,6980.24,7062.41
2018-11-30,7042.07,6965.6,6980.24,7038.95,6980.24
2018-11-29,7078.37,7004.52,7038.95,7004.52,7038.95
2018-11-28,7057.03,6987.25,7004.52,7016.85,7004.52
2018-11-27,7043.7,6983.98,7016.85,7036.0,7016.85
2018-11-26,7050.96,6952.86,7036.0,6952.86,7036.0
2018-11-23,6987.53,6912.3,6952.86,6960.32,6952.86
2018-11-22,7050.43,6944.95,6960.32,7050.23,6960.32
2018-11-21,7058.56,6947.92,7050.23,6947.92,7050.23
2018-11-20,7010.1,6904.21,6947.92,7000.89,6947.92
2018-11-19,7070.46,6997.83,7000.89,7013.88,7000.89
2018-11-16,7092.44,6968.99,7013.88,7038.01,7013.88
2018-11-15,7081.88,6979.57,7038.01,7033.79,7038.01
2018-11-14,7113.59,6979.68,7033.79,7053.76,7033.79
2018-11-13,7103.97,7016.64,7053.76,7053.08,7053.76
2018-11-12,7186.31,7053.08,7053.08,7105.34,7053.08
2018-11-09,7140.68,7070.8,7105.34,7140.68,7105.34
2018-11-08,7171.69,7115.01,7140.68,7117.28,7140.68
2018-11-07,7136.75,7040.68,7117.28,7040.68,7117.28
2018-11-06,7117.5,7027.45,7040.68,7103.84,7040.68
2018-11-05,7140.37,7077.4,7103.84,7094.12,7103.84
2018-11-02,7196.39,7094.12,7094.12,7114.66,7094.12
2018-11-01,7165.61,7085.74,7114.66,7128.1,7114.66
2018-10-31,7161.54,7035.85,7128.1,7035.85,7128.1
2018-10-30,7060.06,6983.68,7035.85,7026.32,7035.85
2018-10-29,7085.88,6939.56,7026.32,6939.56,7026.32
2018-10-26,7004.16,6851.59,6939.56,7004.1,6939.56
2018-10-25,7004.1,6885.99,7004.1,6962.98,7004.1
2018-10-24,7049.83,6955.21,6962.98,6955.21,6962.98
2018-10-23,7042.8,6928.65,6955.21,7042.8,6955.21
2018-10-22,7114.12,7042.05,7042.8,7049.8,7042.8
2018-10-19,7070.38,7012.56,7049.8,7026.99,7049.8
2018-10-18,7078.76,7026.74,7026.99,7054.6,7026.99
2018-10-17,7089.03,7019.41,7054.6,7059.4,7054.6
2018-10-16,7062.08,6998.93,7059.4,7029.22,7059.4
2018-10-15,7038.23,6961.28,7029.22,6995.91,7029.22
2018-10-12,7073.99,6994.78,6995.91,7006.93,6995.91
2018-10-11,7145.74,6998.02,7006.93,7145.74,7006.93
2018-10-10,7242.31,7145.74,7145.74,7237.59,7145.74
2018-10-09,7247.64,7184.28,7237.59,7233.33,7237.59
2018-10-08,7319.84,7233.33,7233.33,7318.54,7233.33
2018-10-05,7421.12,7318.54,7318.54,7418.34,7318.54
2018-10-04,7510.28,7411.31,7418.34,7510.28,7418.34
2018-10-03,7524.06,7474.55,7510.28,7474.55,7510.28
2018-10-02,7495.67,7444.8,7474.55,7495.67,7474.55
2018-10-01,7526.2,7466.67,7495.67,7510.2,7495.67
2018-09-28,7548.36,7474.67,7510.2,7545.44,7510.2
2018-09-27,7552.02,7490.94,7545.44,7511.49,7545.44
2018-09-26,7522.06,7490.2,7511.49,7507.56,7511.49
2018-09-25,7515.94,7455.22,7507.56,7458.41,7507.56
2018-09-24,7491.25,7450.53,7458.41,7490.23,7458.41
2018-09-21,7495.26,7367.32,7490.23,7367.32,7490.23
2018-09-20,7368.43,7324.01,7367.32,7331.12,7367.32
2018-09-19,7346.11,7279.92,7331.12,7300.23,7331.12
2018-09-18,7320.07,7281.98,7300.23,7302.1,7300.23
2018-09-17,7318.77,7267.83,7302.1,7304.04,7302.1
2018-09-14,7323.83,7281.57,7304.04,7281.57,7304.04
2018-09-13,7319.57,7275.14,7281.57,7313.36,7281.57
2018-09-12,7325.25,7250.84,7313.36,7273.54,7313.36
2018-09-11,7280.48,7220.5,7273.54,7279.3,7273.54
2018-09-10,7307.85,7256.51,7279.3,7277.7,7279.3
2018-09-07,7328.3,7227.07,7277.7,7318.96,7277.7
2018-09-06,7397.74,7313.12,7318.96,7383.28,7318.96
2018-09-05,7457.86,7357.98,7383.28,7457.86,7383.28
2018-09-04,7535.12,7437.65,7457.86,7504.6,7457.86
2018-09-03,7516.06,7432.18,7504.6,7432.42,7504.6
2018-08-31,7516.46,7428.67,7432.42,7516.03,7432.42
2018-08-30,7563.21,7497.54,7516.03,7563.21,7516.03
2018-08-29,7635.74,7545.08,7563.21,7617.22,7563.21
2018-08-28,7636.72,7577.49,7617.22,7577.49,7617.22
2018-08-27,7587.19,7557.67,7577.49,7577.49,7577.49
2018-08-24,7587.19,7557.67,7577.49,7563.22,7577.49
2018-08-23,7602.1,7560.85,7563.22,7574.24,7563.22
2018-08-22,7607.23,7531.24,7574.24,7565.7,7574.24
2018-08-21,7601.65,7557.34,7565.7,7591.26,7565.7
2018-08-20,7616.15,7558.59,7591.26,7558.59,7591.26
2018-08-17,7577.68,7514.26,7558.59,7556.38,7558.59
2018-08-16,7565.18,7497.87,7556.38,7497.87,7556.38
2018-08-15,7632.07,7477.05,7497.87,7611.64,7497.87
2018-08-14,7665.24,7599.66,7611.64,7642.45,7611.64
2018-08-13,7667.33,7614.48,7642.45,7667.01,7642.45
2018-08-10,7741.77,7657.72,7667.01,7741.77,7667.01
2018-08-09,7776.77,7714.52,7741.77,7776.65,7741.77
2018-08-08,7790.17,7707.3,7776.65,7718.48,7776.65
2018-08-07,7752.08,7663.2,7718.48,7663.78,7718.48
2018-08-06,7681.86,7636.6,7663.78,7659.1,7663.78
2018-08-03,7665.16,7575.93,7659.1,7575.93,7659.1
2018-08-02,7652.91,7549.34,7575.93,7652.91,7575.93
2018-08-01,7751.1,7634.66,7652.91,7748.76,7652.91
2018-07-31,7782.9,7695.76,7748.76,7700.85,7748.76
2018-07-30,7718.06,7659.91,7700.85,7701.31,7700.85
2018-07-27,7717.22,7663.16,7701.31,7663.17,7701.31
2018-07-26,7684.72,7640.94,7663.17,7658.26,7663.17
2018-07-25,7710.25,7640.59,7658.26,7709.05,7658.26
2018-07-24,7740.64,7648.59,7709.05,7655.79,7709.05
2018-07-23,7678.79,7621.75,7655.79,7678.79,7655.79
2018-07-20,7705.8,7631.66,7678.79,7683.97,7678.79
2018-07-19,7702.85,7660.02,7683.97,7676.28,7683.97
2018-07-18,7685.68,7625.75,7676.28,7626.33,7676.28
2018-07-17,7641.1,7581.83,7626.33,7600.45,7626.33
2018-07-16,7667.71,7564.96,7600.45,7661.87,7600.45
2018-07-13,7716.24,7651.33,7661.87,7651.33,7661.87
2018-07-12,7662.96,7591.96,7651.33,7591.96,7651.33
2018-07-11,7692.04,7578.18,7591.96,7692.04,7591.96
2018-07-10,7715.07,7677.06,7692.04,7687.99,7692.04
2018-07-09,7697.46,7617.7,7687.99,7617.7,7687.99
2018-07-06,7631.19,7569.7,7617.7,7603.22,7617.7
2018-07-05,7624.82,7572.69,7603.22,7573.09,7603.22
2018-07-04,7593.29,7560.81,7573.09,7593.29,7573.09
2018-07-03,7632.12,7544.98,7593.29,7547.85,7593.29
2018-07-02,7636.93,7540.71,7547.85,7636.93,7547.85
2018-06-29,7706.64,7615.63,7636.93,7615.63,7636.93
2018-06-28,7632.17,7576.01,7615.63,7621.69,7615.63
2018-06-27,7633.92,7512.03,7621.69,7537.92,7621.69
2018-06-26,7564.05,7509.84,7537.92,7509.84,7537.92
2018-06-25,7682.27,7508.32,7509.84,7682.27,7509.84
2018-06-22,7689.44,7556.2,7682.27,7556.44,7682.27
2018-06-21,7670.78,7548.12,7556.44,7627.4,7556.44
2018-06-20,7705.2,7603.85,7627.4,7603.85,7627.4
2018-06-19,7631.33,7548.84,7603.85,7631.33,7603.85
2018-06-18,7645.47,7601.6,7631.33,7633.91,7631.33
2018-06-15,7781.0,7633.91,7633.91,7765.79,7633.91
2018-06-14,7793.45,7650.16,7765.79,7703.71,7765.79
2018-06-13,7746.7,7677.17,7703.71,7703.81,7703.71
2018-06-12,7762.77,7701.33,7703.81,7737.43,7703.81
2018-06-11,7756.02,7681.07,7737.43,7681.07,7737.43
2018-06-08,7714.32,7637.52,7681.07,7704.4,7681.07
2018-06-07,7756.66,7698.15,7704.4,7712.37,7704.4
2018-06-06,7730.48,7671.62,7712.37,7686.8,7712.37
2018-06-05,7744.46,7686.61,7686.8,7741.29,7686.8
2018-06-04,7772.12,7701.7,7741.29,7701.77,7741.29
2018-06-01,7746.73,7678.2,7701.77,7678.2,7701.77
2018-05-31,7727.45,7651.12,7678.2,7689.57,7678.2
2018-05-30,7689.57,7618.12,7689.57,7632.64,7689.57
2018-05-29,7730.28,7610.66,7632.64,7730.28,7632.64
2018-05-28,7753.32,7703.26,7730.28,7730.28,7730.28
2018-05-25,7753.32,7703.26,7730.28,7716.74,7730.28
2018-05-24,7803.45,7716.74,7716.74,7788.44,7716.74
2018-05-23,7877.45,7765.32,7788.44,7877.45,7788.44
2018-05-22,7903.5,7854.58,7877.45,7859.17,7877.45
2018-05-21,7868.12,7778.12,7859.17,7778.79,7859.17
2018-05-18,7791.41,7753.27,7778.79,7787.97,7778.79
2018-05-17,7788.23,7713.85,7787.97,7734.2,7787.97
2018-05-16,7745.53,7717.76,7734.2,7722.98,7734.2
2018-05-15,7752.02,7687.49,7722.98,7710.98,7722.98
2018-05-14,7727.96,7688.57,7710.98,7724.55,7710.98
2018-05-11,7728.89,7691.69,7724.55,7700.97,7724.55
2018-05-10,7706.87,7631.58,7700.97,7662.52,7700.97
2018-05-09,7662.52,7565.75,7662.52,7565.75,7662.52
2018-05-08,7598.51,7550.44,7565.75,7567.14,7565.75
2018-05-07,7570.22,7502.69,7567.14,7567.14,7567.14
2018-05-04,7570.22,7502.69,7567.14,7502.69,7567.14
2018-05-03,7555.18,7492.39,7502.69,7543.2,7502.69
2018-05-02,7572.98,7519.62,7543.2,7520.36,7543.2
2018-05-01,7549.07,7506.57,7520.36,7509.3,7520.36
2018-04-30,7546.16,7497.11,7509.3,7502.21,7509.3
2018-04-27,7507.12,7421.28,7502.21,7421.43,7502.21
2018-04-26,7421.43,7355.0,7421.43,7379.32,7421.43
2018-04-25,7427.13,7334.64,7379.32,7425.4,7379.32
2018-04-24,7439.58,7397.29,7425.4,7398.87,7425.4
2018-04-23,7404.11,7359.73,7398.87,7368.17,7398.87
2018-04-20,7368.17,7323.31,7368.17,7328.92,7368.17
2018-04-19,7340.73,7309.42,7328.92,7317.34,7328.92
2018-04-18,7325.59,7226.05,7317.34,7226.05,7317.34
2018-04-17,7240.41,7189.85,7226.05,7198.2,7226.05
2018-04-16,7265.83,7195.46,7198.2,7264.56,7198.2
2018-04-13,7274.99,7249.07,7264.56,7258.34,7264.56
2018-04-12,7266.64,7240.76,7258.34,7257.14,7258.34
2018-04-11,7270.28,7243.32,7257.14,7266.75,7257.14
2018-04-10,7266.75,7194.75,7266.75,7194.75,7266.75
2018-04-09,7209.68,7145.57,7194.75,7183.64,7194.75
2018-04-06,7214.02,7163.11,7183.64,7199.5,7183.64
2018-04-05,7199.5,7034.01,7199.5,7034.01,7199.5
2018-04-04,7046.26,6971.75,7034.01,7030.46,7034.01
2018-04-03,7064.98,6996.76,7030.46,7056.61,7030.46
2018-04-02,7109.93,7042.73,7056.61,7056.61,7056.61
2018-03-30,7109.93,7042.73,7056.61,7056.61,7056.61
2018-03-29,7109.93,7042.73,7056.61,7044.74,7056.61
2018-03-28,7044.74,6923.33,7044.74,7000.14,7044.74
2018-03-27,7042.37,6888.69,7000.14,6888.69,7000.14
2018-03-26,6958.47,6866.94,6888.69,6921.94,6888.69
2018-03-23,6952.82,6876.96,6921.94,6952.59,6921.94
2018-03-22,7038.97,6914.45,6952.59,7038.97,6952.59
2018-03-21,7065.66,7016.79,7038.97,7061.27,7038.97
2018-03-20,7081.5,7042.6,7061.27,7042.93,7061.27
2018-03-19,7164.19,7034.91,7042.93,7164.14,7042.93
2018-03-16,7187.27,7131.31,7164.14,7139.76,7164.14
2018-03-15,7162.58,7127.08,7139.76,7132.69,7139.76
2018-03-14,7176.51,7122.76,7132.69,7138.78,7132.69
2018-03-13,7224.13,7125.6,7138.78,7214.76,7138.78
2018-03-12,7254.87,7198.18,7214.76,7224.51,7214.76
2018-03-09,7225.28,7189.74,7224.51,7203.24,7224.51
2018-03-08,7212.14,7145.7,7203.24,7157.84,7203.24
2018-03-07,7180.71,7109.56,7157.84,7146.75,7157.84
2018-03-06,7197.8,7115.6,7146.75,7115.98,7146.75
2018-03-05,7119.21,7062.13,7115.98,7069.9,7115.98
2018-03-02,7175.64,7063.42,7069.9,7175.64,7069.9
2018-03-01,7231.91,7153.39,7175.64,7231.91,7175.64
2018-02-28,7293.36,7231.91,7231.91,7282.45,7231.91
2018-02-27,7326.02,7272.87,7282.45,7289.58,7282.45
2018-02-26,7312.98,7244.31,7289.58,7244.41,7289.58
2018-02-23,7262.05,7220.81,7244.41,7252.39,7244.41
2018-02-22,7281.57,7187.76,7252.39,7281.57,7252.39
2018-02-21,7291.8,7220.55,7281.57,7246.77,7281.57
2018-02-20,7264.78,7202.14,7246.77,7247.66,7246.77
2018-02-19,7306.21,7239.98,7247.66,7294.7,7247.66
2018-02-16,7307.97,7234.81,7294.7,7234.81,7294.7
2018-02-15,7267.96,7206.69,7234.81,7213.97,7234.81
2018-02-14,7243.15,7145.73,7213.97,7168.01,7213.97
2018-02-13,7202.99,7165.83,7168.01,7177.06,7168.01
2018-02-12,7199.93,7092.43,7177.06,7092.43,7177.06
2018-02-09,7170.69,7073.03,7092.43,7170.69,7092.43
2018-02-08,7279.42,7161.31,7170.69,7279.42,7170.69
2018-02-07,7311.5,7141.4,7279.42,7141.4,7279.42
2018-02-06,7334.98,7079.41,7141.4,7334.98,7141.4
2018-02-05,7443.43,7334.79,7334.98,7443.43,7334.98
2018-02-02,7494.76,7432.25,7443.43,7490.39,7443.43
2018-02-01,7554.73,7476.51,7490.39,7533.55,7490.39
2018-01-31,7599.01,7521.77,7533.55,7587.98,7533.55
2018-01-30,7671.67,7587.12,7587.98,7671.53,7587.98
2018-01-29,7689.15,7663.93,7671.53,7665.54,7671.53
2018-01-26,7667.4,7615.84,7665.54,7615.84,7665.54
2018-01-25,7662.35,7608.53,7615.84,7643.43,7615.84
2018-01-24,7731.98,7643.43,7643.43,7731.83,7643.43
2018-01-23,7745.22,7710.03,7731.83,7715.44,7731.83
2018-01-22,7739.35,7703.67,7715.44,7730.79,7715.44
2018-01-19,7731.82,7694.66,7730.79,7700.96,7730.79
2018-01-18,7739.54,7683.71,7700.96,7725.43,7700.96
2018-01-17,7755.93,7711.11,7725.43,7755.93,7725.43
2018-01-16,7791.83,7740.55,7755.93,7769.14,7755.93
2018-01-15,7783.61,7763.43,7769.14,7778.64,7769.14
2018-01-12,7792.56,7752.63,7778.64,7762.94,7778.64
2018-01-11,7768.96,7734.64,7762.94,7748.51,7762.94
2018-01-10,7756.11,7716.21,7748.51,7731.02,7748.51
2018-01-09,7733.12,7696.5,7731.02,7696.51,7731.02
2018-01-08,7733.39,7691.77,7696.51,7724.22,7696.51
2018-01-05,7727.73,7689.81,7724.22,7695.88,7724.22
2018-01-04,7702.51,7671.11,7695.88,7671.11,7695.88
2018-01-03,7689.86,7640.53,7671.11,7648.1,7671.11
2018-01-02,7691.34,7624.14,7648.1,7687.77,7648.1
2018-01-01,7697.62,7620.01,7687.77,7687.77,7687.77
