Date,High,Low,Close,Open,Volume,Adj Close
2022-09-30,22507.29,22200.69,22462.16,22249.28,526190000.00000006,22462.16
2022-09-29,22639.07,21934.77,22114.35,22631.94,505700000.0,22114.35
2022-09-28,22706.13,22249.62,22651.25,22555.63,582580000.0,22651.25
2022-09-27,23311.77,22756.31,22756.31,23217.65,587030000.0,22756.31
2022-09-26,23202.9,22752.59,23019.17,22752.59,532360000.0,23019.17
2022-09-23,23587.46,22840.4,22869.9,23576.77,586080000.0,22869.9
2022-09-22,24040.98,23539.63,23629.88,23569.22,505200000.0,23629.88
2022-09-21,23910.66,23492.99,23910.66,23492.99,479180000.0,23910.66
2022-09-20,24277.43,23606.98,23648.79,24182.11,595460000.0,23648.79
2022-09-19,24171.31,23663.2,24043.8,23944.93,487120000.0,24043.8
2022-09-16,24138.61,23817.54,24020.59,24010.86,1100000000.0,24020.59
2022-09-15,24538.24,24214.91,24307.2,24376.23,553810000.0,24307.2
2022-09-14,24477.72,24153.54,24373.39,24186.92,459430000.0,24373.39
2022-09-13,24881.44,24285.06,24285.06,24706.65,584690000.0,24285.06
2022-09-12,24675.71,24212.21,24616.47,24216.62,550640000.0,24616.47
2022-09-09,24143.12,23716.5,24076.76,23717.16,593730000.0,24076.76
2022-09-08,23680.54,23133.09,23628.42,23573.61,632930000.0,23628.42
2022-09-07,23492.84,23229.85,23435.68,23271.97,526429999.99999994,23435.68
2022-09-06,23595.97,23260.17,23436.46,23440.0,350090000.0,23436.46
2022-09-05,23509.86,23225.78,23440.19,23433.07,388980000.0,23440.19
2022-09-02,23953.31,23367.3,23927.94,23419.19,419540000.0,23927.94
2022-09-01,23437.68,23210.14,23287.13,23356.47,392060000.0,23287.13
2022-08-31,24028.79,23579.02,23579.02,23994.76,550120000.0,23579.02
2022-08-30,24279.26,23788.72,23860.51,24000.67,460140000.0,23860.51
2022-08-29,23938.19,23561.6,23877.36,23688.05,367960000.0,23877.36
2022-08-26,24649.97,23937.2,23947.56,24641.57,441490000.0,23947.56
2022-08-25,24699.53,24395.8,24533.12,24668.22,482550000.0,24533.12
2022-08-24,24549.47,24196.58,24513.76,24378.33,399340000.0,24513.76
2022-08-23,24548.82,24109.83,24456.68,24132.18,493310000.0,24456.68
2022-08-22,24538.4,24116.93,24235.03,24464.71,483100000.0,24235.03
2022-08-19,25058.25,24637.85,24646.64,25021.99,416550000.0,24646.64
2022-08-18,25124.64,24918.87,25124.64,24921.89,316110000.0,25124.64
2022-08-17,25320.97,24860.53,24892.97,25255.85,376700000.0,24892.97
2022-08-16,25326.11,25121.52,25162.58,25253.71,407000000.0,25162.58
2022-08-12,25180.64,25030.84,25138.52,25032.54,485890000.0,25138.52
2022-08-11,25037.69,24921.35,25020.52,24976.68,333380000.0,25020.52
2022-08-10,24877.02,24472.29,24855.22,24544.7,339260000.0,24855.22
2022-08-09,24913.96,24590.64,24614.86,24870.23,341470000.0,24614.86
2022-08-08,24968.14,24698.42,24869.05,24866.78,357930000.0,24869.05
2022-08-05,24902.98,24641.24,24726.5,24843.83,478550000.0,24726.5
2022-08-04,25033.63,24749.21,24814.24,24800.79,535049999.99999994,24814.24
2022-08-03,24730.19,24424.95,24722.33,24493.97,489070000.0,24722.33
2022-08-02,24519.93,24257.15,24462.33,24515.42,403480000.0,24462.33
2022-08-01,24947.51,24562.38,24562.38,24619.47,452350000.0,24562.38
2022-07-29,24631.75,24237.09,24537.38,24306.02,608830000.0,24537.38
2022-07-28,24036.14,23730.27,24036.14,23783.74,486890000.0,24036.14
2022-07-27,23570.12,23315.62,23557.58,23362.72,461280000.0,23557.58
2022-07-26,23462.08,23227.5,23227.75,23443.7,433220000.0,23227.75
2022-07-25,23514.09,23212.64,23477.1,23252.09,421630000.0,23477.1
2022-07-22,23486.79,23171.4,23307.11,23235.09,502700000.0,23307.11
2022-07-21,23389.25,22762.34,23269.16,22955.1,802280000.0,23269.16
2022-07-20,23927.91,23288.86,23416.55,23855.86,582900000.0,23416.55
2022-07-19,23784.19,23052.01,23776.96,23052.54,522200000.00000006,23776.96
2022-07-18,23341.58,22965.93,23216.68,22965.93,474280000.0,23216.68
2022-07-15,22995.42,22468.4,22956.33,22568.59,616820000.0,22956.33
2022-07-14,23193.28,22401.43,22549.96,23168.77,640130000.0,22549.96
2022-07-13,23484.24,23055.3,23317.68,23466.02,435270000.0,23317.68
2022-07-12,23569.45,23329.44,23536.14,23467.01,552240000.0,23536.14
2022-07-11,23841.92,23491.42,23623.76,23514.15,450200000.0,23623.76
2022-07-08,23906.42,23526.74,23852.44,23588.92,437010000.0,23852.44
2022-07-07,23623.67,23169.4,23598.82,23209.15,538150000.0,23598.82
2022-07-06,23062.26,22733.83,22924.88,22982.06,454940000.0,22924.88
2022-07-05,23501.23,22677.3,22681.71,23501.23,485340000.0,22681.71
2022-07-04,23584.11,23329.68,23362.41,23526.47,373230000.0,23362.41
2022-07-01,23566.36,23041.61,23369.13,23081.16,443290000.0,23369.13
2022-06-30,23583.17,23139.9,23308.79,23533.28,599600000.0,23308.79
2022-06-29,24021.36,23779.04,23876.28,23920.6,364160000.0,23876.28
2022-06-28,24353.62,24092.55,24165.54,24124.98,374330000.0,24165.54
2022-06-27,24416.32,23894.14,23987.02,24290.04,399280000.0,23987.02
2022-06-24,24219.99,23633.8,24173.62,23733.3,417120000.0,24173.62
2022-06-23,24008.04,23475.29,23637.95,23730.9,569000000.0,23637.95
2022-06-22,23981.8,23506.99,23828.02,23748.59,399900000.0,23828.02
2022-06-21,24362.26,24071.92,24131.85,24128.49,397450000.0,24131.85
2022-06-20,24071.67,23768.12,24042.64,23895.25,394260000.0,24042.64
2022-06-17,24283.2,23767.37,23834.34,23771.13,763370000.0,23834.34
2022-06-16,24460.86,23737.67,23742.96,24417.3,496380000.0,23742.96
2022-06-15,24659.8,24142.13,24536.58,24269.31,543700000.0,24536.58
2022-06-14,24236.79,23641.1,23873.92,24176.23,477280000.0,23873.92
2022-06-13,24359.95,23846.06,23972.43,24226.93,595910000.0,23972.43
2022-06-10,25835.72,24673.08,24680.41,25833.96,831610000.0,24680.41
2022-06-09,26437.13,25866.45,25998.15,26333.78,439660000.0,25998.15
2022-06-08,26709.94,26368.73,26495.55,26681.14,336580000.0,26495.55
2022-06-07,26708.77,26451.35,26628.89,26699.94,364750000.0,26628.89
2022-06-06,26914.15,26611.14,26826.7,26611.14,318400000.0,26826.7
2022-06-03,26847.48,26364.63,26417.59,26838.53,397030000.0,26417.59
2022-06-02,26713.24,26553.12,26691.32,26637.51,314300000.0,26691.32
2022-06-01,26967.75,26484.77,26535.33,26929.38,506490000.0,26535.33
2022-05-31,27068.73,26709.89,26768.82,27014.15,1010000000.0,26768.82
2022-05-30,27117.88,26951.81,27089.95,27021.32,747600000.0,27089.95
2022-05-27,26898.83,26684.97,26875.59,26861.09,386610000.0,26875.59
2022-05-26,26792.97,26406.47,26765.92,26476.15,491930000.0,26765.92
2022-05-25,26481.01,26015.15,26437.71,26270.17,530280000.0,26437.71
2022-05-24,26278.26,25980.37,26046.37,26079.89,467470000.0,26046.37
2022-05-23,26332.39,25955.91,26332.39,26230.28,481610000.0,26332.39
2022-05-20,26757.86,26226.07,26286.22,26433.41,527360000.0,26286.22
2022-05-19,26265.85,25896.41,26265.85,26076.78,500320000.0,26265.85
2022-05-18,26625.46,26275.33,26300.68,26571.59,518549999.99999994,26300.68
2022-05-17,26701.86,26377.69,26532.2,26434.83,514580000.00000006,26532.2
2022-05-16,26352.66,26050.59,26226.67,26177.57,438250000.0,26226.67
2022-05-13,26244.58,25831.09,26244.58,25920.21,526860000.0,26244.58
2022-05-12,25844.67,25343.35,25707.08,25433.66,575170000.0,25707.08
2022-05-11,25868.34,25259.81,25868.34,25388.75,577740000.0,25868.34
2022-05-10,25493.4,25123.52,25171.23,25189.41,601320000.0,25171.23
2022-05-09,25695.15,24920.16,24920.16,25571.35,520679999.99999994,24920.16
2022-05-06,25986.64,25508.31,25636.75,25878.93,617530000.0,25636.75
2022-05-05,26688.18,25893.86,25948.9,26595.6,671010000.0,25948.9
2022-05-04,26541.84,26118.76,26125.34,26510.97,509020000.0,26125.34
2022-05-03,26483.66,26201.54,26483.66,26290.51,514880000.0,26483.66
2022-05-02,26376.3,25547.38,26103.23,26299.06,498540000.0,26103.23
2022-04-29,26674.5,26389.58,26513.24,26568.65,467270000.0,26513.24
2022-04-28,26500.16,26070.91,26298.4,26275.99,479500000.0,26298.4
2022-04-27,26121.96,25519.3,26054.07,25941.24,540610000.0,26054.07
2022-04-26,26427.55,25917.28,25917.28,26427.55,553360000.0,25917.28
2022-04-25,26387.52,25988.54,26172.2,26161.11,579790000.0,26172.2
2022-04-22,26889.82,26548.63,26568.36,26736.64,585820000.0,26568.36
2022-04-21,27304.88,27111.94,27113.64,27164.64,494750000.0,27113.64
2022-04-20,27212.57,26875.88,27162.6,26929.73,463520000.0,27162.6
2022-04-19,26935.69,26596.9,26889.95,26839.71,514830000.00000006,26889.95
2022-04-14,27204.0,26925.43,27123.32,27039.36,511350000.0,27123.32
2022-04-13,26973.25,26748.39,26973.25,26834.19,540570000.0,26973.25
2022-04-12,27052.54,26558.67,26912.73,26690.94,571170000.0,26912.73
2022-04-11,27222.64,26841.43,26997.05,27019.91,496980000.0,26997.05
2022-04-08,27096.29,26876.52,27069.64,26911.57,677380000.0,27069.64
2022-04-07,27163.34,26507.5,26531.82,26758.0,635840000.0,26531.82
2022-04-06,27290.9,26402.44,26673.18,27195.97,805690000.0,26673.18
2022-04-05,27573.99,27133.5,27234.02,27450.97,657160000.0,27234.02
2022-04-04,27517.68,27173.39,27457.61,27495.18,650800000.0,27457.61
2022-04-01,27578.44,27225.31,27443.53,27335.85,788460000.0,27443.53
2022-03-31,27693.31,27297.28,27297.28,27664.89,926170000.0,27297.28
2022-03-30,27676.39,27367.37,27623.76,27542.95,1050000000.0,27623.76
2022-03-29,27812.9,27196.49,27627.68,27302.69,934330000.0,27627.68
2022-03-28,27368.99,26848.08,26976.21,26861.99,810770000.0,26976.21
2022-03-25,26939.39,26581.4,26812.59,26680.89,901050000.0,26812.59
2022-03-24,26796.46,26536.93,26637.2,26632.95,1160000000.0,26637.2
2022-03-23,26935.59,26486.79,26569.24,26935.59,653150000.0,26569.24
2022-03-22,26875.58,26651.77,26821.92,26683.72,535650000.0,26821.92
2022-03-21,26776.36,26447.49,26563.59,26447.49,672310000.0,26563.59
2022-03-18,26535.23,26073.8,26496.03,26479.85,1090000000.0,26496.03
2022-03-17,26733.2,26095.35,26386.93,26647.94,948650000.0,26386.93
2022-03-16,26703.99,26183.03,26535.77,26238.75,1040000000.0,26535.77
2022-03-15,25776.67,25092.32,25673.82,25414.06,789810000.0,25673.82
2022-03-14,25822.65,25425.91,25627.18,25496.41,1000000000.0,25627.18
2022-03-11,25889.94,24897.82,25195.16,25159.33,1170000000.0,25195.16
2022-03-10,26137.68,24935.01,24992.82,26091.06,1200000000.0,24992.82
2022-03-09,26030.29,24861.18,26030.29,24947.63,1240000000.0,26030.29
2022-03-08,25081.47,23894.14,24375.15,23894.14,1390000000.0,24375.15
2022-03-07,24807.54,22971.61,24180.63,23904.06,2009999999.9999998,24180.63
2022-03-04,25891.35,24529.83,24529.83,25880.05,1590000000.0,24529.83
2022-03-03,27010.45,26102.41,26140.23,26860.84,1310000000.0,26140.23
2022-03-02,26972.15,26199.55,26793.13,26508.31,990920000.0,26793.13
2022-03-01,27948.15,26604.32,26604.32,27707.26,1100000000.0,26604.32
2022-02-28,27788.25,27234.84,27720.92,27462.92,955280000.0,27720.92
2022-02-25,28113.18,27044.7,28080.04,27399.31,999060000.0,28080.04
2022-02-24,27772.41,26709.83,27121.73,27681.79,1330000000.0,27121.73
2022-02-23,28742.14,28241.81,28264.85,28504.8,568550000.0,28264.85
2022-02-22,28560.74,27589.31,28372.57,27589.31,890950000.0,28372.57
2022-02-21,29096.2,28169.98,28379.25,29068.09,518880000.0,28379.25
2022-02-18,29238.4,28799.5,28888.17,29154.39,467530000.0,28888.17
2022-02-17,29436.38,28955.52,29057.08,29358.5,644980000.0,29057.08
2022-02-16,29591.84,29194.57,29377.17,29485.73,590390000.0,29377.17
2022-02-15,29385.02,28663.56,29376.89,28693.4,686590000.0,29376.89
2022-02-14,28845.73,28200.94,28767.51,28680.89,939730000.0,28767.51
2022-02-11,29440.94,29118.13,29356.46,29228.67,721080000.0,29356.46
2022-02-10,29745.59,29333.72,29579.14,29604.16,829660000.0,29579.14
2022-02-09,29509.72,28983.85,29509.72,28983.85,786250000.0,29509.72
2022-02-08,29007.04,28530.37,28741.63,28688.24,723390000.0,28741.63
2022-02-07,29125.59,28498.09,28675.29,29102.2,689500000.0,28675.29
2022-02-04,29666.6,28886.38,28975.22,29662.36,690830000.0,28975.22
2022-02-03,29812.9,29464.48,29484.15,29808.62,587890000.0,29484.15
2022-02-02,30009.37,29773.55,29828.85,29788.88,741520000.0,29828.85
2022-02-01,29664.54,29418.22,29664.54,29434.49,855000000.0,29664.54
2022-01-31,29466.14,29037.57,29215.86,29466.14,899880000.0,29215.86
2022-01-28,29264.72,28656.32,28939.83,29244.64,677510000.0,28939.83
2022-01-27,29442.76,28612.31,29283.0,28651.99,730120000.0,29283.0
2022-01-26,29054.23,28551.05,29005.77,28573.79,720430000.0,29005.77
2022-01-25,28630.91,28091.01,28355.25,28537.55,641820000.0,28355.25
2022-01-24,29411.26,28129.17,28307.66,29308.46,814600000.0,28307.66
2022-01-21,29772.03,29232.24,29496.41,29629.02,641690000.0,29496.41
2022-01-20,30052.14,29788.38,30052.14,29900.23,706140000.0,30052.14
2022-01-19,30038.4,29673.0,29835.23,29772.38,715170000.0,29835.23
2022-01-18,30071.84,29759.12,29935.73,30069.35,705880000.0,29935.73
2022-01-17,30204.38,30058.19,30189.34,30158.01,493730000.0,30189.34
2022-01-14,30215.42,29895.72,30019.19,30085.27,548340000.0,30019.19
2022-01-13,30406.19,30177.22,30340.42,30191.99,468640000.0,30340.42
2022-01-12,30243.5,30030.42,30224.11,30212.49,665450000.0,30224.11
2022-01-11,30159.65,29951.22,30043.45,30043.2,428450000.0,30043.45
2022-01-10,30349.85,29743.9,29821.47,30330.69,570800000.0,29821.47
2022-01-07,30412.35,30001.07,30166.97,30357.82,673210000.0,30166.97
2022-01-06,30528.04,30173.14,30227.98,30314.49,704450000.0,30227.98
2022-01-05,30808.5,30563.32,30764.35,30617.87,741100000.0,30764.35
2022-01-04,30703.85,30371.4,30567.5,30515.18,888090000.0,30567.5
2022-01-03,30387.1,30007.42,30335.04,30007.42,1260000000.0,30335.04
2021-12-30,30006.13,29903.15,29941.89,29949.83,290960000.0,29941.89
2021-12-29,30051.34,29842.62,29938.13,30047.63,311400000.0,29938.13
2021-12-28,30088.75,29846.76,30031.87,29846.76,355520000.0,30031.87
2021-12-27,29820.14,29467.05,29800.72,29481.46,318260000.0,29800.72
2021-12-23,29562.09,29358.87,29558.28,29435.22,329560000.0,29558.28
2021-12-22,29377.15,29074.96,29377.15,29185.85,453280000.0,29377.15
2021-12-21,29166.69,28798.92,29166.69,28936.92,482540000.0,29166.69
2021-12-20,28734.91,28246.46,28669.46,28475.31,630020000.0,28669.46
2021-12-17,29202.13,28854.13,29120.89,29114.94,729060000.0,29120.89
2021-12-16,29592.01,29245.28,29308.48,29592.01,623380000.0,29308.48
2021-12-15,29325.82,29138.28,29194.96,29190.88,571940000.0,29194.96
2021-12-14,29296.35,29050.13,29079.77,29195.1,556960000.0,29079.77
2021-12-13,29521.05,29060.75,29092.82,29361.14,551570000.0,29092.82
2021-12-10,29466.83,29225.9,29284.12,29225.9,502630000.0,29284.12
2021-12-09,29487.7,29264.93,29388.34,29366.74,635590000.0,29388.34
2021-12-08,29749.07,29321.59,29321.59,29624.32,504660000.0,29321.59
2021-12-07,29749.24,29259.89,29723.17,29259.89,575940000.0,29723.17
2021-12-06,29047.72,28541.39,29018.88,28671.94,641210000.0,29018.88
2021-12-03,28805.68,28326.03,28438.83,28751.41,573540000.0,28438.83
2021-12-02,28767.8,28387.23,28515.74,28641.2,635970000.0,28515.74
2021-12-01,28970.54,28484.58,28919.63,28547.07,682120000.0,28919.63
2021-11-30,28589.02,27991.89,28311.06,28153.78,942140000.0,28311.06
2021-11-29,28845.46,28467.49,28543.26,28714.93,728110000.0,28543.26
2021-11-26,28896.8,28321.48,28321.48,28775.51,1140000000.0,28321.48
2021-11-25,29839.58,29575.42,29636.68,29755.9,1290000000.0,29636.68
2021-11-24,29686.71,29305.84,29636.32,29542.94,2049999999.9999998,29636.32
2021-11-23,29804.93,29448.9,29466.14,29728.67,1600000000.0,29466.14
2021-11-22,30025.94,29780.64,29959.78,29857.16,2820000000.0,29959.78
2021-11-19,30423.96,29723.35,29915.86,30368.04,1040000000.0,29915.86
2021-11-18,30507.99,30202.95,30268.85,30448.7,514840000.00000006,30268.85
2021-11-17,30543.3,30414.33,30448.43,30489.29,618750000.0,30448.43
2021-11-16,30637.16,30448.14,30449.83,30601.55,644100000.0,30449.83
2021-11-15,30544.0,30345.67,30528.28,30369.19,626060000.0,30528.28
2021-11-12,30400.41,30246.98,30399.72,30314.57,840490000.0,30399.72
2021-11-11,30318.22,30155.68,30294.46,30209.86,430200000.0,30294.46
2021-11-10,30287.47,30085.5,30239.07,30227.94,614300000.0,30239.07
2021-11-09,30430.77,30136.78,30136.78,30375.45,531200000.00000006,30136.78
2021-11-08,30533.71,30422.24,30422.24,30501.13,748920000.0,30422.24
2021-11-05,30561.46,30214.86,30484.56,30215.25,1250000000.0,30484.56
2021-11-04,30211.65,30075.84,30211.65,30168.19,949740000.0,30211.65
2021-11-03,30020.92,29772.24,30020.92,29798.44,503940000.0,30020.92
2021-11-02,29865.33,29721.76,29816.36,29804.34,559450000.0,29816.36
2021-11-01,29929.67,29616.26,29833.2,29625.3,544340000.0,29833.2
2021-10-29,29493.36,29225.54,29477.49,29364.69,713000000.0,29477.49
2021-10-28,29554.24,29373.22,29505.97,29443.34,931120000.0,29505.97
2021-10-27,29591.6,29373.85,29424.27,29527.51,576170000.0,29424.27
2021-10-26,29701.75,29481.45,29624.17,29516.41,541770000.0,29624.17
2021-10-25,29456.86,29224.68,29452.02,29247.92,606140000.0,29452.02
2021-10-22,29332.47,29194.29,29216.93,29235.84,413730000.0,29216.93
2021-10-21,29270.34,29007.95,29171.8,29074.95,534640000.0,29171.8
2021-10-20,29235.58,28860.05,29208.16,28878.88,550900000.0,29208.16
2021-10-19,28984.49,28869.11,28937.82,28903.25,535120000.0,28937.82
2021-10-18,28974.86,28747.38,28865.0,28920.77,553950000.0,28865.0
2021-10-15,29135.68,28937.57,29077.7,29016.4,722300000.0,29077.7
2021-10-14,28890.43,28637.88,28852.99,28675.86,603000000.0,28852.99
2021-10-13,28584.6,28362.92,28501.86,28433.21,485960000.0,28501.86
2021-10-12,28493.51,28064.27,28493.51,28106.15,442830000.0,28493.51
2021-10-11,28540.31,28263.01,28406.4,28489.23,579320000.0,28406.4
2021-10-08,28595.77,28445.77,28548.38,28529.82,664790000.0,28548.38
2021-10-07,28546.15,28241.48,28494.44,28421.55,595500000.0,28494.44
2021-10-06,28288.9,27788.48,28080.28,28288.9,761930000.0,28080.28
2021-10-05,28463.96,28021.56,28463.96,28033.72,854570000.0,28463.96
2021-10-04,28240.6,27925.82,27957.77,28064.81,533820000.00000006,27957.77
2021-10-01,28259.89,27749.36,28139.23,27788.58,628560000.0,28139.23
2021-09-30,28458.38,28054.11,28183.64,28399.93,669160000.0,28183.64
2021-09-29,28334.38,28065.47,28225.51,28216.87,663050000.0,28225.51
2021-09-28,28767.8,28056.33,28056.33,28716.8,756890000.0,28056.33
2021-09-27,28778.46,28572.83,28694.25,28749.8,615100000.0,28694.25
2021-09-24,28670.27,28511.58,28554.11,28627.82,509050000.0,28554.11
2021-09-23,28690.67,28455.77,28685.24,28485.74,626680000.0,28685.24
2021-09-22,28296.01,27986.49,28296.01,28078.37,632460000.0,28296.01
2021-09-21,27988.97,27707.67,27896.11,27748.93,688590000.0,27896.11
2021-09-20,27922.76,27448.34,27581.4,27895.97,890110000.0,27581.4
2021-09-17,28737.37,28268.23,28268.23,28696.28,888950000.0,28268.23
2021-09-16,28670.04,28477.66,28518.61,28477.66,487280000.0,28518.61
2021-09-15,28632.61,28240.35,28319.16,28628.28,547460000.0,28319.16
2021-09-14,28704.93,28489.2,28605.03,28522.85,461720000.0,28605.03
2021-09-13,28617.72,28412.52,28515.49,28413.9,473860000.0,28515.49
2021-09-10,28620.75,28256.32,28296.91,28598.32,535860000.0,28296.91
2021-09-09,28633.13,28255.3,28541.93,28336.65,490700000.0,28541.93
2021-09-08,28702.38,28337.08,28502.66,28591.72,549210000.0,28502.66
2021-09-07,28933.5,28683.74,28719.13,28911.5,377260000.0,28719.13
2021-09-06,28955.52,28780.83,28922.85,28786.47,401590000.0,28922.85
2021-09-03,28917.38,28609.22,28711.79,28882.0,599160000.0,28711.79
2021-09-02,28896.54,28795.58,28884.05,28802.56,486050000.0,28884.05
2021-09-01,29025.49,28712.3,28805.78,28798.42,555170000.0,28805.78
2021-08-31,28819.15,28493.32,28609.59,28658.18,721610000.0,28609.59
2021-08-30,28676.02,28540.64,28625.94,28659.17,1000000000.0,28625.94
2021-08-27,28599.89,28402.02,28597.75,28449.38,532659999.99999994,28597.75
2021-08-26,28639.26,28415.14,28450.86,28555.11,568090000.0,28450.86
2021-08-25,28652.32,28555.35,28652.32,28610.56,572130000.0,28652.32
2021-08-24,28727.32,28467.64,28603.42,28727.32,356130000.0,28603.42
2021-08-23,28733.19,28493.62,28617.75,28663.46,430090000.0,28617.75
2021-08-20,28472.83,28232.49,28449.33,28448.21,503430000.0,28449.33
2021-08-19,28599.58,28240.1,28471.19,28599.58,829830000.0,28471.19
2021-08-18,28948.05,28723.37,28931.05,28775.14,1060000000.0,28931.05
2021-08-17,28877.72,28704.11,28767.77,28877.72,754240000.0,28767.77
2021-08-16,29157.17,28940.46,28998.24,29043.1,342850000.0,28998.24
2021-08-13,29250.98,29104.75,29212.89,29134.03,362940000.0,29212.89
2021-08-12,29142.93,29010.17,29116.68,29052.21,568490000.0,29116.68
2021-08-11,29047.91,28765.7,29027.11,28811.56,838950000.0,29027.11
2021-08-10,28827.89,28679.55,28743.12,28691.01,986320000.0,28743.12
2021-08-09,28686.76,28535.49,28669.48,28535.49,590280000.0,28669.48
2021-08-06,28558.29,28191.39,28515.51,28217.53,545570000.0,28515.51
2021-08-05,28209.65,28022.08,28203.75,28022.08,390180000.0,28203.75
2021-08-04,28074.62,27869.69,28017.04,28007.06,457370000.0,28017.04
2021-08-03,28005.18,27807.02,27877.21,27951.05,455540000.0,27877.21
2021-08-02,28202.56,27884.91,27884.91,28045.61,513530000.0,27884.91
2021-07-30,27999.14,27834.78,27864.44,27911.14,846860000.0,27864.44
2021-07-29,28032.24,27805.82,28004.63,27849.98,718760000.0,28004.63
2021-07-28,27775.45,27526.48,27743.2,27567.0,456580000.0,27743.2
2021-07-27,27732.47,27464.76,27550.77,27696.26,394250000.0,27550.77
2021-07-26,27767.94,27428.65,27767.94,27453.39,445030000.0,27767.94
2021-07-23,27618.53,27357.64,27583.66,27377.13,396580000.0,27583.66
2021-07-22,27429.05,27164.82,27245.38,27211.47,453680000.0,27245.38
2021-07-21,27095.35,26611.99,27080.56,26619.68,567850000.0,27080.56
2021-07-20,26596.97,26170.6,26473.34,26465.58,539120000.0,26473.34
2021-07-19,26925.33,26184.77,26316.32,26918.75,849600000.0,26316.32
2021-07-16,27429.82,27094.25,27206.05,27344.9,566480000.0,27206.05
2021-07-15,27546.8,27255.14,27296.25,27538.86,410560000.0,27296.25
2021-07-14,27778.28,27550.36,27651.77,27574.93,359960000.0,27651.77
2021-07-13,27779.02,27539.84,27617.92,27774.34,500780000.0,27617.92
2021-07-12,27751.25,27405.41,27735.18,27573.65,389800000.0,27735.18
2021-07-09,27525.5,27181.39,27499.96,27182.51,540870000.0,27499.96
2021-07-08,27616.09,26887.03,27069.22,27612.73,837080000.0,27069.22
2021-07-07,27907.17,27636.53,27764.1,27782.34,641340000.0,27764.1
2021-07-06,27923.17,27624.36,27690.74,27921.3,638050000.0,27690.74
2021-07-05,27984.1,27622.45,27913.65,27733.48,476620000.0,27913.65
2021-07-02,27846.89,27687.31,27742.98,27788.87,612510000.0,27742.98
2021-07-01,27845.31,27463.46,27729.52,27688.92,412140000.0,27729.52
2021-06-30,27853.45,27374.81,27531.67,27800.03,538370000.0,27531.67
2021-06-29,27912.43,27690.27,27804.25,27690.27,420260000.0,27804.25
2021-06-28,28038.86,27675.15,27675.15,27976.34,400070000.0,27675.15
2021-06-25,27992.06,27887.65,27975.53,27931.82,383770000.0,27975.53
2021-06-24,27898.23,27571.29,27890.3,27608.89,585590000.0,27890.3
2021-06-23,27882.7,27535.98,27535.98,27830.28,410040000.0,27535.98
2021-06-22,27915.14,27672.36,27790.56,27915.14,507950000.0,27790.56
2021-06-21,27877.77,27376.33,27877.77,27376.33,577330000.0,27877.77
2021-06-18,28240.02,27694.75,27699.03,28156.23,934450000.0,27699.03
2021-06-17,28278.63,28165.26,28199.38,28174.55,522559999.99999994,28199.38
2021-06-16,28316.36,28187.7,28263.71,28299.66,473400000.0,28263.71
2021-06-15,28345.05,28133.42,28226.47,28336.39,501430000.0,28226.47
2021-06-14,28363.01,28194.36,28259.68,28283.8,503830000.0,28259.68
2021-06-11,28212.88,28076.09,28198.91,28120.68,464720000.0,28198.91
2021-06-10,28232.69,27972.06,28095.53,28232.69,529440000.00000006,28095.53
2021-06-09,28359.45,28170.39,28215.21,28328.23,462740000.0,28215.21
2021-06-08,28407.51,28174.45,28288.04,28322.09,701450000.0,28288.04
2021-06-07,28305.34,27971.08,28300.73,28013.95,721230000.0,28300.73
2021-06-04,28020.7,27897.22,28020.7,27906.94,614280000.0,28020.7
2021-06-03,27927.48,27647.02,27904.88,27815.82,603780000.0,27904.88
2021-06-02,27861.89,27707.05,27832.95,27741.57,482100000.0,27832.95
2021-06-01,28010.72,27718.77,27779.35,27718.77,656050000.0,27779.35
2021-05-31,27718.12,27559.05,27611.38,27581.21,448600000.0,27611.38
2021-05-28,27591.9,27434.34,27580.4,27473.71,547630000.0,27580.4
2021-05-27,27473.36,27080.94,27431.86,27081.81,777090000.0,27431.86
2021-05-26,27353.36,27043.8,27140.96,27317.25,594130000.0,27140.96
2021-05-25,27369.96,27222.8,27243.8,27307.03,533679999.99999994,27243.8
2021-05-24,27311.27,27144.77,27247.35,27187.54,456440000.0,27247.35
2021-05-21,27314.92,27066.8,27314.92,27119.22,616720000.0,27314.92
2021-05-20,27049.06,26743.71,27049.06,26958.35,525770000.0,27049.06
2021-05-19,27115.5,26593.47,26828.76,26974.93,750930000.0,26828.76
2021-05-18,27466.93,27174.08,27235.68,27406.4,683500000.0,27235.68
2021-05-17,27275.74,27061.35,27210.29,27188.08,599490000.0,27210.29
2021-05-14,27103.67,26750.87,27103.67,26963.74,559330000.0,27103.67
2021-05-13,26896.02,26192.2,26817.4,26552.36,606510000.0,26817.4
2021-05-12,26845.66,26587.3,26767.83,26751.14,654940000.0,26767.83
2021-05-11,26953.47,26560.87,26703.95,26953.47,770210000.0,26703.95
2021-05-10,27157.4,26995.03,27150.67,27066.39,655680000.0,27150.67
2021-05-07,26960.47,26722.65,26950.62,26937.89,594470000.0,26950.62
2021-05-06,26987.35,26669.07,26796.61,26862.08,957650000.0,26796.61
2021-05-05,26779.8,26420.79,26771.49,26468.35,573860000.0,26771.49
2021-05-04,26841.84,26252.91,26281.48,26783.41,611660000.0,26281.48
2021-05-03,26778.27,26452.78,26732.84,26506.54,468100000.0,26732.84
2021-04-30,26702.32,26390.22,26446.9,26636.77,636820000.0,26446.9
2021-04-29,26860.59,26452.75,26583.22,26859.01,622390000.0,26583.22
2021-04-28,26863.93,26666.17,26766.22,26835.85,524710000.00000006,26766.22
2021-04-27,26859.06,26672.32,26777.12,26837.83,439040000.0,26777.12
2021-04-26,26866.57,26638.31,26835.36,26732.8,475880000.0,26835.36
2021-04-23,26699.2,26523.56,26684.23,26577.51,389570000.0,26684.23
2021-04-22,26708.47,26454.72,26693.59,26520.91,448800000.0,26693.59
2021-04-21,26528.56,26162.02,26420.45,26454.96,519390000.0,26420.45
2021-04-20,27022.6,26307.88,26344.06,26989.31,636150000.0,26344.06
2021-04-19,27101.06,26949.2,26982.3,27030.47,519940000.00000006,26982.3
2021-04-16,27052.25,26796.68,27030.19,26822.16,523659999.99999994,27030.19
2021-04-15,26903.25,26734.76,26791.19,26864.01,437180000.0,26791.19
2021-04-14,26893.03,26694.02,26831.18,26893.03,452240000.0,26831.18
2021-04-13,26894.44,26708.99,26859.47,26736.01,475770000.0,26859.47
2021-04-12,26809.73,26572.28,26702.15,26638.35,388720000.0,26702.15
2021-04-09,26910.46,26658.53,26658.53,26841.71,493940000.0,26658.53
2021-04-08,27099.2,26750.41,26800.76,27077.93,628190000.0,26800.76
2021-04-07,27056.19,26833.44,26961.9,26987.77,481230000.0,26961.9
2021-04-06,27148.09,26964.08,26981.96,27134.85,611390000.0,26981.96
2021-04-01,26943.55,26830.39,26902.66,26903.61,686740000.0,26902.66
2021-03-31,26962.22,26801.32,26814.98,26847.66,622800000.0,26814.98
2021-03-30,26876.74,26641.92,26808.95,26716.71,618890000.0,26808.95
2021-03-29,26665.9,26501.65,26601.55,26606.41,540800000.0,26601.55
2021-03-26,26595.11,26440.46,26563.23,26551.84,658550000.0,26563.23
2021-03-25,26425.2,26144.07,26378.64,26307.43,674670000.0,26378.64
2021-03-24,26369.35,26090.71,26361.57,26129.84,590880000.0,26361.57
2021-03-23,26364.71,26170.97,26268.25,26361.97,615980000.0,26268.25
2021-03-22,26436.54,26180.76,26410.18,26225.2,600580000.0,26410.18
2021-03-19,26501.5,26128.01,26341.8,26128.01,1410000000.0,26341.8
2021-03-18,26597.95,26375.4,26476.45,26572.85,762290000.0,26476.45
2021-03-17,26502.61,26334.53,26420.25,26437.65,624540000.0,26420.25
2021-03-16,26467.9,26331.63,26417.61,26389.69,709040000.0,26417.61
2021-03-15,26570.3,26188.68,26269.19,26346.57,743690000.0,26269.19
2021-03-12,26328.66,26155.74,26244.97,26236.53,745190000.0,26244.97
2021-03-11,26357.38,26131.27,26264.82,26131.27,996080000.0,26264.82
2021-03-10,26055.33,25825.99,26029.57,25878.96,775850000.0,26029.57
2021-03-09,25943.83,25663.79,25889.25,25719.33,800280000.0,25889.25
2021-03-08,25746.38,25064.72,25701.06,25172.33,816950000.0,25701.06
2021-03-05,25283.85,24863.87,24958.37,24952.15,773550000.0,24958.37
2021-03-04,25198.27,24800.44,25097.0,24958.06,609980000.0,25097.0
2021-03-03,25396.83,24822.86,25054.31,25263.42,766350000.0,25054.31
2021-03-02,25397.1,25122.68,25122.68,25234.14,566330000.0,25122.68
2021-03-01,25316.77,25117.33,25313.88,25142.04,608560000.0,25313.88
2021-02-26,25051.29,24679.3,24856.67,24727.46,699170000.0,24856.67
2021-02-25,25332.12,25081.48,25087.79,25311.0,862150000.0,25087.79
2021-02-24,25166.88,24913.68,25133.31,24941.86,1090000000.0,25133.31
2021-02-23,25246.83,24660.97,24977.71,25172.93,704420000.0,24977.71
2021-02-22,25116.15,24907.96,25079.69,25059.18,531770000.0,25079.69
2021-02-19,25245.59,24891.89,25196.86,24988.64,624660000.0,25196.86
2021-02-18,25371.15,24932.76,24973.09,25286.81,642860000.0,24973.09
2021-02-17,25556.88,25211.56,25266.63,25495.53,630570000.0,25266.63
2021-02-16,25769.43,25536.55,25546.33,25761.4,757230000.0,25546.33
2021-02-15,25775.76,25683.32,25732.75,25764.92,640790000.0,25732.75
2021-02-12,25531.62,25169.23,25531.62,25410.17,516630000.0,25531.62
2021-02-11,25486.39,25363.64,25425.71,25392.82,588120000.0,25425.71
2021-02-10,25492.15,25231.94,25361.39,25486.49,749700000.0,25361.39
2021-02-09,25557.59,25316.34,25367.65,25557.59,680800000.0,25367.65
2021-02-08,25578.52,25279.42,25498.8,25321.15,979730000.0,25498.8
2021-02-05,25305.77,24976.48,25115.02,25022.73,986030000.0,25115.02
2021-02-04,25001.1,24508.49,24930.42,24594.02,749510000.0,24930.42
2021-02-03,24773.59,24406.87,24559.12,24461.31,1050000000.0,24559.12
2021-02-02,24151.65,23942.58,24059.55,23942.58,929650000.0,24059.55
2021-02-01,23870.52,23597.54,23809.3,23711.49,550080000.0,23809.3
2021-01-29,23750.67,23483.77,23530.79,23531.23,577380000.0,23530.79
2021-01-28,23914.26,23243.77,23883.4,23430.1,549410000.0,23883.4
2021-01-27,23973.74,23371.54,23625.51,23910.2,589280000.0,23625.51
2021-01-26,24028.54,23609.89,23974.65,23669.92,567360000.0,23974.65
2021-01-25,24220.99,23628.28,23690.91,24213.04,654690000.0,23690.91
2021-01-22,24231.7,23891.76,24058.38,24231.7,595230000.0,24058.38
2021-01-21,24830.33,24404.65,24408.6,24780.15,595500000.0,24408.6
2021-01-20,24653.21,24490.21,24634.64,24551.65,531110000.0,24634.64
2021-01-19,24639.03,24415.87,24427.84,24629.37,673400000.0,24427.84
2021-01-18,24500.69,24253.27,24487.31,24265.54,426710000.0,24487.31
2021-01-15,24758.65,24252.2,24395.73,24659.15,554570000.0,24395.73
2021-01-14,24902.88,24663.85,24663.85,24780.92,547680000.0,24663.85
2021-01-13,24852.3,24604.93,24784.36,24646.72,503330000.0,24784.36
2021-01-12,24878.65,24589.78,24675.52,24842.48,686980000.0,24675.52
2021-01-11,24836.47,24532.66,24769.19,24736.24,509520000.0,24769.19
2021-01-08,25032.8,24731.44,24826.8,24966.89,606030000.0,24826.8
2021-01-07,24882.51,24648.46,24764.96,24851.36,737090000.0,24764.96
2021-01-06,24809.85,24215.15,24759.56,24359.58,876890000.0,24759.56
2021-01-05,24337.65,24093.66,24193.22,24218.97,592180000.0,24193.22
2021-01-04,24493.18,24210.11,24307.39,24376.85,598960000.0,24307.39
2020-12-30,24321.72,24202.73,24202.73,24279.9,356860000.0,24202.73
2020-12-29,24376.78,24182.2,24238.06,24368.41,322980000.0,24238.06
2020-12-28,24332.3,24224.98,24259.46,24278.28,507040000.0,24259.46
2020-12-23,24113.13,23875.66,24089.23,23921.2,406120000.0,24089.23
2020-12-22,23792.82,23427.14,23787.23,23427.14,411160000.0,23787.23
2020-12-21,23557.26,22980.88,23339.77,23403.9,923850000.0,23339.77
2020-12-18,24104.75,23867.22,23927.11,23878.41,814580000.0,23927.11
2020-12-17,24095.1,23961.63,23972.13,24023.93,579280000.0,23972.13
2020-12-16,24128.09,23836.49,23929.24,23924.13,595530000.0,23929.24
2020-12-15,23892.82,23628.56,23863.51,23659.28,474980000.0,23863.51
2020-12-14,23943.36,23701.87,23701.87,23792.71,545060000.0,23701.87
2020-12-11,23845.1,23496.63,23622.81,23802.53,554720000.0,23622.81
2020-12-10,24021.17,23682.66,23854.59,23969.02,616650000.0,23854.59
2020-12-09,24200.24,23895.6,23900.73,24147.7,679210000.0,23900.73
2020-12-08,24021.35,23817.82,23980.85,23981.8,593120000.0,23980.85
2020-12-07,24058.38,23870.12,24016.89,24037.37,722390000.0,24016.89
2020-12-04,24099.41,23942.6,24085.19,23942.6,703900000.0,24085.19
2020-12-03,23955.92,23815.76,23920.66,23946.48,650880000.0,23920.66
2020-12-02,23973.2,23709.93,23895.57,23955.22,778480000.0,23895.57
2020-12-01,24134.58,23931.93,24033.98,24101.82,1060000000.0,24033.98
2020-11-30,24264.95,23962.7,23962.7,24134.83,942640000.0,23962.7
2020-11-27,24301.59,24086.63,24270.63,24091.59,790990000.0,24270.63
2020-11-26,24311.99,24121.41,24121.41,24311.99,790070000.0,24121.41
2020-11-25,24261.16,23960.99,24222.72,24197.16,1060000000.0,24222.72
2020-11-24,24061.51,23875.76,24060.2,23899.39,1480000000.0,24060.2
2020-11-23,23913.56,23594.39,23594.39,23779.16,1170000000.0,23594.39
2020-11-20,23667.57,23380.81,23603.76,23403.04,1200000000.0,23603.76
2020-11-19,23562.49,23296.12,23408.17,23357.03,1720000000.0,23408.17
2020-11-18,23524.33,23224.28,23495.79,23276.72,1330000000.0,23495.79
2020-11-17,23355.47,23109.13,23294.73,23168.45,1060000000.0,23294.73
2020-11-16,23285.72,22841.1,23175.03,22965.5,926750000.0,23175.03
2020-11-13,22785.28,22523.53,22723.26,22523.53,593860000.0,22723.26
2020-11-12,22778.09,22519.41,22631.37,22644.34,797330000.0,22631.37
2020-11-11,22873.69,22628.25,22816.71,22750.99,837810000.0,22816.71
2020-11-10,22710.31,22365.05,22640.96,22553.44,1170000000.0,22640.96
2020-11-09,22715.67,21718.92,22525.29,21760.21,1590000000.0,22525.29
2020-11-06,21562.12,21210.25,21414.86,21423.16,645970000.0,21414.86
2020-11-05,21518.42,21185.04,21460.86,21187.41,746670000.0,21460.86
2020-11-04,21084.08,20244.88,21053.2,20334.31,788630000.0,21053.2
2020-11-03,20660.33,20186.1,20660.33,20204.1,1050000000.0,20660.33
2020-11-02,20070.51,19443.29,20064.3,19625.77,741130000.0,20064.3
2020-10-30,19620.07,19304.24,19588.69,19318.28,647590000.0,19588.69
2020-10-29,19728.68,19264.47,19510.99,19609.56,795550000.0,19510.99
2020-10-28,20051.27,19481.85,19540.97,20008.34,989970000.0,19540.97
2020-10-27,20737.62,20361.1,20370.59,20737.62,736390000.0,20370.59
2020-10-26,20952.27,20654.18,20676.89,20697.75,1090000000.0,20676.89
2020-10-23,21139.3,20858.13,21050.96,20858.13,665980000.0,21050.96
2020-10-22,20946.63,20628.1,20853.79,20886.0,553790000.0,20853.79
2020-10-21,21331.04,20882.91,20886.0,21331.04,674310000.0,20886.0
2020-10-20,21373.25,21038.09,21282.48,21116.15,630380000.0,21282.48
2020-10-19,21392.89,21104.64,21165.78,21279.43,959890000.0,21165.78
2020-10-16,21255.1,20833.35,21186.23,21008.38,681240000.0,21186.23
2020-10-15,21223.66,20758.21,20867.39,21223.66,937980000.0,20867.39
2020-10-14,21576.3,21350.6,21456.59,21418.74,1390000000.0,21456.59
2020-10-13,21577.34,21322.38,21399.41,21567.23,911820000.0,21399.41
2020-10-12,21603.69,21397.5,21558.95,21482.35,594490000.0,21558.95
2020-10-09,21528.59,21316.07,21439.43,21439.28,537210000.0,21439.43
2020-10-08,21486.31,21322.22,21431.01,21384.21,552290000.0,21431.01
2020-10-07,21312.71,21202.44,21281.77,21246.34,685680000.0,21281.77
2020-10-06,21359.56,21030.6,21266.47,21163.62,722380000.0,21266.47
2020-10-05,21097.18,20930.55,21093.66,21047.8,636510000.0,21093.66
2020-10-02,20915.76,20655.96,20902.74,20671.38,645160000.0,20902.74
2020-10-01,21104.99,20807.89,20903.95,21013.23,720830000.0,20903.95
2020-09-30,20984.37,20709.84,20850.2,20721.41,610690000.0,20850.2
2020-09-29,21061.41,20817.74,20889.71,20960.89,447860000.0,20889.71
2020-09-28,21010.51,20728.12,20991.36,20770.92,691950000.0,20991.36
2020-09-25,20758.42,20350.59,20517.35,20758.42,648600000.0,20517.35
2020-09-24,20924.69,20476.15,20726.88,20486.6,704650000.0,20726.88
2020-09-23,21063.94,20768.12,20770.1,20900.31,1060000000.0,20770.1
2020-09-22,20908.08,20617.69,20704.72,20763.11,745330000.0,20704.72
2020-09-21,21275.81,20589.96,20604.62,21256.28,912520000.0,20604.62
2020-09-18,21639.17,21350.29,21362.22,21524.31,1050000000.0,21362.22
2020-09-17,21648.65,21477.53,21576.11,21489.0,1080000000.0,21576.11
2020-09-16,21880.27,21645.27,21809.1,21829.26,1060000000.0,21809.1
2020-09-15,21886.54,21556.48,21807.5,21686.13,1200000000.0,21807.5
2020-09-14,21825.01,21579.45,21646.15,21803.74,880720000.0,21646.15
2020-09-11,21732.79,21550.11,21678.23,21640.11,600830000.0,21678.23
2020-09-10,21817.72,21538.57,21664.61,21646.16,1160000000.0,21664.61
2020-09-09,21646.44,21200.33,21625.69,21200.33,1040000000.0,21625.69
2020-09-08,21646.22,21019.1,21213.6,21646.22,1680000000.0,21213.6
2020-09-07,21593.34,21305.81,21574.23,21352.5,1330000000.0,21574.23
2020-09-04,21617.26,21064.33,21204.47,21295.57,1830000000.0,21204.47
2020-09-03,21989.89,21300.32,21384.9,21849.2,1420000000.0,21384.9
2020-09-02,21865.31,21497.69,21688.82,21530.76,1150000000.0,21688.82
2020-09-01,21703.41,21252.74,21409.8,21606.49,2500000000.0,21409.8
2020-08-31,21914.84,21451.9,21462.34,21804.28,1900000000.0,21462.34
2020-08-28,21813.12,21499.82,21667.08,21775.95,1680000000.0,21667.08
2020-08-27,21958.08,21667.0,21667.0,21958.08,1250000000.0,21667.0
2020-08-26,21964.91,21762.96,21964.91,21796.44,419030000.0,21964.91
2020-08-25,22209.25,21852.44,21852.44,22094.16,434450000.0,21852.44
2020-08-24,21973.63,21728.7,21951.99,21742.62,377140000.0,21951.99
2020-08-21,21693.1,21294.89,21526.69,21681.04,373420000.0,21526.69
2020-08-20,21758.11,21547.99,21601.13,21666.2,335490000.0,21601.13
2020-08-19,21902.6,21575.01,21902.6,21673.24,304020000.0,21902.6
2020-08-18,22013.2,21557.28,21687.09,21691.67,362600000.0,21687.09
2020-08-17,21975.85,21692.59,21791.83,21950.1,374850000.0,21791.83
2020-08-14,22040.42,21659.2,21882.5,22024.06,457550000.0,21882.5
2020-08-13,22332.82,22124.17,22124.17,22234.97,434380000.0,22124.17
2020-08-12,22312.33,21994.7,22294.97,22018.31,497840000.0,22294.97
2020-08-11,22154.08,21700.69,22061.41,21700.69,640060000.0,22061.41
2020-08-10,21516.92,21288.48,21502.74,21404.43,373200000.0,21502.74
2020-08-07,21405.1,21071.49,21356.16,21268.61,460750000.0,21356.16
2020-08-06,21666.8,21174.67,21305.67,21532.16,791330000.0,21305.67
2020-08-05,21720.63,21459.24,21572.91,21594.21,683370000.0,21572.91
2020-08-04,21477.3,21185.43,21443.43,21349.88,706080000.0,21443.43
2020-08-03,21207.66,20724.74,21190.25,20941.56,513620000.0,21190.25
2020-07-31,21324.33,20889.27,20889.29,21127.14,609520000.0,20889.29
2020-07-30,21765.54,20886.66,21004.67,21725.6,727070000.0,21004.67
2020-07-29,21713.66,21481.38,21659.25,21635.45,462340000.0,21659.25
2020-07-28,21878.65,21446.8,21658.56,21780.18,432300000.0,21658.56
2020-07-27,21936.83,21669.76,21778.76,21816.3,488800000.0,21778.76
2020-07-24,22025.08,21739.8,21853.67,21945.06,526549999.99999994,21853.67
2020-07-23,22490.68,22168.66,22260.91,22473.06,491810000.0,22260.91
2020-07-22,22598.11,22303.74,22409.28,22497.87,557650000.0,22409.28
2020-07-21,22963.18,22513.86,22531.21,22709.74,848290000.0,22531.21
2020-07-20,22474.12,22022.59,22419.92,22131.29,654920000.0,22419.92
2020-07-17,22237.66,22069.61,22237.66,22215.51,540990000.0,22237.66
2020-07-16,22187.71,21962.07,22159.84,21996.55,716430000.0,22159.84
2020-07-15,22152.0,21769.15,22074.37,21826.54,742570000.0,22074.37
2020-07-14,21677.15,21453.69,21656.38,21592.89,544590000.0,21656.38
2020-07-13,21859.6,21527.33,21803.34,21859.6,552170000.0,21803.34
2020-07-10,21557.32,21179.73,21557.32,21179.73,412470000.0,21557.32
2020-07-09,21805.18,21287.65,21291.32,21791.29,441680000.0,21291.32
2020-07-08,21884.74,21624.86,21694.48,21694.97,495380000.0,21694.48
2020-07-07,21849.25,21625.98,21793.49,21725.03,457350000.0,21793.49
2020-07-06,22022.53,21711.25,21816.52,21917.69,585340000.0,21816.52
2020-07-03,21762.84,21417.39,21519.26,21735.04,402820000.0,21519.26
2020-07-02,21771.84,21260.7,21677.48,21301.83,778050000.0,21677.48
2020-07-01,21223.04,20756.67,21092.28,21223.04,612920000.0,21092.28
2020-06-30,21302.2,20984.29,21139.31,21287.58,589030000.0,21139.31
2020-06-29,21311.77,20869.12,21215.01,20923.63,616180000.0,21215.01
2020-06-26,21325.56,20886.14,20886.14,21208.08,508670000.0,20886.14
2020-06-25,21079.13,20630.46,20991.9,20863.93,700950000.0,20991.9
2020-06-24,21677.61,20911.02,20911.02,21560.15,714340000.0,20911.02
2020-06-23,21662.46,21318.05,21616.56,21389.77,777120000.0,21616.56
2020-06-22,21435.56,21060.06,21228.88,21155.01,594990000.0,21228.88
2020-06-19,21506.05,21348.31,21375.79,21372.88,1280000000.0,21375.79
2020-06-18,21578.99,21085.12,21254.48,21320.86,808500000.0,21254.48
2020-06-17,21650.93,21238.23,21344.9,21446.08,756250000.0,21344.9
2020-06-16,21645.14,21052.27,21394.39,21140.75,1190000000.0,21394.39
2020-06-15,20798.94,20025.36,20703.25,20025.36,671400000.0,20703.25
2020-06-12,20914.73,20276.43,20623.42,20300.07,924370000.0,20623.42
2020-06-11,21120.31,20539.62,20539.62,21004.35,1230000000.0,20539.62
2020-06-10,21997.63,21490.86,21544.18,21912.86,1060000000.0,21544.18
2020-06-09,22113.66,21487.49,21741.46,22091.13,1070000000.0000001,21741.46
2020-06-08,22233.77,21871.02,22060.85,21961.97,1180000000.0,22060.85
2020-06-05,22012.61,21680.16,22007.64,21709.79,1250000000.0,22007.64
2020-06-04,21647.02,21172.58,21432.54,21294.86,1130000000.0,21432.54
2020-06-03,21410.27,20948.66,21410.27,20968.86,1140000000.0,21410.27
2020-06-02,20814.34,20310.12,20734.3,20418.62,766380000.0,20734.3
2020-06-01,20275.23,19972.2,20264.79,20194.38,671800000.0,20264.79
2020-05-29,20128.54,19889.58,19943.74,19919.72,1120000000.0,19943.74
2020-05-28,20139.37,19764.21,20073.22,19783.12,1020000000.0,20073.22
2020-05-27,19921.81,19417.27,19603.3,19550.16,1040000000.0,19603.3
2020-05-26,19580.33,19386.73,19545.72,19461.82,758420000.0,19545.72
2020-05-25,19259.72,18939.4,19259.72,19075.88,442030000.0,19259.72
2020-05-22,19004.12,18434.6,18940.57,18516.82,645790000.0,18940.57
2020-05-21,18899.97,18563.74,18703.47,18594.99,600590000.0,18703.47
2020-05-20,18849.05,18256.46,18814.71,18601.38,940020000.0,18814.71
2020-05-19,19230.41,18536.0,18638.29,19210.52,1040000000.0,18638.29
2020-05-18,19070.21,18554.41,19027.48,18592.36,515789999.99999994,19027.48
2020-05-15,18722.49,18398.07,18453.81,18652.38,435400000.0,18453.81
2020-05-14,18793.86,18149.79,18462.38,18689.95,573640000.0,18462.38
2020-05-13,19052.6,18797.41,18797.41,18974.14,475460000.0,18797.41
2020-05-12,19221.43,19036.08,19167.08,19036.08,444720000.0,19167.08
2020-05-11,19327.15,18942.21,19012.53,19247.74,444760000.0,19012.53
2020-05-08,19096.1,18888.47,19074.45,19046.09,362680000.0,19074.45
2020-05-07,18999.32,18720.53,18860.09,18891.46,606700000.0,18860.09
2020-05-06,19140.75,18780.41,18787.43,19007.78,492620000.0,18787.43
2020-05-05,19046.9,18731.32,19010.9,18936.26,664570000.0,19010.9
2020-05-04,18998.29,18676.7,18676.7,18816.42,682770000.0,18676.7
2020-04-30,19963.92,19302.97,19345.75,19872.71,1040000000.0,19345.75
2020-04-29,19724.74,19275.72,19720.45,19279.29,751220000.0,19720.45
2020-04-28,19594.96,19074.24,19333.41,19087.23,820760000.0,19333.41
2020-04-27,19028.3,18825.15,19028.3,18961.6,525720000.0,19028.3
2020-04-24,18797.08,18288.8,18495.28,18288.8,495590000.0,18495.28
2020-04-23,18774.26,18410.95,18645.74,18573.24,527740000.0,18645.74
2020-04-22,18407.56,18224.11,18405.57,18271.71,464960000.0,18405.57
2020-04-21,18572.85,18098.25,18098.25,18463.11,538650000.0,18098.25
2020-04-20,18800.14,18426.11,18711.26,18786.98,442250000.0,18711.26
2020-04-17,18935.21,18585.84,18677.04,18778.01,592230000.0,18677.04
2020-04-16,18771.67,18338.16,18368.73,18592.3,609410000.0,18368.73
2020-04-15,19162.61,18312.13,18312.13,19090.39,746890000.0,18312.13
2020-04-14,19449.1,19121.45,19179.27,19445.85,639850000.0,19179.27
2020-04-09,19353.18,18952.85,19212.87,19269.11,765040000.0,19212.87
2020-04-08,18978.95,18760.03,18955.05,18774.22,631860000.0,18955.05
2020-04-07,19457.48,18738.48,18955.84,19138.87,980210000.0,18955.84
2020-04-06,18588.76,18327.49,18565.97,18327.49,737100000.0,18565.97
2020-04-03,18321.0,17903.74,17903.74,18293.43,696430000.0,17903.74
2020-04-02,18406.84,17953.96,18368.4,18185.41,727760000.0,18368.4
2020-04-01,18369.41,18001.49,18064.77,18127.35,655960000.0,18064.77
2020-03-31,18807.46,18222.42,18569.64,18609.25,954380000.0,18569.64
2020-03-30,18415.04,17780.77,18353.18,18352.12,649660000.0,18353.18
2020-03-27,18770.46,18125.48,18306.22,18536.84,744860000.0,18306.22
2020-03-26,18850.84,18289.6,18850.84,18328.17,849580000.0,18850.84
2020-03-25,19334.42,18036.0,18675.86,18741.09,1170000000.0,18675.86
2020-03-24,18403.36,17462.88,18403.36,17462.88,1090000000.0,18403.36
2020-03-23,17217.8,16509.5,16988.54,16733.23,959760000.0,16988.54
2020-03-20,17628.87,17047.73,17171.55,17209.93,1500000000.0,17171.55
2020-03-19,17240.13,16438.49,16859.82,16814.38,1270000000.0,16859.82
2020-03-18,16785.57,16149.48,16486.21,16372.27,992760000.0,16486.21
2020-03-17,17238.59,16065.72,16680.56,16850.34,1400000000.0,16680.56
2020-03-16,17130.96,15498.19,16360.04,17130.96,1540000000.0,16360.04
2020-03-13,19056.77,16562.71,17415.07,16562.71,1750000000.0,17415.07
2020-03-12,19128.7,16286.37,16286.37,19128.7,1910000000.0,16286.37
2020-03-11,19998.61,19226.41,19480.78,19769.55,1200000000.0,19480.78
2020-03-10,20826.86,19363.45,19438.13,20294.57,1460000000.0,19438.13
2020-03-09,22428.56,19966.63,20105.88,22428.56,1640000000.0,20105.88
2020-03-06,22889.48,22335.89,22526.7,22730.62,1270000000.0,22526.7
2020-03-05,23890.51,23133.0,23320.2,23868.41,1050000000.0,23320.2
2020-03-04,24074.98,23360.18,23777.79,23619.02,1060000000.0,23777.79
2020-03-03,24239.6,23546.66,23625.54,24002.98,1040000000.0,23625.54
2020-03-02,24297.15,22968.63,23514.49,24273.12,1230000000.0,23514.49
2020-02-28,24274.77,23629.09,23907.05,23986.2,1320000000.0,23907.05
2020-02-27,25073.31,24432.7,24767.22,24984.06,991500000.0,24767.22
2020-02-26,25620.48,24611.58,25445.97,24961.41,981400000.0,25445.97
2020-02-25,25650.56,25042.36,25094.36,25602.27,910200000.0,25094.36
2020-02-24,26017.68,25260.93,25434.49,25952.55,1400000000.0,25434.49
2020-02-21,27295.48,26816.93,26915.99,27156.59,932110000.0,26915.99
2020-02-20,27622.87,27255.25,27255.25,27618.73,1000000000.0,27255.25
2020-02-19,27679.37,27455.98,27675.06,27531.98,718510000.0,27675.06
2020-02-18,27567.78,27156.07,27394.27,27163.81,1130000000.0,27394.27
2020-02-17,27294.7,27052.84,27294.7,27109.37,608280000.0,27294.7
2020-02-14,27116.91,26972.26,27000.45,27065.47,594870000.0,27000.45
2020-02-13,27004.71,26690.45,27004.71,26885.92,735620000.0,27004.71
2020-02-12,27007.52,26834.79,26977.06,26834.79,687170000.0,26977.06
2020-02-11,26857.13,26613.2,26786.6,26695.66,668930000.0,26786.6
2020-02-10,26667.7,26469.07,26575.5,26514.4,571770000.0,26575.5
2020-02-07,26615.05,26441.15,26553.56,26560.65,663480000.0,26553.56
2020-02-06,26610.84,26442.53,26582.33,26453.25,859070000.0,26582.33
2020-02-05,26375.98,25827.41,26333.48,25908.1,713280000.0,26333.48
2020-02-04,25992.32,25617.62,25932.51,25651.09,671780000.0,25932.51
2020-02-03,25527.07,25272.73,25518.21,25348.79,504960000.0,25518.21
2020-01-31,25960.9,25270.82,25293.57,25957.11,852460000.0,25293.57
2020-01-30,26094.14,25782.49,25873.17,26007.38,649280000.0,25873.17
2020-01-29,26314.88,26081.82,26287.6,26164.04,589440000.0,26287.6
2020-01-28,26130.14,25535.53,26130.14,25647.19,651660000.0,26130.14
2020-01-27,26098.22,25480.88,25510.26,25839.06,698860000.0,25510.26
2020-01-24,26237.24,25999.9,26115.61,25999.9,592270000.0,26115.61
2020-01-23,26055.31,25763.6,25854.82,25879.16,550480000.0,25854.82
2020-01-22,26076.78,25844.68,25870.59,26062.74,622190000.0,25870.59
2020-01-21,26037.48,25808.47,26014.82,26037.48,533929999.99999994,26014.82
2020-01-20,26265.83,26147.13,26184.78,26202.15,455530000.0,26184.78
2020-01-17,26326.24,26167.59,26300.93,26188.38,563350000.0,26300.93
2020-01-16,26111.83,25903.88,26084.98,26012.44,513049999.99999994,26084.98
2020-01-15,26083.38,25866.7,25912.01,26055.0,676670000.0,25912.01
2020-01-14,26099.5,25855.84,26077.11,26086.23,656980000.0,26077.11
2020-01-13,26206.49,25978.3,26047.91,26206.49,1340000000.0,26047.91
2020-01-10,26276.39,26099.22,26156.61,26202.16,770290000.0,26156.61
2020-01-09,26204.1,26074.41,26152.96,26079.7,689570000.0,26152.96
2020-01-08,25985.68,25551.78,25923.15,25626.9,649560000.0,25923.15
2020-01-07,25879.66,25724.32,25810.51,25767.62,433030000.0,25810.51
2020-01-06,25698.3,25323.56,25656.19,25671.18,517190000.00000006,25656.19
2020-01-03,25895.08,25623.15,25813.04,25855.77,638990000.0,25813.04
2020-01-02,26005.42,25712.12,25980.07,25735.14,649770000.0,25980.07
2019-12-30,25866.31,25628.94,25628.94,25847.43,378500000.0,25628.94
2019-12-27,26025.84,25866.68,25890.37,26000.77,373260000.0,25890.37
2019-12-23,26066.81,25974.45,26025.22,26046.52,323200000.0,26025.22
2019-12-20,26124.34,25962.33,26124.34,25962.33,924870000.0,26124.34
2019-12-19,25837.76,25708.72,25835.16,25778.86,492010000.0,25835.16
2019-12-18,25881.22,25760.8,25761.25,25795.21,441080000.0,25761.25
2019-12-17,25860.73,25630.87,25781.18,25685.44,435610000.0,25781.18
2019-12-16,25701.3,25536.75,25673.44,25588.95,385710000.0,25673.44
2019-12-13,25895.56,25420.78,25478.22,25893.83,650180000.0,25478.22
2019-12-12,25658.51,25327.33,25556.29,25398.09,551160000.0,25556.29
2019-12-11,25368.88,25201.2,25322.14,25264.63,441150000.0,25322.14
2019-12-10,25308.81,24945.65,25288.72,25102.68,469200000.0,25288.72
2019-12-09,25406.12,25015.6,25123.87,25390.98,457090000.0,25123.87
2019-12-06,25392.2,25132.11,25359.14,25235.01,469480000.0,25359.14
2019-12-05,25374.77,25124.42,25149.4,25227.05,459120000.0,25149.4
2019-12-04,25218.16,24891.97,25206.88,24896.54,552430000.0,25206.88
2019-12-03,25179.75,24740.49,24895.19,25018.91,753390000.0,24895.19
2019-12-02,25622.75,24879.76,24907.12,25499.85,632920000.0,24907.12
2019-11-29,25628.95,25404.17,25464.05,25465.36,541910000.0,25464.05
2019-11-28,25671.32,25452.36,25544.01,25592.44,375820000.0,25544.01
2019-11-27,25824.39,25637.64,25669.57,25767.48,518720000.0,25669.57
2019-11-26,25707.1,25467.72,25692.72,25569.7,661600000.0,25692.72
2019-11-25,25575.25,25471.45,25543.02,25472.13,414550000.0,25543.02
2019-11-22,25540.63,25333.1,25337.61,25383.31,508300000.0,25337.61
2019-11-21,25430.01,25155.81,25340.48,25258.65,632800000.0,25340.48
2019-11-20,25448.66,25209.24,25418.34,25287.43,556450000.0,25418.34
2019-11-19,25731.87,25365.27,25393.66,25585.78,528350000.0,25393.66
2019-11-18,25687.24,25412.49,25526.14,25646.54,510930000.0,25526.14
2019-11-15,25700.69,25524.98,25661.79,25665.84,528549999.99999994,25661.79
2019-11-14,25704.37,25539.79,25542.26,25641.68,576390000.0,25542.26
2019-11-13,25788.99,25489.83,25646.51,25758.47,568650000.0,25646.51
2019-11-12,25888.85,25586.76,25848.0,25591.14,648710000.0,25848.0
2019-11-11,25546.56,25420.54,25523.93,25469.6,502990000.0,25523.93
2019-11-08,25583.28,25374.01,25549.63,25501.28,781390000.0,25549.63
2019-11-07,25604.14,25454.53,25521.24,25504.23,674580000.0,25521.24
2019-11-06,25428.78,25319.4,25391.9,25390.53,586920000.0,25391.9
2019-11-05,25446.77,25298.94,25380.17,25356.08,656790000.0,25380.17
2019-11-04,25355.19,25029.86,25319.07,25036.27,614910000.0,25319.07
2019-11-01,24939.13,24706.89,24926.35,24712.19,364680000.0,24926.35
2019-10-31,24751.49,24548.47,24670.06,24626.63,535360000.0,24670.06
2019-10-30,24763.79,24432.51,24612.29,24687.3,544700000.0,24612.29
2019-10-29,24728.98,24592.79,24663.2,24686.47,471930000.0,24663.2
2019-10-28,24728.86,24503.29,24676.88,24578.67,357790000.0,24676.88
2019-10-25,24586.96,24444.24,24586.96,24529.15,316240000.0,24586.96
2019-10-24,24523.16,24376.43,24498.91,24430.44,507680000.0,24498.91
2019-10-23,24429.0,24268.12,24328.03,24362.67,469440000.0,24328.03
2019-10-22,24512.03,24335.92,24475.38,24478.96,446700000.0,24475.38
2019-10-21,24468.15,24324.2,24449.04,24325.17,490900000.0,24449.04
2019-10-18,24434.47,24269.11,24294.21,24383.97,545200000.0,24294.21
2019-10-17,24636.8,24342.31,24353.71,24346.47,606620000.0,24353.71
2019-10-16,24478.73,24246.94,24391.65,24346.05,702830000.0,24391.65
2019-10-15,24356.69,24126.19,24318.88,24200.62,600040000.0,24318.88
2019-10-14,24105.69,23938.83,24052.36,24056.26,387930000.0,24052.36
2019-10-11,24111.5,23708.4,24111.5,23765.89,667770000.0,24111.5
2019-10-10,23687.93,23343.59,23680.71,23478.42,521370000.0,23680.71
2019-10-09,23559.55,23287.95,23453.54,23337.19,418970000.0,23453.54
2019-10-08,23614.92,23254.66,23327.45,23606.61,411280000.0,23327.45
2019-10-07,23578.02,23300.45,23578.02,23363.61,372390000.0,23578.02
2019-10-04,23388.8,23168.34,23388.8,23281.88,526270000.0,23388.8
2019-10-03,23368.9,23029.04,23214.44,23212.17,537460000.0,23214.44
2019-10-02,23834.45,23211.48,23211.48,23816.18,779300000.0,23211.48
2019-10-01,24254.79,23871.0,23871.0,24140.12,599470000.0,23871.0
2019-09-30,24087.21,23884.91,24066.07,23954.49,460420000.0,24066.07
2019-09-27,23972.52,23855.73,23961.46,23965.99,433870000.0,23961.46
2019-09-26,23948.28,23713.94,23891.22,23723.85,410810000.0,23891.22
2019-09-25,23743.77,23414.42,23715.91,23738.77,584580000.0,23715.91
2019-09-24,23934.85,23837.29,23844.32,23896.83,487120000.0,23844.32
2019-09-23,24070.63,23768.15,23835.51,24050.81,491290000.0,23835.51
2019-09-20,24235.42,24077.96,24080.87,24153.39,753400000.0,24080.87
2019-09-19,24120.83,23885.64,24089.12,23919.07,568460000.0,24089.12
2019-09-18,23958.13,23730.22,23899.57,23740.7,429540000.0,23899.57
2019-09-17,23943.85,23729.7,23755.93,23922.64,612590000.0,23755.93
2019-09-16,24092.65,23848.11,23928.75,24089.48,611110000.0,23928.75
2019-09-13,24191.25,24018.3,24147.91,24065.43,672040000.0,24147.91
2019-09-12,24078.16,23791.88,24017.47,23911.6,793260000.0,24017.47
2019-09-11,23958.94,23711.73,23817.83,23907.68,709780000.0,23817.83
2019-09-10,23898.67,23733.66,23779.03,23874.79,613260000.0,23779.03
2019-09-09,23938.4,23838.23,23900.77,23897.94,464340000.0,23900.77
2019-09-06,23894.67,23744.23,23834.79,23859.36,529340000.00000006,23834.79
2019-09-05,23845.81,23683.01,23845.81,23738.53,600170000.0,23845.81
2019-09-04,23658.49,23497.3,23617.54,23526.33,572040000.0,23617.54
2019-09-03,23357.85,23175.46,23256.87,23307.48,551170000.0,23256.87
2019-09-02,23433.12,23250.8,23315.15,23250.8,382270000.0,23315.15
2019-08-30,23428.79,23114.45,23179.46,23272.38,533520000.0,23179.46
2019-08-29,23301.16,22832.85,23265.27,22877.01,793070000.0,23265.27
2019-08-28,22866.93,22693.83,22843.69,22855.95,592050000.0,22843.69
2019-08-27,22923.11,22531.44,22863.06,22601.25,480010000.0,22863.06
2019-08-26,22585.09,22236.4,22541.25,22351.98,388830000.0,22541.25
2019-08-23,22857.58,22346.69,22346.69,22857.1,492300000.0,22346.69
2019-08-22,22945.26,22665.1,22708.03,22689.07,474780000.0,22708.03
2019-08-21,22808.09,22440.48,22742.49,22440.48,401860000.0,22742.49
2019-08-20,22595.04,22330.48,22363.25,22547.93,407150000.0,22363.25
2019-08-19,22603.16,22332.68,22592.12,22351.42,474680000.0,22592.12
2019-08-16,22189.82,21853.02,22167.22,21920.29,636840000.0,22167.22
2019-08-14,22381.22,21769.57,21854.66,22381.22,545820000.0,21854.66
2019-08-13,22441.06,21904.36,22389.49,22045.88,620870000.0,22389.49
2019-08-12,22439.78,22105.79,22119.59,22324.16,433260000.0,22119.59
2019-08-09,22504.48,22175.84,22199.89,22429.59,791750000.0,22199.89
2019-08-08,22767.79,22524.15,22767.79,22660.24,505500000.0,22767.79
2019-08-07,22730.44,22321.85,22462.2,22588.12,592540000.0,22462.2
2019-08-06,22838.03,22539.28,22539.28,22736.58,483040000.0,22539.28
2019-08-05,22866.27,22603.31,22691.83,22795.13,560290000.0,22691.83
2019-08-02,23219.67,22960.67,22962.64,23079.78,590860000.0,22962.64
2019-08-01,23536.68,23231.95,23496.38,23234.11,490280000.0,23496.38
2019-07-31,23347.73,23188.58,23322.57,23217.38,569770000.0,23322.57
2019-07-30,23640.01,23160.63,23193.66,23640.01,632900000.0,23193.66
2019-07-29,23814.31,23651.11,23651.11,23738.33,437500000.0,23651.11
2019-07-26,23848.86,23708.46,23786.79,23848.86,606500000.0,23786.79
2019-07-25,24302.91,23712.19,23841.39,24104.74,775280000.0,23841.39
2019-07-24,24029.24,23874.13,24022.53,23936.37,602460000.0,24022.53
2019-07-23,23945.6,23741.61,23890.88,23762.0,500150000.0,23890.88
2019-07-22,23681.33,23522.01,23671.34,23541.69,424240000.0,23671.34
2019-07-19,24136.26,23553.78,23569.98,24134.47,691690000.0,23569.98
2019-07-18,24132.26,23886.3,24028.89,23907.27,567320000.0,24028.89
2019-07-17,24199.96,23994.3,24036.23,24125.9,863640000.0,24036.23
2019-07-16,24237.4,24041.31,24170.9,24123.41,861150000.0,24170.9
2019-07-15,24308.7,24094.55,24138.39,24210.65,518929999.99999994,24138.39
2019-07-12,24232.77,24150.7,24154.16,24160.32,530309999.99999994,24154.16
2019-07-11,24241.74,24105.02,24144.62,24129.35,519220000.0,24144.62
2019-07-10,24160.64,23853.98,24021.2,23864.59,489360000.0,24021.2
2019-07-09,23973.13,23784.49,23851.11,23906.77,457240000.0,23851.11
2019-07-08,24039.03,23884.89,23949.94,23925.81,502400000.0,23949.94
2019-07-05,24132.33,23910.58,23965.78,24121.04,640410000.0,23965.78
2019-07-04,24163.08,23906.29,24108.53,23927.05,698320000.0,24108.53
2019-07-03,23873.13,23359.05,23867.0,23366.7,752170000.0,23867.0
2019-07-02,23380.72,23185.49,23341.45,23260.6,461160000.0,23341.45
2019-07-01,23412.92,23189.55,23189.55,23395.54,468100000.0,23189.55
2019-06-28,23173.6,23005.75,23159.34,23050.33,488550000.0,23159.34
2019-06-27,23111.83,22906.05,23022.58,23051.57,455720000.0,23022.58
2019-06-26,23147.51,22925.63,22965.49,22991.77,488800000.0,22965.49
2019-06-25,23202.63,23019.29,23033.45,23142.77,464460000.0,23033.45
2019-06-24,23411.74,23186.7,23201.98,23253.28,481690000.0,23201.98
2019-06-21,23457.35,23271.59,23324.65,23321.99,1050000000.0,23324.65
2019-06-20,23444.38,23291.17,23302.15,23291.17,728550000.0,23302.15
2019-06-19,23177.99,22998.16,23153.39,23069.59,652130000.0,23153.39
2019-06-18,23083.12,22430.12,23060.68,22556.81,706870000.0,23060.68
2019-06-17,22658.44,22530.94,22547.55,22596.4,441670000.0,22547.55
2019-06-14,22578.92,22468.62,22545.75,22532.35,384790000.0,22545.75
2019-06-13,22609.56,22337.77,22580.13,22391.16,445020000.0,22580.13
2019-06-12,22497.05,22377.11,22405.92,22448.18,422920000.0,22405.92
2019-06-11,22665.46,22437.87,22566.44,22445.47,546500000.0,22566.44
2019-06-10,22440.79,22291.22,22433.09,22406.55,416790000.0,22433.09
2019-06-07,22392.39,22169.68,22297.16,22177.22,484690000.0,22297.16
2019-06-06,22326.93,22001.28,22100.07,22068.43,538290000.0,22100.07
2019-06-05,22191.47,21960.98,22076.43,22129.86,555010000.0,22076.43
2019-06-04,22144.95,21649.54,22129.86,21678.97,581380000.0,22129.86
2019-06-03,21773.08,21486.99,21770.39,21580.61,454180000.0,21770.39
2019-05-31,21734.59,21439.15,21704.33,21634.6,561750000.0,21704.33
2019-05-30,22071.35,21788.23,21855.69,21973.94,396500000.0,21855.69
2019-05-29,22010.4,21822.21,21895.78,21998.75,503900000.0,21895.78
2019-05-28,22272.45,21999.63,22172.23,22265.43,826930000.0,22172.23
2019-05-27,22595.62,22209.31,22273.51,22344.69,395330000.0,22273.51
2019-05-24,22387.29,22159.02,22296.32,22171.47,543700000.0,22296.32
2019-05-23,22391.04,22028.04,22040.94,22350.57,645330000.0,22040.94
2019-05-22,22659.05,22415.03,22494.12,22571.99,517690000.00000006,22494.12
2019-05-21,22625.24,22493.72,22614.26,22544.03,581730000.0,22614.26
2019-05-20,22822.83,22389.93,22436.6,22658.06,698420000.0,22436.6
2019-05-17,23089.76,22905.56,23030.25,23080.36,641650000.0,23030.25
2019-05-16,23076.12,22688.65,23076.12,22761.09,637300000.0,23076.12
2019-05-15,22838.85,22468.08,22780.63,22838.85,740690000.0,22780.63
2019-05-14,22822.15,22578.1,22822.15,22622.98,629340000.0,22822.15
2019-05-13,22869.58,22503.93,22511.79,22869.58,856240000.0,22511.79
2019-05-10,23037.1,22807.05,22841.96,22986.01,494550000.0,22841.96
2019-05-09,23114.33,22767.19,22789.76,23114.33,676910000.0,22789.76
2019-05-08,23270.64,23040.43,23211.07,23217.03,590300000.0,23211.07
2019-05-07,23588.19,23182.51,23230.23,23465.43,646620000.0,23230.23
2019-05-06,23496.71,23262.53,23425.42,23358.19,505990000.0,23425.42
2019-05-03,23864.77,23721.47,23815.63,23776.64,442940000.0,23815.63
2019-05-02,23959.61,23739.02,23771.3,23902.59,546160000.0,23771.3
2019-04-30,23948.04,23809.06,23936.68,23824.4,501240000.0,23936.68
2019-04-29,23891.92,23704.92,23843.26,23816.72,447350000.0,23843.26
2019-04-26,23813.91,23637.44,23783.02,23784.56,434200000.0,23783.02
2019-04-25,23830.63,23704.42,23767.76,23746.37,366290000.0,23767.76
2019-04-24,23938.62,23709.81,23769.78,23891.54,616720000.0,23769.78
2019-04-23,24002.84,23859.3,23946.0,23989.54,549900000.0,23946.0
2019-04-18,24067.96,23827.69,24003.8,24039.24,646070000.0,24003.8
2019-04-17,24103.49,23955.57,24048.83,23998.23,712220000.0,24048.83
2019-04-16,24050.56,23868.51,23981.27,23982.04,622510000.0,23981.27
2019-04-15,24055.43,23898.52,23954.02,23963.86,719950000.0,23954.02
2019-04-12,23965.7,23685.7,23910.69,23728.92,868240000.0,23910.69
2019-04-11,23814.33,23519.06,23733.35,23744.19,954940000.0,23733.35
2019-04-10,23805.53,23663.82,23713.62,23738.95,811800000.0,23713.62
2019-04-09,23968.25,23670.62,23723.36,23830.61,685650000.0,23723.36
2019-04-08,23877.07,23770.64,23846.21,23844.18,676030000.0,23846.21
2019-04-05,23899.66,23751.37,23828.75,23818.76,600270000.0,23828.75
2019-04-04,23806.54,23702.44,23769.07,23762.89,772030000.0,23769.07
2019-04-03,23832.29,23670.18,23821.25,23698.39,730620000.0,23821.25
2019-04-02,23610.38,23483.24,23562.05,23569.93,584130000.0,23562.05
2019-04-01,23583.74,23380.37,23555.49,23436.44,661120000.0,23555.49
2019-03-29,23322.64,23104.74,23313.77,23226.13,877260000.0,23313.77
2019-03-28,23232.62,23051.61,23095.19,23181.27,511100000.0,23095.19
2019-03-27,23449.79,23038.99,23208.44,23209.22,662530000.0,23208.44
2019-03-26,23199.31,22995.87,23157.37,23121.4,447610000.0,23157.37
2019-03-25,23232.23,22933.63,23064.82,23028.9,483360000.0,23064.82
2019-03-22,23503.72,23069.31,23098.34,23503.72,688390000.0,23098.34
2019-03-21,23476.3,23295.1,23412.32,23380.76,453370000.0,23412.32
2019-03-20,23517.64,23358.43,23358.43,23405.7,505210000.0,23358.43
2019-03-19,23519.98,23272.75,23477.23,23315.5,656370000.0,23477.23
2019-03-18,23289.12,23129.85,23271.4,23131.46,607630000.0,23271.4
2019-03-15,23158.57,22922.15,23085.02,23000.12,916960000.0,23085.02
2019-03-14,23012.36,22805.31,22924.91,22806.97,634020000.0,22924.91
2019-03-13,22794.98,22640.64,22785.8,22642.89,563030000.0,22785.8
2019-03-12,22787.67,22575.48,22675.74,22787.67,620300000.0,22675.74
2019-03-11,22686.67,22515.26,22674.47,22647.4,487060000.0,22674.47
2019-03-08,22730.28,22437.45,22539.25,22623.1,615630000.0,22539.25
2019-03-07,23085.09,22661.87,22760.86,22913.07,846100000.0,22760.86
2019-03-06,22992.52,22749.6,22938.83,22801.51,660060000.0,22938.83
2019-03-05,22886.39,22726.52,22783.12,22777.44,595490000.0,22783.12
2019-03-04,22906.6,22687.76,22776.62,22870.89,497450000.0,22776.62
2019-03-01,22874.97,22734.08,22734.08,22837.08,566830000.0,22734.08
2019-02-28,22705.52,22431.04,22686.91,22431.04,749220000.0,22686.91
2019-02-27,22578.21,22418.25,22509.7,22426.78,683910000.0,22509.7
2019-02-26,22520.28,22351.05,22475.53,22391.36,637080000.0,22475.53
2019-02-25,22505.1,22419.43,22453.66,22442.76,794680000.0,22453.66
2019-02-22,22303.71,22185.0,22277.0,22185.0,545360000.0,22277.0
2019-02-21,22336.77,22139.45,22195.52,22303.12,592010000.0,22195.52
2019-02-20,22300.29,22144.2,22290.0,22255.29,556410000.0,22290.0
2019-02-19,22365.55,22115.41,22209.88,22307.77,531020000.0,22209.88
2019-02-18,22348.31,22227.07,22334.18,22228.15,609070000.0,22334.18
2019-02-15,22262.66,21776.93,22204.24,21786.21,885300000.0,22204.24
2019-02-14,22066.44,21800.19,21821.27,22056.76,614320000.0,21821.27
2019-02-13,22028.8,21817.9,21961.32,21847.49,544190000.0,21961.32
2019-02-12,21826.68,21629.21,21772.14,21683.0,526880000.0,21772.14
2019-02-11,21628.82,21359.41,21522.16,21364.79,550710000.0,21522.16
2019-02-08,21535.01,21191.97,21276.8,21402.33,591810000.0,21276.8
2019-02-07,21971.57,21423.12,21423.12,21907.54,801980000.0,21423.12
2019-02-06,21981.64,21721.96,21963.29,21727.85,584210000.0,21963.29
2019-02-05,21804.92,21531.39,21793.13,21604.57,699780000.0,21793.13
2019-02-04,21609.96,21441.96,21557.52,21513.75,616510000.0,21557.52
2019-02-01,21808.97,21305.63,21520.27,21712.95,726220000.0,21520.27
2019-01-31,21871.79,21491.27,21686.66,21823.57,1310000000.0,21686.66
2019-01-30,21728.83,21633.97,21728.83,21690.63,523820000.00000006,21728.83
2019-01-29,21727.26,21513.81,21660.12,21547.27,506940000.0,21660.12
2019-01-28,21739.95,21514.87,21558.16,21697.3,466140000.0,21558.16
2019-01-25,21786.9,21619.63,21770.74,21630.86,539260000.0,21770.74
2019-01-24,21621.38,21326.39,21516.15,21357.9,646280000.0,21516.15
2019-01-23,21494.57,21201.87,21343.47,21282.88,641020000.0,21343.47
2019-01-22,21524.94,21347.58,21367.26,21459.54,782290000.0,21367.26
2019-01-21,21574.58,21480.61,21572.79,21551.68,503160000.0,21572.79
2019-01-18,21669.28,21488.47,21647.72,21568.47,917230000.0,21647.72
2019-01-17,21442.23,21242.36,21396.57,21283.66,478830000.0,21396.57
2019-01-16,21405.03,21165.34,21405.03,21174.87,609730000.0,21405.03
2019-01-15,21295.9,20930.79,21083.89,21225.08,662210000.0,21083.89
2019-01-14,21154.96,20928.62,21076.83,21094.07,563000000.0,21076.83
2019-01-11,21310.1,21114.94,21215.17,21296.47,636790000.0,21215.17
2019-01-10,21221.49,20959.34,21221.49,21021.51,586590000.0,21221.49
2019-01-09,21229.14,21049.54,21103.34,21067.11,596100000.0,21103.34
2019-01-08,21104.08,20824.19,20905.01,20882.67,604100000.0,20905.01
2019-01-07,20872.62,20692.38,20858.51,20811.07,500780000.0,20858.51
2019-01-04,20718.93,20250.29,20718.93,20250.29,744600000.0,20718.93
2019-01-03,20290.01,20003.76,20089.99,20052.72,681200000.0,20089.99
2019-01-02,20251.67,19770.38,20176.62,20013.3,441090000.0,20176.62
2018-12-28,20200.77,19966.89,20148.24,20012.28,1070000000.0000001,20148.24
2018-12-27,20160.34,19699.54,19848.73,20147.23,1080000000.0,19848.73
2018-12-21,20273.64,20070.02,20194.89,20227.11,1880000000.0,20194.89
2018-12-20,20555.86,20366.21,20366.21,20474.09,1090000000.0,20366.21
2018-12-19,20828.59,20602.08,20747.78,20602.08,1380000000.0,20747.78
2018-12-18,20582.08,20347.74,20428.93,20373.5,1320000000.0,20428.93
2018-12-17,20732.99,20442.9,20479.86,20732.99,663200000.0,20479.86
2018-12-14,20798.76,20562.96,20740.61,20714.8,1030000000.0,20740.61
2018-12-13,21061.2,20803.3,20891.83,20940.67,762770000.0,20891.83
2018-12-12,20866.48,20451.63,20787.82,20490.93,1160000000.0,20787.82
2018-12-11,20595.29,20241.96,20406.46,20378.93,776320000.0,20406.46
2018-12-10,20545.64,20220.96,20238.12,20440.22,669810000.0,20238.12
2018-12-07,20818.51,20597.68,20597.68,20650.69,616630000.0,20597.68
2018-12-06,21014.83,20433.79,20496.44,21014.83,1090000000.0,20496.44
2018-12-05,21287.7,20990.68,21213.03,21041.15,691120000.0,21213.03
2018-12-04,21517.8,21254.03,21254.03,21494.44,961020000.0,21254.03
2018-12-03,21567.83,21421.42,21525.7,21476.9,1520000000.0,21525.7
2018-11-30,21105.79,20947.77,21057.99,21102.28,997620000.0,21057.99
2018-11-29,21220.86,20931.02,21035.43,21172.92,759470000.0,21035.43
2018-11-28,21122.57,20962.19,20988.92,21063.46,2820000000.0,20988.92
2018-11-27,21190.69,20968.21,21017.63,21122.31,1010000000.0,21017.63
2018-11-26,21184.75,20883.21,21103.66,20883.21,1540000000.0,21103.66
2018-11-23,20606.39,20431.41,20553.71,20431.41,1260000000.0,20553.71
2018-11-22,20577.89,20316.43,20410.82,20453.5,1140000000.0,20410.82
2018-11-21,20584.59,20310.51,20528.44,20459.12,928390000.0,20528.44
2018-11-20,20645.37,20263.53,20276.27,20602.04,1330000000.0,20276.27
2018-11-19,21023.94,20674.3,20674.3,20799.23,1440000000.0,20674.3
2018-11-16,20983.43,20641.41,20752.08,20916.61,1620000000.0,20752.08
2018-11-15,21133.13,20629.03,20782.29,21066.68,1400000000.0,20782.29
2018-11-14,21169.11,20761.77,20976.05,20937.03,3200000000.0,20976.05
2018-11-13,21185.99,20859.41,21150.75,21025.76,1940000000.0,21150.75
2018-11-12,21328.79,20979.08,20979.08,21299.13,586250000.0,20979.08
2018-11-09,21294.33,21093.31,21217.99,21262.35,1460000000.0,21217.99
2018-11-08,21608.54,21344.06,21388.9,21555.27,1270000000.0,21388.9
2018-11-07,21571.29,21333.33,21513.13,21333.33,1450000000.0,21513.13
2018-11-06,21273.51,21015.91,21210.98,21273.51,1000000000.0,21210.98
2018-11-05,21357.17,21233.16,21233.84,21357.17,751910000.0,21233.84
2018-11-02,21493.59,21292.98,21348.12,21316.4,1110000000.0,21348.12
2018-11-01,21223.43,20902.64,21112.53,20940.11,645870000.0,21112.53
2018-10-31,21162.37,20938.98,20977.36,21095.83,906940000.0,20977.36
2018-10-30,21104.23,20763.25,20915.75,21012.73,873090000.0,20915.75
2018-10-29,21161.53,20749.62,20975.51,20832.61,1220000000.0,20975.51
2018-10-26,20626.15,20309.38,20565.89,20626.15,1640000000.0,20565.89
2018-10-25,20744.93,20287.0,20723.43,20309.27,1130000000.0,20723.43
2018-10-24,20838.74,20375.53,20375.53,20787.34,1120000000.0,20375.53
2018-10-23,20885.71,20618.55,20699.53,20712.4,901130000.0,20699.53
2018-10-22,21447.85,20880.94,20916.54,21368.18,1030000000.0,20916.54
2018-10-19,21159.54,20696.09,21045.42,21004.08,1670000000.0,21045.42
2018-10-18,21603.3,21074.33,21074.33,21407.59,903370000.0,21074.33
2018-10-17,21928.47,21379.65,21447.62,21796.48,1020000000.0,21447.62
2018-10-16,21731.49,21214.38,21720.93,21305.71,1480000000.0,21720.93
2018-10-15,21302.27,21148.4,21243.74,21211.04,1120000000.0,21243.74
2018-10-12,21564.2,21245.34,21245.34,21503.38,1670000000.0,21245.34
2018-10-11,21635.22,21319.76,21319.76,21395.4,2069999999.9999998,21319.76
2018-10-10,22161.52,21711.45,21711.45,21951.28,1460000000.0,21711.45
2018-10-09,22164.47,21706.46,22088.21,21981.4,1400000000.0,22088.21
2018-10-08,22277.49,21849.65,21901.98,22273.95,1170000000.0,21901.98
2018-10-05,22752.34,22431.64,22455.54,22741.43,1200000000.0,22455.54
2018-10-04,22948.27,22756.41,22784.79,22895.78,954290000.0,22784.79
2018-10-03,23056.66,22758.0,22917.7,23006.93,1490000000.0,22917.7
2018-10-02,22840.11,22398.46,22741.72,22581.03,1370000000.0,22741.72
2018-10-01,23300.75,22765.66,22820.67,22817.67,1860000000.0,22820.67
2018-09-28,23522.72,22705.09,22917.54,23522.72,2029999999.9999998,22917.54
2018-09-27,23789.62,23446.85,23751.0,23753.84,1170000000.0,23751.0
2018-09-26,23939.17,23830.29,23894.68,23910.07,1640000000.0,23894.68
2018-09-25,23924.43,23659.5,23924.43,23659.5,2260000000.0,23924.43
2018-09-24,23760.07,23598.43,23606.95,23721.18,2200000000.0,23606.95
2018-09-21,23940.8,23749.46,23816.6,23832.18,1310000000.0,23816.6
2018-09-20,23773.42,23589.3,23674.89,23593.41,2000000000.0,23674.89
2018-09-19,23619.31,23381.84,23576.0,23526.81,807120000.0,23576.0
2018-09-18,23518.18,23312.63,23518.18,23404.14,622440000.0,23518.18
2018-09-17,23429.49,23085.7,23391.19,23109.84,698230000.0,23391.19
2018-09-14,23237.33,23055.61,23165.92,23228.29,538910000.0,23165.92
2018-09-13,23328.98,23100.75,23119.47,23174.01,718750000.0,23119.47
2018-09-12,23240.03,22916.91,23234.36,23163.52,711120000.0,23234.36
2018-09-11,23287.57,22984.9,23114.22,23280.91,726440000.0,23114.22
2018-09-10,23259.57,22659.28,23181.83,22695.49,1070000000.0000001,23181.83
2018-09-07,22844.0,22542.59,22694.19,22798.19,780560000.0,22694.19
2018-09-06,22997.5,22726.44,22763.37,22801.83,755050000.0,22763.37
2018-09-05,23115.72,22736.87,22817.89,22805.75,1260000000.0,22817.89
2018-09-04,22886.9,22608.74,22826.46,22743.11,1180000000.0,22826.46
2018-09-03,22641.14,22478.89,22628.6,22483.39,509110000.0,22628.6
2018-08-31,22739.83,22469.17,22486.58,22736.43,980720000.0,22486.58
2018-08-30,23006.21,22718.29,22718.29,22948.45,572910000.0,22718.29
2018-08-29,22985.1,22720.68,22985.1,22835.66,564840000.0,22985.1
2018-08-28,23088.04,22783.42,22844.15,23082.35,654960000.0,22844.15
2018-08-27,23042.21,22825.26,23038.93,23022.93,462910000.0,23038.93
2018-08-24,23013.88,22875.32,22974.17,22875.32,651010000.0,22974.17
2018-08-23,22983.43,22799.53,22855.03,22942.26,505200000.0,22855.03
2018-08-22,23080.41,22910.48,22946.6,22957.93,532419999.99999994,22946.6
2018-08-21,23069.78,22666.5,23025.22,22671.05,556480000.0,23025.22
2018-08-20,22769.2,22581.54,22683.49,22683.52,468180000.0,22683.49
2018-08-17,22791.68,22449.85,22620.6,22722.05,619650000.0,22620.6
2018-08-16,23107.4,22690.88,22742.58,23015.53,718070000.0,22742.58
2018-08-14,23370.14,23085.87,23136.73,23338.93,855290000.0,23136.73
2018-08-13,23299.66,22999.95,23203.09,23189.63,644990000.0,23203.09
2018-08-10,23709.74,23212.11,23344.61,23660.77,944990000.0,23344.61
2018-08-09,24079.12,23847.21,23903.19,24041.41,713790000.0,23903.19
2018-08-08,24223.7,24028.52,24055.48,24120.69,1210000000.0,24055.48
2018-08-07,24150.7,23919.73,24112.76,23921.33,963930000.0,24112.76
2018-08-06,23897.17,23725.93,23840.55,23859.66,1880000000.0,23840.55
2018-08-03,23951.68,23576.18,23835.24,23728.74,1090000000.0,23835.24
2018-08-02,23968.81,23582.55,23664.97,23945.81,977630000.0,23664.97
2018-08-01,24499.95,24080.59,24080.59,24499.95,1760000000.0,24080.59
2018-07-31,24519.71,24203.12,24485.91,24203.12,1950000000.0,24485.91
2018-07-30,24232.19,24123.71,24205.78,24130.11,791870000.0,24205.78
2018-07-27,24233.78,24073.71,24212.19,24073.71,986180000.0,24212.19
2018-07-26,24115.88,23916.33,24105.62,23916.33,777310000.0,24105.62
2018-07-25,24156.98,23763.57,23776.74,24055.5,777480000.0,23776.74
2018-07-24,24117.22,23956.71,24083.81,23970.03,900660000.0,24083.81
2018-07-23,24012.39,23777.13,23823.74,23874.84,1010000000.0,23823.74
2018-07-20,24100.14,23838.74,24032.3,24010.37,642250000.0,24032.3
2018-07-19,24310.91,24046.43,24129.46,24217.58,595500000.0,24129.46
2018-07-18,24296.25,24139.49,24220.58,24291.69,474720000.0,24220.58
2018-07-17,24230.83,23976.57,24211.04,24038.43,547390000.0,24211.04
2018-07-16,24293.94,24042.25,24042.25,24101.0,503760000.0,24042.25
2018-07-13,24169.52,24019.24,24101.4,24086.34,733160000.0,24101.4
2018-07-12,24044.52,23771.04,23992.27,23945.76,693250000.0,23992.27
2018-07-11,24110.14,23863.92,23893.65,24100.14,855910000.0,23893.65
2018-07-10,24404.65,24121.2,24267.0,24286.86,770140000.0,24267.0
2018-07-09,24308.25,24160.26,24246.47,24257.99,671920000.0,24246.47
2018-07-06,24222.92,24031.87,24142.68,24191.84,646440000.0,24142.68
2018-07-05,24225.77,23941.28,24110.66,23941.28,629500000.0,24110.66
2018-07-04,23967.0,23844.2,23862.27,23939.9,557550000.0,23862.27
2018-07-03,24023.62,23653.81,23970.76,23745.14,994110000.0,23970.76
2018-07-02,23723.77,23352.82,23618.18,23599.88,585850000.0,23618.18
2018-06-29,24038.08,23780.29,23827.21,23898.45,716540000.0,23827.21
2018-06-28,23826.54,23471.28,23616.1,23618.11,700440000.0,23616.1
2018-06-27,23932.01,23350.34,23746.5,23622.61,1100000000.0,23746.5
2018-06-26,23800.37,23533.61,23641.0,23733.05,609830000.0,23641.0
2018-06-25,24009.06,23590.67,23590.67,23985.06,574430000.0,23590.67
2018-06-22,24197.13,23956.75,24136.45,23968.9,523419999.99999994,24136.45
2018-06-21,24477.37,23858.77,23893.72,24438.03,568830000.0,23893.72
2018-06-20,24569.37,24349.76,24357.64,24518.18,681140000.0,24357.64
2018-06-19,24412.06,23936.32,24320.39,24024.19,611520000.0,24320.39
2018-06-18,24439.64,24183.65,24333.84,24346.48,502110000.0,24333.84
2018-06-15,24772.71,24414.78,24436.6,24772.71,902310000.0,24436.6
2018-06-14,24775.45,24204.57,24746.07,24349.66,821440000.0,24746.07
2018-06-13,24599.53,24345.03,24460.86,24401.53,758440000.0,24460.86
2018-06-12,24572.87,24215.49,24352.93,24425.41,774520000.0,24352.93
2018-06-11,24364.65,23946.86,24311.78,23982.64,1130000000.0,24311.78
2018-06-08,23865.98,23500.22,23553.67,23724.61,775250000.0,23553.67
2018-06-07,24317.61,23921.83,23998.41,24197.08,721120000.0,23998.41
2018-06-06,24110.27,23632.41,24039.13,24046.13,927580000.0,24039.13
2018-06-05,24406.08,23973.72,23973.72,24156.17,836460000.0,23973.72
2018-06-04,24583.88,24125.42,24219.63,24556.12,780600000.0,24219.63
2018-06-01,24616.6,24212.28,24299.1,24412.0,1440000000.0,24299.1
2018-05-31,24250.01,23738.24,23929.59,24007.15,1680000000.0,23929.59
2018-05-30,23977.9,23393.85,23905.82,23559.03,1400000000.0,23905.82
2018-05-29,23771.63,23203.51,23421.92,23688.18,2190000000.0,23421.92
2018-05-28,25056.32,23957.26,24075.53,24826.56,2250000000.0,24075.53
2018-05-25,25042.14,24402.41,24600.58,25006.25,1410000000.0,24600.58
2018-05-24,25355.83,24828.63,24952.64,25185.07,940590000.0,24952.64
2018-05-23,25270.91,24929.82,25101.2,25270.91,1150000000.0,25101.2
2018-05-22,25497.29,25229.8,25421.64,25335.77,1080000000.0,25421.64
2018-05-21,25640.02,25152.74,25285.83,25288.6,1060000000.0,25285.83
2018-05-18,26160.88,25582.1,25644.75,26160.88,1490000000.0,25644.75
2018-05-17,26246.15,25853.21,26046.6,26087.27,921460000.0,26046.6
2018-05-16,26505.39,25869.13,25976.89,26466.85,1240000000.0,25976.89
2018-05-15,26661.39,26463.04,26586.35,26463.04,771040000.0,26586.35
2018-05-14,26546.49,26272.79,26546.49,26489.43,789230000.0,26546.49
2018-05-11,26494.82,26279.58,26488.3,26444.82,1870000000.0,26488.3
2018-05-10,26656.83,26184.42,26350.89,26614.73,1100000000.0,26350.89
2018-05-09,26732.72,26536.83,26592.98,26536.83,1270000000.0,26592.98
2018-05-08,26855.85,26252.58,26461.89,26829.7,1330000000.0,26461.89
2018-05-07,26890.99,26610.96,26884.96,26684.85,735180000.0,26884.96
2018-05-04,26661.08,26472.98,26661.08,26493.07,985460000.0,26661.08
2018-05-03,26580.86,26339.87,26379.57,26541.89,705110000.0,26379.57
2018-05-02,26614.66,26281.28,26574.93,26289.11,920950000.0,26574.93
2018-04-30,26300.31,26096.09,26255.0,26216.93,780150000.0,26255.0
2018-04-27,26313.6,26072.59,26198.14,26260.01,1020000000.0,26198.14
2018-04-26,26293.0,26062.79,26293.0,26114.75,1060000000.0,26293.0
2018-04-25,26284.15,25932.77,26061.8,26193.57,799400000.0,26061.8
2018-04-24,26339.18,26180.01,26307.31,26180.01,1120000000.0,26307.31
2018-04-23,26223.84,26002.3,26223.84,26017.45,889100000.0,26223.84
2018-04-20,26186.93,25932.63,26063.14,26038.48,737030000.0,26063.14
2018-04-19,26075.55,25933.68,26019.58,26024.09,756860000.0,26019.58
2018-04-18,26061.13,25855.93,26015.74,25941.31,806330000.0,26015.74
2018-04-17,25924.4,25627.32,25894.94,25647.15,1090000000.0,25894.94
2018-04-16,25656.79,25535.08,25565.89,25576.2,528400000.0,25565.89
2018-04-13,25672.98,25516.96,25566.29,25559.15,781790000.0,25566.29
2018-04-12,25566.91,25239.2,25537.51,25250.42,1320000000.0,25537.51
2018-04-11,25454.91,25181.04,25240.08,25381.82,1220000000.0,25240.08
2018-04-10,25446.42,25290.7,25425.04,25419.3,1140000000.0,25425.04
2018-04-09,25384.67,25192.53,25299.95,25256.72,1040000000.0,25299.95
2018-04-06,25256.02,25111.52,25189.09,25181.28,1250000000.0,25189.09
2018-04-05,25225.81,24964.83,25213.44,24977.8,1100000000.0,25213.44
2018-04-04,24781.13,24435.22,24672.33,24770.97,660490000.0,24672.33
2018-04-03,24805.89,24458.42,24754.91,24536.04,671910000.0,24754.91
2018-03-29,24810.62,24561.03,24661.36,24611.32,836590000.0,24661.36
2018-03-28,24558.78,24145.96,24558.78,24252.24,980590000.0,24558.78
2018-03-27,24647.4,24416.73,24458.1,24584.64,697700000.0,24458.1
2018-03-26,24608.28,24148.17,24237.6,24608.28,594720000.0,24237.6
2018-03-23,24611.4,24186.64,24535.92,24369.07,1210000000.0,24535.92
2018-03-22,25096.57,24454.28,24640.59,24956.41,1390000000.0,24640.59
2018-03-21,25140.61,24942.07,25082.53,25121.16,1460000000.0,25082.53
2018-03-20,25122.06,24887.95,25079.93,24932.43,1560000000.0,25079.93
2018-03-19,25148.79,24882.23,24916.22,25120.11,3750000000.0,24916.22
2018-03-16,25225.58,24984.12,25135.16,25091.14,1480000000.0,25135.16
2018-03-15,25030.42,24737.41,25010.05,24824.53,1000000000.0,25010.05
2018-03-14,25090.23,24680.13,24728.24,24992.41,1250000000.0,24728.24
2018-03-13,25193.24,24892.15,24991.27,25111.36,1850000000.0,24991.27
2018-03-12,25194.77,25011.25,25069.69,25185.46,1600000000.0,25069.69
2018-03-09,25062.86,24887.97,25037.81,24969.35,1570000000.0,25037.81
2018-03-08,25048.35,24654.94,24984.7,24742.22,1100000000.0,24984.7
2018-03-07,24742.16,24318.91,24694.66,24347.95,884560000.0,24694.66
2018-03-06,24492.0,24150.52,24412.12,24185.55,1320000000.0,24412.12
2018-03-05,24002.11,23623.75,23988.88,23623.75,1220000000.0,23988.88
2018-03-02,24471.42,23985.0,24064.99,24462.18,976280000.0,24064.99
2018-03-01,24802.66,24540.47,24630.88,24740.67,910790000.0,24630.88
2018-02-28,25011.85,24819.9,24825.41,24828.24,814610000.0,24825.41
2018-02-27,25088.96,24872.96,24950.95,25007.79,1310000000.0,24950.95
2018-02-26,25099.94,24871.26,24955.81,25006.58,2100000000.0,24955.81
2018-02-23,24931.23,24634.03,24893.6,24708.66,918130000.0,24893.6
2018-02-22,24834.18,24501.95,24700.32,24750.36,1420000000.0,24700.32
2018-02-21,24936.71,24686.7,24893.24,24872.43,844120000.0,24893.24
2018-02-20,24975.08,24738.87,24924.55,24845.68,1190000000.0,24924.55
2018-02-19,25140.34,24829.43,24829.43,25134.46,2470000000.0,24829.43
2018-02-16,25076.03,24884.02,25070.82,24967.91,955600000.0,25070.82
2018-02-15,24980.46,24639.09,24745.76,24787.8,1120000000.0,24745.76
2018-02-14,24721.96,24120.23,24673.16,24408.94,1530000000.0,24673.16
2018-02-13,24608.25,24247.49,24247.49,24572.36,1090000000.0,24247.49
2018-02-12,24756.72,24467.58,24563.73,24641.49,1160000000.0,24563.73
2018-02-09,24813.26,24288.33,24398.7,24582.22,2000000000.0,24398.7
2018-02-08,25298.54,24652.79,24717.55,25185.6,1920000000.0,24717.55
2018-02-07,25318.07,24691.23,25296.46,24897.74,1810000000.0,25296.46
2018-02-06,24926.67,24218.06,24617.04,24235.48,1480000000.0,24617.04
2018-02-05,25401.37,25121.09,25130.45,25231.06,823430000.0,25130.45
2018-02-02,25938.19,25524.49,25542.24,25930.37,817810000.0,25542.24
2018-02-01,26212.46,25820.59,25926.38,26026.73,820270000.0,25926.38
2018-01-31,25998.58,25798.24,25893.67,25889.15,1100000000.0,25893.67
2018-01-30,26230.75,25791.87,25862.55,26117.78,1430000000.0,25862.55
2018-01-29,26420.89,26214.62,26242.02,26363.72,646230000.0,26242.02
2018-01-26,26333.92,26131.32,26317.96,26159.15,599920000.0,26317.96
2018-01-25,26261.42,26029.45,26151.86,26056.57,882520000.0,26151.86
2018-01-24,26330.33,26068.75,26068.75,26270.61,2029999999.9999998,26068.75
2018-01-23,26496.68,26234.12,26292.46,26437.51,959750000.0,26292.46
2018-01-22,26343.29,26073.25,26338.22,26113.05,806770000.0,26338.22
2018-01-19,26289.56,26019.49,26179.35,26039.41,1090000000.0,26179.35
2018-01-18,26044.04,25857.68,26044.04,26000.85,903300000.0,26044.04
2018-01-17,25978.64,25775.47,25932.6,25785.44,2260000000.0,25932.6
2018-01-16,26114.77,25861.07,25911.16,25951.81,2020000000.0,25911.16
2018-01-15,26014.26,25743.41,25956.88,25878.2,2560000000.0,25956.88
2018-01-12,25886.49,25757.23,25845.71,25842.85,891750000.0,25845.71
2018-01-11,25733.12,25542.69,25718.26,25573.35,1660000000.0,25718.26
2018-01-10,25583.76,25367.79,25570.28,25415.5,1620000000.0,25570.28
2018-01-09,25492.75,25259.67,25443.1,25267.9,1190000000.0,25443.1
2018-01-08,25304.38,25110.07,25260.47,25275.68,675560000.0,25260.47
2018-01-05,25162.04,24925.61,25162.04,24931.0,985000000.0,25162.04
2018-01-04,24958.22,24375.19,24896.43,24375.19,1010000000.0,24896.43
2018-01-03,24300.49,24071.96,24267.16,24237.72,919410000.0,24267.16
2018-01-02,24286.17,23938.94,24186.08,24243.63,696660000.0,24186.08
