Date,High,Low,Open,Close,Volume,Adj Close
2020-08-20,3.0777840614318848,2.6928958892822266,2.7878570556640625,2.9000799655914307,48819867,2.9000799655914307
2020-08-21,3.090092897415161,2.7309188842773438,2.896923065185547,2.875027894973755,49313137,2.875027894973755
2020-08-22,4.510612964630127,2.8167619705200195,2.878570079803467,4.484690189361572,485801096,4.484690189361572
2020-08-23,4.487058162689209,3.716270923614502,4.487058162689209,3.9670660495758057,320749483,3.9670660495758057
2020-08-24,4.783157825469971,3.8126699924468994,3.987412929534912,4.602613925933838,407690171,4.602613925933838
2020-08-25,5.760775089263916,4.501223087310791,4.5849528312683105,5.523393154144287,898847538,5.523393154144287
2020-08-26,6.554687976837158,5.136205196380615,5.541406154632568,6.081716060638428,1054351759,6.081716060638428
2020-08-27,6.789179801940918,5.3139262199401855,6.075771808624268,5.6283369064331055,1289248953,5.6283369064331055
2020-08-28,6.333745956420898,5.540963172912598,5.639485836029053,6.159955024719238,727162235,6.159955024719238
2020-08-29,6.562905788421631,6.042308807373047,6.175924777984619,6.159142971038818,527290028,6.159142971038818
2020-08-30,6.219505786895752,5.749978065490723,6.153439998626709,5.8698811531066895,485335136,5.8698811531066895
2020-08-31,6.459376811981201,5.772965908050537,5.905918121337891,6.300020217895508,512604781,6.300020217895508
2020-09-01,6.838898181915283,6.172324180603027,6.298810005187988,6.288766860961914,601527409,6.288766860961914
2020-09-02,6.432651996612549,5.657442092895508,6.282686233520508,6.139464855194092,584155028,6.139464855194092
2020-09-03,6.318078994750977,5.682590007781982,6.131178855895996,5.747868061065674,763663457,5.747868061065674
2020-09-04,5.9813947677612305,4.626719951629639,5.72661018371582,5.146038055419922,845787793,5.146038055419922
2020-09-05,5.311783790588379,3.653467893600464,5.136033058166504,4.122313022613525,805800385,4.122313022613525
2020-09-06,4.9016499519348145,3.759744882583618,4.1370320320129395,4.799468040466309,924160482,4.799468040466309
2020-09-07,4.820003032684326,4.032632827758789,4.796048164367676,4.594668865203857,675375183,4.594668865203857
2020-09-08,4.6164398193359375,4.119595050811768,4.588957786560059,4.2743239402771,519440288,4.2743239402771
2020-09-09,4.796722888946533,4.158873081207275,4.282867908477783,4.708939075469971,534097094,4.708939075469971
2020-09-10,4.87014102935791,4.47129487991333,4.709848880767822,4.5815839767456055,633577674,4.5815839767456055
2020-09-11,4.748109817504883,4.317130088806152,4.579847812652588,4.645566940307617,633472140,4.645566940307617
2020-09-12,5.280156135559082,4.516018867492676,4.650601863861084,5.1370368003845215,753745737,5.1370368003845215
2020-09-13,5.4788007736206055,4.806826114654541,5.145040988922119,5.2979512214660645,1099475714,5.2979512214660645
2020-09-14,5.602781772613525,5.126424789428711,5.296420097351074,5.3487091064453125,1008259712,5.3487091064453125
2020-09-15,5.4519171714782715,5.095705986022949,5.366625785827637,5.095705986022949,897864384,5.095705986022949
2020-09-16,5.281322956085205,4.986210823059082,5.068963050842285,5.080321788787842,792360521,5.080321788787842
2020-09-17,5.417671203613281,5.061747074127197,5.080321788787842,5.336300849914551,776350363,5.336300849914551
2020-09-18,5.459138870239258,5.108552932739258,5.341709136962891,5.245763778686523,683398180,5.245763778686523
2020-09-19,5.255691051483154,4.8249831199646,5.253236770629883,4.925411224365234,605268040,4.925411224365234
2020-09-20,4.974465847015381,4.424918174743652,4.928915023803711,4.672449111938477,798507891,4.672449111938477
2020-09-21,4.700902938842773,3.9504759311676025,4.672449111938477,4.094596862792969,1096736657,4.094596862792969
2020-09-22,4.208596229553223,3.918225049972534,4.085402011871338,4.174462795257568,673117344,4.174462795257568
2020-09-23,4.315890789031982,3.9741010665893555,4.168553829193115,4.031414985656738,557062766,4.031414985656738
2020-09-24,4.39995002746582,3.9931840896606445,4.021368026733398,4.381972789764404,437573446,4.381972789764404
2020-09-25,4.527897834777832,4.262062072753906,4.376265048980713,4.42095422744751,425191119,4.42095422744751
2020-09-26,4.464016914367676,4.2425432205200195,4.422246932983398,4.347661972045898,329745176,4.347661972045898
2020-09-27,4.362192153930664,4.160518169403076,4.340383052825928,4.310280799865723,316361927,4.310280799865723
2020-09-28,4.582980155944824,4.270126819610596,4.302436828613281,4.397861003875732,543507456,4.397861003875732
2020-09-29,4.602887153625488,4.358147144317627,4.42175817489624,4.500452041625977,508965929,4.500452041625977
2020-09-30,4.502908229827881,4.253639221191406,4.502908229827881,4.349781036376953,378446620,4.349781036376953
2020-10-01,4.58342981338501,4.257381916046143,4.350967884063721,4.3438310623168945,445143708,4.3438310623168945
2020-10-02,4.358544826507568,3.933161973953247,4.344503879547119,4.123178958892822,554916297,4.123178958892822
2020-10-03,4.1315131187438965,4.038118839263916,4.127322196960449,4.0700459480285645,361964763,4.0700459480285645
2020-10-04,4.195494174957275,4.021516799926758,4.067633152008057,4.173911094665527,286356969,4.173911094665527
2020-10-05,4.233528137207031,4.120232105255127,4.181272983551025,4.172699928283691,332264664,4.172699928283691
2020-10-06,4.182002067565918,3.6456809043884277,4.169270992279053,3.75616192817688,662270711,3.75616192817688
2020-10-07,3.8777029514312744,3.6202709674835205,3.7534561157226562,3.858798027038574,629063456,3.858798027038574
2020-10-08,4.160009860992432,3.6646409034729004,3.8576250076293945,4.102642059326172,614223111,4.102642059326172
2020-10-09,4.35194206237793,4.020022869110107,4.111853122711182,4.262467861175537,491506582,4.262467861175537
2020-10-10,4.47580099105835,4.239728927612305,4.260406970977783,4.252954959869385,492038159,4.252954959869385
2020-10-11,4.334370136260986,4.1786208152771,4.2586989402771,4.262162208557129,388098955,4.262162208557129
2020-10-12,4.437003135681152,4.207902908325195,4.255739212036133,4.319948196411133,489608532,4.319948196411133
2020-10-13,4.344513893127441,4.157707214355469,4.316079139709473,4.2494001388549805,420659947,4.2494001388549805
2020-10-14,4.358098030090332,4.093733787536621,4.255530834197998,4.199113845825195,520198619,4.199113845825195
2020-10-15,4.192293167114258,4.033811092376709,4.192293167114258,4.096810817718506,450623089,4.096810817718506
2020-10-16,4.157107830047607,3.839911937713623,4.100024223327637,3.909528970718384,443295515,3.909528970718384
2020-10-17,3.977368116378784,3.871609926223755,3.917128086090088,3.967252016067505,206453738,3.967252016067505
2020-10-18,4.121717929840088,3.9600119590759277,3.96835994720459,4.104650974273682,204108300,4.104650974273682
2020-10-19,4.111244201660156,3.9641659259796143,4.110964775085449,3.9905920028686523,249983725,3.9905920028686523
2020-10-20,4.138195037841797,3.875638961791992,3.989690065383911,3.9103429317474365,502694693,3.9103429317474365
2020-10-21,4.245581150054932,3.9053409099578857,3.906003952026367,4.141119956970215,458018407,4.141119956970215
2020-10-22,4.331874847412109,4.131649971008301,4.1409149169921875,4.26894998550415,367309225,4.26894998550415
2020-10-23,4.474156856536865,4.202276229858398,4.273909091949463,4.266849994659424,461816708,4.266849994659424
2020-10-24,4.430924892425537,4.244643211364746,4.266852855682373,4.355343818664551,310306552,4.355343818664551
2020-10-25,4.447239875793457,4.267938137054443,4.355343818664551,4.335230827331543,339106539,4.335230827331543
2020-10-26,4.738708019256592,4.304171085357666,4.335230827331543,4.727015972137451,722990810,4.727015972137451
2020-10-27,4.9277801513671875,4.66053581237793,4.727015972137451,4.6839518547058105,820401909,4.6839518547058105
2020-10-28,4.774251937866211,4.2622761726379395,4.683953762054443,4.3650970458984375,649971738,4.3650970458984375
2020-10-29,4.403780937194824,3.879251003265381,4.365097999572754,4.053345203399658,686597329,4.053345203399658
2020-10-30,4.156761169433594,3.9371869564056396,4.053277969360352,4.088112831115723,586577443,4.088112831115723
2020-10-31,4.27423095703125,4.072735786437988,4.088185787200928,4.18176794052124,318678917,4.18176794052124
2020-11-01,4.22561502456665,4.122063159942627,4.181673049926758,4.22561502456665,302861124,4.22561502456665
2020-11-02,4.261608123779297,3.985630989074707,4.22576904296875,4.030231952667236,503474044,4.030231952667236
2020-11-03,4.065161228179932,3.8863699436187744,4.030229091644287,4.025467872619629,413471121,4.025467872619629
2020-11-04,4.147281169891357,3.8941900730133057,4.025473117828369,4.098083019256592,836536272,4.098083019256592
2020-11-05,4.297354221343994,4.0256757736206055,4.098083972930908,4.235195159912109,375265287,4.235195159912109
2020-11-06,4.633965015411377,4.206799030303955,4.235197067260742,4.579651832580566,463200956,4.579651832580566
2020-11-07,4.838397979736328,4.106513977050781,4.579651832580566,4.241960048675537,724809168,4.241960048675537
2020-11-08,4.426574230194092,4.142643928527832,4.241960048675537,4.372093200683594,393903990,4.372093200683594
2020-11-09,4.45768404006958,4.250327110290527,4.372093200683594,4.346766948699951,396903280,4.346766948699951
2020-11-10,4.498283863067627,4.308891773223877,4.346765995025635,4.415016174316406,379322634,4.415016174316406
2020-11-11,4.62040376663208,4.415018081665039,4.415018081665039,4.457201957702637,404513890,4.457201957702637
2020-11-12,4.471586227416992,4.320396900177002,4.45720100402832,4.399240016937256,367161907,4.399240016937256
2020-11-13,4.585021018981934,4.37412691116333,4.399240970611572,4.5401201248168945,342519103,4.5401201248168945
2020-11-14,4.550857067108154,4.3705267906188965,4.5401201248168945,4.4656219482421875,331350627,4.4656219482421875
2020-11-15,4.491476058959961,4.309564113616943,4.4656219482421875,4.379988193511963,325439058,4.379988193511963
2020-11-16,4.589541912078857,4.3458638191223145,4.379988193511963,4.485499858856201,445672648,4.485499858856201
2020-11-17,4.910906791687012,4.566730976104736,4.608518123626709,4.844666004180908,675069949,4.844666004180908
2020-11-18,4.927710056304932,4.5268378257751465,4.844667911529541,4.679663181304932,671452168,4.679663181304932
2020-11-19,4.848308086395264,4.547364234924316,4.679657936096191,4.756765842437744,551607999,4.756765842437744
2020-11-20,5.459795951843262,4.752435207366943,4.756759166717529,5.233436107635498,1027776286,5.233436107635498
2020-11-21,5.8060431480407715,5.141745090484619,5.233436107635498,5.7519211769104,1022750932,5.7519211769104
2020-11-22,5.834374904632568,5.22339391708374,5.7519211769104,5.481853008270264,1048639986,5.481853008270264
2020-11-23,5.939077854156494,5.422479152679443,5.48185396194458,5.9069318771362305,997956277,5.9069318771362305
2020-11-24,6.0756940841674805,5.624484062194824,5.9079060554504395,5.729445934295654,1113438978,5.729445934295654
2020-11-25,5.816349983215332,5.183073043823242,5.729334831237793,5.3098602294921875,1011116414,5.3098602294921875
2020-11-26,5.365758895874023,4.4594807624816895,5.308625221252441,4.804576873779297,1433368625,4.804576873779297
2020-11-27,5.06801700592041,4.52234411239624,4.8059000968933105,4.782790184020996,864684858,4.782790184020996
2020-11-28,4.944546222686768,4.679183006286621,4.783547878265381,4.900475978851318,415083876,4.900475978851318
2020-11-29,5.200435161590576,4.81423282623291,4.901079177856445,5.190351963043213,451787954,5.190351963043213
2020-11-30,5.437084197998047,5.146361827850342,5.190307140350342,5.376430034637451,649773393,5.376430034637451
2020-12-01,5.530345916748047,5.018441200256348,5.377254009246826,5.09356689453125,777715514,5.09356689453125
2020-12-02,5.532001972198486,5.030746936798096,5.0934672355651855,5.4641571044921875,607216780,5.4641571044921875
2020-12-03,5.564023971557617,5.338206768035889,5.4647440910339355,5.410368919372559,354593131,5.410368919372559
2020-12-04,5.434473991394043,4.97195291519165,5.410147190093994,5.032713890075684,422944392,5.032713890075684
2020-12-05,5.190218925476074,4.892159938812256,5.0297040939331055,5.188902854919434,408952852,5.188902854919434
2020-12-06,5.20137882232666,5.009243965148926,5.18795919418335,5.135868072509766,299285627,5.135868072509766
2020-12-07,5.154355049133301,5.0187788009643555,5.13498592376709,5.060319900512695,242900962,5.060319900512695
2020-12-08,5.067212104797363,4.712739944458008,5.060634136199951,4.733346939086914,398505417,4.733346939086914
2020-12-09,4.93630313873291,4.6283087730407715,4.73314905166626,4.861896991729736,477599466,4.861896991729736
2020-12-10,4.912511825561523,4.749416828155518,4.863699913024902,4.797595977783203,299121449,4.797595977783203
2020-12-11,4.804924011230469,4.546073913574219,4.798059940338135,4.621051788330078,366039075,4.621051788330078
2020-12-12,4.797782897949219,4.615324974060059,4.619785785675049,4.740454196929932,282782417,4.740454196929932
2020-12-13,4.994999885559082,4.735164165496826,4.740725040435791,4.891211986541748,280953204,4.891211986541748
2020-12-14,5.002224922180176,4.835015773773193,4.891504764556885,4.8980817794799805,204385757,4.8980817794799805
2020-12-15,5.282553195953369,4.8543829917907715,4.89790678024292,5.249607086181641,354033042,5.249607086181641
2020-12-16,5.361889839172363,5.124766826629639,5.2488250732421875,5.35931396484375,508481878,5.35931396484375
2020-12-17,5.726208209991455,5.292483806610107,5.359303951263428,5.343967914581299,863948412,5.343967914581299
2020-12-18,5.503850936889648,5.258786201477051,5.3441948890686035,5.367640972137451,607402856,5.367640972137451
2020-12-19,5.567254066467285,5.287726879119873,5.36706018447876,5.338944911956787,517648631,5.338944911956787
2020-12-20,5.429289817810059,5.090573787689209,5.338881969451904,5.188476085662842,519415555,5.188476085662842
2020-12-21,5.41227912902832,4.806443214416504,5.188238143920898,4.890545845031738,665375358,4.890545845031738
2020-12-22,5.1732401847839355,4.814806938171387,4.8881611824035645,5.154829978942871,697260532,5.154829978942871
2020-12-23,5.184189796447754,4.619132995605469,5.154473781585693,4.710612773895264,665441295,4.710612773895264
2020-12-24,5.196156024932861,4.6553120613098145,4.711977005004883,5.128820896148682,646511051,5.128820896148682
2020-12-25,5.272006034851074,5.043450832366943,5.127845764160156,5.214210033416748,512565394,5.214210033416748
2020-12-26,5.273873805999756,5.093932151794434,5.214894771575928,5.182180881500244,484934518,5.182180881500244
2020-12-27,5.394439220428467,4.952185153961182,5.18195915222168,5.136190891265869,784179881,5.136190891265869
2020-12-28,6.644753932952881,5.122084140777588,5.1363911628723145,6.588821887969971,1746628677,6.588821887969971
2020-12-29,7.607135772705078,6.198066234588623,6.582754135131836,7.519257068634033,2717983832,7.519257068634033
2020-12-30,7.651447772979736,7.088112831115723,7.51915979385376,7.254300117492676,2059017629,7.254300117492676
2020-12-31,9.430130004882812,7.169960021972656,7.25056791305542,9.292508125305176,2751292067,9.292508125305176
2021-01-01,9.416586875915527,8.120194435119629,9.288180351257324,8.306818962097168,2791211123,8.306818962097168
2021-01-02,9.761335372924805,7.9432902336120605,8.305492401123047,9.208836555480957,3049232407,9.208836555480957
2021-01-03,10.45749282836914,8.873361587524414,9.209648132324219,10.033283233642578,3032883074,10.033283233642578
2021-01-04,10.50556468963623,8.777210235595703,10.062047958374023,9.469611167907715,2893262630,9.469611167907715
2021-01-05,10.041343688964844,9.08426284790039,9.475802421569824,9.701656341552734,2080742171,9.701656341552734
2021-01-06,10.371598243713379,9.48974323272705,9.707113265991211,10.096068382263184,2382484175,10.096068382263184
2021-01-07,10.629005432128906,9.4964017868042,10.094014167785645,9.644584655761719,2521342761,9.644584655761719
2021-01-08,9.795449256896973,8.86168384552002,9.645126342773438,9.307134628295898,2350202788,9.307134628295898
2021-01-09,9.823150634765625,9.053465843200684,9.30577278137207,9.777765274047852,1478813230,9.777765274047852
2021-01-10,9.994552612304688,8.752950668334961,9.777318000793457,9.305047988891602,1603968712,9.305047988891602
2021-01-11,9.304654121398926,7.22859001159668,9.304654121398926,8.276439666748047,3251043299,8.276439666748047
2021-01-12,8.616104125976562,7.9736528396606445,8.272258758544922,8.264147758483887,1918790089,8.264147758483887
2021-01-13,11.299745559692383,7.989519119262695,8.265111923217773,10.957710266113281,2915711373,10.957710266113281
2021-01-14,14.549702644348145,10.92501163482666,10.9478759765625,14.539050102233887,5405054869,14.539050102233887
2021-01-15,14.855377197265625,11.851578712463379,14.522520065307617,13.212381362915039,6159630996,13.212381362915039
2021-01-16,19.32206153869629,13.18575382232666,13.198049545288086,18.180423736572266,8917081506,18.180423736572266
2021-01-17,18.15034294128418,16.408960342407227,18.15034294128418,16.984254837036133,6091648732,16.984254837036133
2021-01-18,18.10170555114746,15.824629783630371,16.99701690673828,16.51292610168457,3888179752,16.51292610168457
2021-01-19,17.467544555664062,16.048328399658203,16.52107810974121,16.468509674072266,3414422602,16.468509674072266
2021-01-20,18.125743865966797,14.83346939086914,16.452497482299805,17.948930740356445,4624508717,17.948930740356445
2021-01-21,18.060771942138672,15.052481651306152,17.979415893554688,15.94483757019043,4843725549,15.94483757019043
2021-01-22,17.983863830566406,14.891925811767578,15.931008338928223,17.161441802978516,2991599976,17.161441802978516
2021-01-23,18.753698348999023,16.87032127380371,17.159591674804688,18.59819984436035,2842317183,18.59819984436035
2021-01-24,18.72452735900879,17.380525588989258,18.60063362121582,17.999649047851562,2800444854,17.999649047851562
2021-01-25,19.05194664001465,17.119707107543945,17.997594833374023,17.250455856323242,3351498659,17.250455856323242
2021-01-26,17.76909828186035,16.07543182373047,17.244647979736328,17.117761611938477,2588253411,17.117761611938477
2021-01-27,17.116113662719727,15.08426570892334,17.116113662719727,15.504860877990723,2973163194,15.504860877990723
2021-01-28,17.463062286376953,15.356571197509766,15.498236656188965,16.94493293762207,2960951225,16.94493293762207
2021-01-29,17.642789840698242,16.032001495361328,17.10266876220703,16.841611862182617,3657663583,16.841611862182617
2021-01-30,17.050155639648438,16.161949157714844,16.836748123168945,16.506908416748047,1998709420,16.506908416748047
2021-01-31,17.456100463867188,15.813972473144531,16.511579513549805,16.121315002441406,2540474629,16.121315002441406
2021-02-01,16.516582489013672,15.743364334106445,16.123022079467773,16.375776290893555,2228986208,16.375776290893555
2021-02-02,17.603918075561523,16.03933334350586,16.38133430480957,17.263256072998047,2658383686,17.263256072998047
2021-02-03,20.733652114868164,16.84036636352539,17.247203826904297,20.733652114868164,4685307862,20.733652114868164
2021-02-04,21.55594825744629,19.043312072753906,20.728294372558594,19.70218276977539,4858842246,19.70218276977539
2021-02-05,21.283489227294922,19.531709671020508,19.688629150390625,20.90267562866211,3387079061,20.90267562866211
2021-02-06,21.298307418823242,19.814205169677734,20.892112731933594,20.395479202270508,2622835076,20.395479202270508
2021-02-07,20.77747917175293,18.62379264831543,20.390621185302734,19.793615341186523,3038407999,19.793615341186523
2021-02-08,23.608169555664062,19.233234405517578,19.78141975402832,23.031898498535156,4736654531,23.031898498535156
2021-02-09,24.054412841796875,22.36963653564453,23.030057907104492,23.12996482849121,3446396914,23.12996482849121
2021-02-10,24.78626823425293,22.13630485534668,23.11301612854004,23.585050582885742,4203061885,23.585050582885742
2021-02-11,25.577707290649414,23.33354949951172,23.590524673461914,25.230295181274414,4060334812,25.230295181274414
2021-02-12,29.668529510498047,24.549880981445312,25.174123764038086,28.69125747680664,4562466560,28.69125747680664
2021-02-13,30.146413803100586,27.473081588745117,28.687116622924805,28.016725540161133,4947621076,28.016725540161133
2021-02-14,29.372905731201172,26.543987274169922,28.01349449157715,27.095735549926758,3550653217,27.095735549926758
2021-02-15,29.448110580444336,23.612611770629883,27.064634323120117,27.780893325805664,5407907535,27.780893325805664
2021-02-16,30.973859786987305,26.96091079711914,27.76352882385254,30.159910202026367,5274752208,30.159910202026367
2021-02-17,32.34794616699219,29.732839584350586,30.164308547973633,31.986658096313477,4292546900,31.986658096313477
2021-02-18,32.57830047607422,30.629947662353516,31.981353759765625,31.180639266967773,1992921511,31.180639266967773
2021-02-19,34.98970031738281,29.62764549255371,31.188146591186523,34.79221725463867,3466759116,34.79221725463867
2021-02-20,42.06304931640625,34.797115325927734,34.797115325927734,39.2421760559082,6056666198,39.2421760559082
2021-02-21,40.474647521972656,38.154544830322266,39.171199798583984,39.69622802734375,3721239427,39.69622802734375
2021-02-22,39.696250915527344,31.362598419189453,39.696250915527344,37.68947982788086,5770512363,37.68947982788086
2021-02-23,37.714168548583984,26.75764274597168,37.6649284362793,34.30077362060547,7502138162,34.30077362060547
2021-02-24,36.752567291259766,31.975444793701172,34.33086013793945,33.633544921875,4724242062,33.633544921875
2021-02-25,35.07918167114258,31.05927276611328,33.62117385864258,31.080659866333008,3470266685,31.080659866333008
2021-02-26,33.49775314331055,28.10401153564453,31.14373016357422,31.34609031677246,5147313878,31.34609031677246
2021-02-27,35.52410888671875,31.396251678466797,31.396251678466797,33.44936752319336,4507278636,33.44936752319336
2021-02-28,34.60817337036133,29.96314811706543,33.45447540283203,33.60725784301758,4567616883,33.60725784301758
2021-03-01,35.58492660522461,33.190711975097656,33.643157958984375,35.58492660522461,3311498739,35.58492660522461
2021-03-02,37.75641632080078,34.59242630004883,35.588783264160156,36.15311813354492,3752858101,36.15311813354492
2021-03-03,38.54848861694336,36.157447814941406,36.15830993652344,37.04331970214844,2683665084,37.04331970214844
2021-03-04,38.2761116027832,34.45174026489258,37.03825378417969,35.3303108215332,2868268909,35.3303108215332
2021-03-05,35.31525421142578,31.58006477355957,35.31525421142578,33.72447204589844,3035955286,33.72447204589844
2021-03-06,34.15437698364258,32.182193756103516,33.68503952026367,33.433692932128906,1637892896,33.433692932128906
2021-03-07,35.219852447509766,33.39497375488281,33.433841705322266,35.18865966796875,1607577506,35.18865966796875
2021-03-08,35.491920471191406,33.509830474853516,35.17959976196289,34.913753509521484,1855547495,34.913753509521484
2021-03-09,38.74789047241211,34.60213088989258,34.9309196472168,38.194190979003906,3020766952,38.194190979003906
2021-03-10,39.415618896484375,36.43911361694336,38.179161071777344,37.56694412231445,3143656899,37.56694412231445
2021-03-11,37.97154235839844,35.9573860168457,37.54322052001953,36.88249588012695,2563507906,36.88249588012695
2021-03-12,37.42766571044922,34.68550491333008,36.88960647583008,35.98695373535156,2198904040,35.98695373535156
2021-03-13,38.15318298339844,34.80978012084961,35.98869323730469,37.15781021118164,2115307643,37.15781021118164
2021-03-14,37.87159729003906,36.33742141723633,37.17006301879883,36.57925033569336,1640191647,36.57925033569336
2021-03-15,38.38170623779297,34.13330078125,36.561100006103516,34.35751724243164,2905566504,34.35751724243164
2021-03-16,35.45328903198242,32.24177169799805,34.343379974365234,35.43083190917969,2518683414,35.43083190917969
2021-03-17,36.358436584472656,34.562583923339844,35.43600845336914,36.14136505126953,2111418087,36.14136505126953
2021-03-18,36.94623947143555,35.45511245727539,36.1085205078125,35.5172233581543,1639504240,35.5172233581543
2021-03-19,38.96683883666992,34.89021682739258,35.49811935424805,38.27268981933594,2491198971,38.27268981933594
2021-03-20,40.1314582824707,37.336246490478516,38.28895568847656,37.35047912597656,2133559565,37.35047912597656
2021-03-21,38.154197692871094,36.1999397277832,37.35634994506836,36.793609619140625,1930244845,36.793609619140625
2021-03-22,37.78388214111328,35.40290451049805,36.7929801940918,35.53754425048828,1929884756,35.53754425048828
2021-03-23,36.40205764770508,34.26506805419922,35.50693893432617,34.46046447753906,1728982595,34.46046447753906
2021-03-24,36.14900588989258,28.338356018066406,34.4522705078125,30.43643569946289,2729222673,30.43643569946289
2021-03-25,31.23499870300293,28.668222427368164,30.363176345825195,29.982208251953125,3433822540,29.982208251953125
2021-03-26,33.43862533569336,29.936052322387695,29.96906089782715,33.20038604736328,1735749439,33.20038604736328
2021-03-27,33.532737731933594,31.230958938598633,33.20174789428711,32.661048889160156,1518535916,32.661048889160156
2021-03-28,33.24730682373047,31.46784782409668,32.64219665527344,32.29789352416992,1138942373,32.29789352416992
2021-03-29,34.68859100341797,31.85914421081543,32.29410934448242,34.37360382080078,1639815517,34.37360382080078
2021-03-30,34.78227615356445,33.61277389526367,34.36458969116211,34.06686019897461,1281200871,34.06686019897461
2021-03-31,38.19570541381836,33.51557922363281,34.075130462646484,37.02701187133789,3527967413,37.02701187133789
2021-04-01,38.9946403503418,36.192874908447266,37.09178924560547,37.67287826538086,2811720574,37.67287826538086
2021-04-02,41.380027770996094,36.89369201660156,37.634002685546875,41.164283752441406,2824216498,41.164283752441406
2021-04-03,46.85270309448242,41.07139205932617,41.1817741394043,41.64603042602539,5242091096,41.64603042602539
2021-04-04,45.21769714355469,41.07725524902344,41.612789154052734,44.6522102355957,3120632809,44.6522102355957
2021-04-05,45.84861373901367,42.254981994628906,44.66585922241211,45.7972297668457,2937995182,45.7972297668457
2021-04-06,46.22871017456055,41.86383056640625,45.80988311767578,43.430198669433594,3105511689,43.430198669433594
2021-04-07,43.4764289855957,38.046630859375,43.42070770263672,39.59401321411133,3804483298,39.59401321411133
2021-04-08,41.50545120239258,39.353763580322266,39.62665939331055,41.36595153808594,1864637395,41.36595153808594
2021-04-09,42.0547981262207,40.16448974609375,41.3520393371582,40.849308013916016,1318352700,40.849308013916016
2021-04-10,42.74890899658203,39.98325729370117,40.8345832824707,41.62615203857422,1647212348,41.62615203857422
2021-04-11,41.9311408996582,39.9872932434082,41.613277435302734,41.423397064208984,1534168402,41.423397064208984
2021-04-12,41.7311897277832,39.453617095947266,41.417293548583984,40.49749755859375,1787924966,40.49749755859375
2021-04-13,43.321964263916016,39.86016845703125,40.44916915893555,42.94791030883789,2556927711,42.94791030883789
2021-04-14,44.53425979614258,40.11277770996094,42.89757537841797,42.64084243774414,2954854988,42.64084243774414
2021-04-15,44.30052185058594,41.516822814941406,42.57252883911133,43.515968322753906,2266870611,43.515968322753906
2021-04-16,43.798004150390625,40.163822174072266,43.46696090698242,41.5379753112793,2697585009,41.5379753112793
2021-04-17,48.360450744628906,41.498756408691406,41.51316452026367,42.53594970703125,4593280503,42.53594970703125
2021-04-18,43.1066780090332,32.8703727722168,42.56203079223633,37.34743118286133,5942657694,37.34743118286133
2021-04-19,38.69322967529297,34.065147399902344,37.37347412109375,34.81666946411133,2813475560,34.81666946411133
2021-04-20,35.72856521606445,31.642417907714844,34.715572357177734,35.444435119628906,3357861319,35.444435119628906
2021-04-21,36.2602653503418,33.10824966430664,35.461788177490234,33.871028900146484,2811533459,33.871028900146484
2021-04-22,36.71358108520508,32.81059265136719,33.79372024536133,32.98847579956055,3470349242,32.98847579956055
2021-04-23,33.455230712890625,27.130443572998047,32.95511245727539,32.22798538208008,4380184942,32.22798538208008
2021-04-24,32.39308166503906,28.567087173461914,32.25593185424805,28.932832717895508,2000992624,28.932832717895508
2021-04-25,31.26188087463379,28.184215545654297,28.96876335144043,29.762489318847656,1620694353,29.762489318847656
2021-04-26,33.45232009887695,29.784292221069336,29.813657760620117,33.4066276550293,2200104405,33.4066276550293
2021-04-27,34.92201614379883,33.19032287597656,33.41890335083008,34.70315933227539,1844667809,34.70315933227539
2021-04-28,35.346614837646484,32.645015716552734,34.79204559326172,33.967552185058594,1856657053,33.967552185058594
2021-04-29,35.96815490722656,32.991275787353516,33.96497344970703,35.96815490722656,1827249049,35.96815490722656
2021-04-30,36.7950325012207,35.13565444946289,35.9778938293457,36.54066467285156,2210863082,36.54066467285156
2021-05-01,37.3614616394043,35.909568786621094,36.51767349243164,36.929683685302734,1596159168,36.929683685302734
2021-05-02,37.16471862792969,35.60399627685547,36.89778137207031,36.6545295715332,1423486755,36.6545295715332
2021-05-03,38.25682830810547,36.62281799316406,36.63914489746094,37.25520706176758,1857108732,37.25520706176758
2021-05-04,37.911800384521484,34.62866973876953,37.256771087646484,34.85350799560547,2627951840,34.85350799560547
2021-05-05,40.718441009521484,34.5352668762207,34.76781463623047,40.49504470825195,3300471923,40.49504470825195
2021-05-06,43.73299789428711,38.05546951293945,40.44245910644531,41.53346633911133,4088642953,41.53346633911133
2021-05-07,42.582000732421875,38.419960021972656,41.57681655883789,39.92985153198242,3016255239,39.92985153198242
2021-05-08,40.591346740722656,38.77667999267578,39.878448486328125,39.83269119262695,1754219539,39.83269119262695
2021-05-09,40.5498046875,38.28005599975586,39.889888763427734,40.312843322753906,2294525692,40.312843322753906
2021-05-10,41.78782272338867,32.65971374511719,40.30022430419922,36.541770935058594,3187436826,36.541770935058594
2021-05-11,38.64228439331055,35.58522415161133,36.51004409790039,38.64228439331055,2263017018,38.64228439331055
2021-05-12,42.41300582885742,34.03139114379883,38.651222229003906,34.03139114379883,3698746095,34.03139114379883
2021-05-13,41.78797912597656,33.15098190307617,35.05686950683594,40.031654357910156,7032709584,40.031654357910156
2021-05-14,47.96388626098633,39.457359313964844,39.967552185058594,47.94593811035156,5633438540,47.94593811035156
2021-05-15,49.69295883178711,42.976322174072266,47.959781646728516,43.538631439208984,6487556686,43.538631439208984
2021-05-16,46.640377044677734,39.453521728515625,43.53163146972656,42.63151168823242,4268621267,42.63151168823242
2021-05-17,42.38621139526367,35.430057525634766,42.38621139526367,38.71015930175781,4779518016,38.71015930175781
2021-05-18,42.60001754760742,37.850582122802734,38.63136672973633,40.645355224609375,3914013746,40.645355224609375
2021-05-19,41.340518951416016,18.63531494140625,40.688819885253906,25.227142333984375,10069997172,25.227142333984375
2021-05-20,31.229703903198242,21.27937889099121,25.060495376586914,29.150569915771484,6694931133,29.150569915771484
2021-05-21,30.980138778686523,20.029605865478516,29.015823364257812,24.463970184326172,6442011513,24.463970184326172
2021-05-22,24.601327896118164,20.48414421081543,24.468996047973633,22.014524459838867,4379003452,22.014524459838867
2021-05-23,23.464120864868164,13.822856903076172,22.069677352905273,18.029441833496094,6002858936,18.029441833496094
2021-05-24,23.488632202148438,17.208324432373047,17.922500610351562,23.19908905029297,4412004564,23.19908905029297
2021-05-25,24.203800201416016,19.75786018371582,23.25743293762207,22.130130767822266,3303527397,22.130130767822266
2021-05-26,24.74044418334961,21.67319107055664,22.185699462890625,24.5496883392334,3100578186,24.5496883392334
2021-05-27,24.8983154296875,21.809864044189453,24.546218872070312,23.852981567382812,2755550527,23.852981567382812
2021-05-28,26.11575698852539,20.127405166625977,23.976791381835938,21.410093307495117,4521086730,21.410093307495117
2021-05-29,22.271089553833008,18.80724334716797,21.367643356323242,19.863374710083008,2392272347,19.863374710083008
2021-05-30,21.245222091674805,18.5616455078125,19.863420486450195,20.473987579345703,1947583708,20.473987579345703
2021-05-31,23.430927276611328,19.09707260131836,20.477188110351562,23.430927276611328,2651300356,23.430927276611328
2021-06-01,23.51683807373047,21.74542808532715,23.29697036743164,22.81084632873535,2230220978,22.81084632873535
2021-06-02,26.844892501831055,22.684246063232422,22.847124099731445,25.957727432250977,2962777621,25.957727432250977
2021-06-03,28.614927291870117,25.750545501708984,25.94164276123047,27.013458251953125,2803059246,27.013458251953125
2021-06-04,26.987314224243164,23.70758056640625,26.987314224243164,25.008298873901367,2801117143,25.008298873901367
2021-06-05,26.388992309570312,23.06475830078125,25.02138328552246,23.816770553588867,2102969701,23.816770553588867
2021-06-06,24.45808982849121,23.624956130981445,23.793794631958008,24.20159912109375,1187622849,24.20159912109375
2021-06-07,25.279027938842773,21.432226181030273,24.202632904052734,21.6269588470459,1861117892,21.6269588470459
2021-06-08,22.27193260192871,19.663782119750977,21.7032527923584,21.745269775390625,2653898124,21.745269775390625
2021-06-09,23.283065795898438,20.435955047607422,21.66172218322754,23.184938430786133,2220005781,23.184938430786133
2021-06-10,24.551923751831055,22.106969833374023,23.20025062561035,22.684816360473633,2114395058,22.684816360473633
2021-06-11,23.192602157592773,20.515979766845703,22.683626174926758,20.985857009887695,1517304438,20.985857009887695
2021-06-12,21.257568359375,19.52117156982422,20.963895797729492,20.777036666870117,1455506948,20.777036666870117
2021-06-13,22.401641845703125,19.993820190429688,20.755634307861328,22.07633399963379,1233102638,22.07633399963379
2021-06-14,26.0310115814209,21.305421829223633,22.044921875,22.20535659790039,1232810594,22.20535659790039
2021-06-15,25.985240936279297,23.648099899291992,25.186891555786133,24.760835647583008,3151346883,24.760835647583008
2021-06-16,24.54051399230957,22.575315475463867,23.96950340270996,22.97217559814453,1694813679,22.97217559814453
2021-06-17,23.996915817260742,22.01553726196289,23.01753044128418,22.51145362854004,1236017502,22.51145362854004
2021-06-18,22.565635681152344,20.273529052734375,22.547189712524414,21.398895263671875,1406342364,21.398895263671875
2021-06-19,21.65412139892578,20.313392639160156,21.450775146484375,20.355941772460938,997553727,20.355941772460938
2021-06-20,21.017650604248047,18.952503204345703,20.263673782348633,20.67236328125,1309501356,20.67236328125
2021-06-21,20.776973724365234,15.381439208984375,20.638240814208984,15.769904136657715,2426849565,15.769904136657715
2021-06-22,16.935104370117188,13.056846618652344,15.723163604736328,14.652412414550781,3026165113,14.652412414550781
2021-06-23,16.80120849609375,14.008464813232422,14.659878730773926,16.14249038696289,2060945482,16.14249038696289
2021-06-24,16.59453582763672,14.753929138183594,15.81025505065918,16.253658294677734,1163182954,16.253658294677734
2021-06-25,16.721202850341797,14.467696189880371,16.232013702392578,14.467696189880371,1273917013,14.467696189880371
2021-06-26,14.991235733032227,13.645800590515137,14.441859245300293,14.499611854553223,1135392300,14.499611854553223
2021-06-27,15.040332794189453,14.064210891723633,14.519034385681152,15.015593528747559,982313261,15.015593528747559
2021-06-28,16.032859802246094,14.682417869567871,15.0355863571167,15.740378379821777,1109200887,15.740378379821777
2021-06-29,17.03166961669922,15.738138198852539,15.776033401489258,16.25337028503418,1342798978,16.25337028503418
2021-06-30,16.622644424438477,15.104999542236328,16.307409286499023,16.40219497680664,1208316036,16.40219497680664
2021-07-01,16.41434097290039,14.895051956176758,16.41434097290039,15.278964042663574,883647161,15.278964042663574
2021-07-02,15.469186782836914,14.675114631652832,15.219060897827148,15.340773582458496,753194773,15.340773582458496
2021-07-03,15.7769775390625,15.068263053894043,15.32193374633789,15.553715705871582,711235057,15.553715705871582
2021-07-04,16.579444885253906,15.221813201904297,15.553584098815918,16.014026641845703,752075893,16.014026641845703
2021-07-05,15.996540069580078,14.788740158081055,15.996540069580078,15.23558235168457,844844586,15.23558235168457
2021-07-06,16.162343978881836,15.210809707641602,15.240784645080566,16.143564224243164,1001573398,16.143564224243164
2021-07-07,17.674274444580078,16.10146141052246,16.13637351989746,16.857789993286133,1424247756,16.857789993286133
2021-07-08,16.879568099975586,15.005345344543457,16.877674102783203,15.337747573852539,1116757295,15.337747573852539
2021-07-09,15.901407241821289,14.853453636169434,15.310519218444824,15.669268608093262,822381786,15.669268608093262
2021-07-10,15.982069969177246,15.080467224121094,15.681145668029785,15.290839195251465,664082424,15.290839195251465
2021-07-11,15.71493911743164,15.164154052734375,15.284208297729492,15.48243522644043,543030842,15.48243522644043
2021-07-12,15.649907112121582,14.437862396240234,15.49107837677002,14.873132705688477,668145499,14.873132705688477
2021-07-13,15.094985008239746,14.02966594696045,14.860331535339355,14.18964958190918,607013676,14.18964958190918
2021-07-14,14.205731391906738,13.198354721069336,14.195369720458984,13.799570083618164,859077648,13.799570083618164
2021-07-15,14.103684425354004,12.761529922485352,13.809198379516602,13.08484935760498,766661233,13.08484935760498
2021-07-16,13.311599731445312,12.015724182128906,13.074950218200684,12.053826332092285,810693173,12.053826332092285
2021-07-17,12.735906600952148,11.748998641967773,12.02747631072998,12.292176246643066,851659386,12.292176246643066
2021-07-18,12.934033393859863,12.27425479888916,12.298961639404297,12.682146072387695,675122783,12.682146072387695
2021-07-19,12.743030548095703,11.363264083862305,12.65831470489502,11.425251007080078,870751781,11.425251007080078
2021-07-20,11.546499252319336,10.42149543762207,11.45839786529541,10.98121166229248,940409268,10.98121166229248
2021-07-21,12.847416877746582,10.688973426818848,10.963041305541992,12.305878639221191,1230601624,12.305878639221191
2021-07-22,13.340932846069336,11.861371040344238,12.325519561767578,13.161491394042969,1044329360,13.161491394042969
2021-07-23,13.494525909423828,12.36031436920166,13.16706657409668,13.397968292236328,955080499,13.397968292236328
2021-07-24,14.03961181640625,13.138667106628418,13.391894340515137,13.805340766906738,886579432,13.805340766906738
2021-07-25,13.833035469055176,13.095836639404297,13.777481079101562,13.712599754333496,777347324,13.712599754333496
2021-07-26,15.28815746307373,13.662253379821777,13.739113807678223,13.951711654663086,1793449168,13.951711654663086
2021-07-27,14.532206535339355,13.398344993591309,13.933466911315918,14.37607192993164,1125369355,14.37607192993164
2021-07-28,14.741687774658203,13.972804069519043,14.401078224182129,14.538834571838379,1108934437,14.538834571838379
2021-07-29,15.37865924835205,14.295145988464355,14.530527114868164,15.236948013305664,1062263753,15.236948013305664
2021-07-30,15.838522911071777,14.438772201538086,15.257331848144531,15.838522911071777,1137541991,15.838522911071777
2021-07-31,17.00242042541504,15.609440803527832,15.795483589172363,16.847204208374023,1264877872,16.847204208374023
2021-08-01,19.867767333984375,16.59880828857422,16.783761978149414,18.413965225219727,2765314958,18.413965225219727
2021-08-02,18.831836700439453,17.609724044799805,18.431352615356445,18.017284393310547,1663229216,18.017284393310547
2021-08-03,18.513397216796875,16.86625862121582,18.008831024169922,17.33682632446289,1323763207,17.33682632446289
2021-08-04,19.523395538330078,17.130821228027344,17.418771743774414,19.16309356689453,1596864082,19.16309356689453
2021-08-05,19.451784133911133,17.90880584716797,19.157344818115234,19.13237190246582,1640748887,19.13237190246582
2021-08-06,20.75922203063965,18.550565719604492,19.12693214416504,20.400678634643555,1714827721,20.400678634643555
2021-08-07,21.682161331176758,20.089033126831055,20.4212589263916,20.96709442138672,1715197695,20.96709442138672
2021-08-08,21.171062469482422,19.247997283935547,20.967561721801758,19.676132202148438,1319824174,19.676132202148438
2021-08-09,21.248897552490234,18.735897064208984,19.661148071289062,20.6209716796875,1388957425,20.6209716796875
2021-08-10,21.38875389099121,20.1248722076416,20.581571578979492,20.608009338378906,1436590205,20.608009338378906
2021-08-11,22.396411895751953,20.552658081054688,20.619293212890625,21.402421951293945,1858448703,21.402421951293945
2021-08-12,22.27886962890625,19.957048416137695,21.378454208374023,20.754806518554688,1646177585,20.754806518554688
2021-08-13,22.714149475097656,20.5528507232666,20.790307998657227,22.714149475097656,1463855800,22.714149475097656
2021-08-14,23.477127075195312,21.871505737304688,22.725379943847656,22.861026763916016,1618443546,22.861026763916016
2021-08-15,23.337629318237305,21.872825622558594,22.858993530273438,23.17401695251465,1302613173,23.17401695251465
2021-08-16,25.6485538482666,22.900766372680664,23.169599533081055,24.535856246948242,2668518584,24.535856246948242
2021-08-17,27.387134552001953,23.08695411682129,24.43208885192871,23.533639907836914,3257290651,23.533639907836914
2021-08-18,25.13239288330078,22.729354858398438,23.5186767578125,23.948135375976562,2397153468,23.948135375976562
2021-08-19,26.806604385375977,23.480201721191406,23.88703727722168,26.548627853393555,2276827143,26.548627853393555
2021-08-20,28.436683654785156,26.123294830322266,26.55137825012207,28.146953582763672,2387493287,28.146953582763672
2021-08-21,29.349266052246094,27.540231704711914,28.165449142456055,27.873336791992188,2047070057,27.873336791992188
2021-08-22,28.52391815185547,26.605052947998047,27.886716842651367,27.736873626708984,1752533688,27.736873626708984
2021-08-23,28.639219284057617,27.37611961364746,27.694242477416992,27.89130973815918,1729002173,27.89130973815918
2021-08-24,28.166486740112305,24.428972244262695,27.927942276000977,25.081445693969727,2018934382,25.081445693969727
2021-08-25,26.528032302856445,24.611122131347656,25.100425720214844,25.935373306274414,1846569890,25.935373306274414
2021-08-26,26.382314682006836,23.55915641784668,25.99818992614746,23.981494903564453,1685733118,23.981494903564453
2021-08-27,26.73560333251953,23.462703704833984,23.962322235107422,26.569753646850586,1736385099,26.569753646850586
2021-08-28,26.752275466918945,25.495515823364258,26.568513870239258,25.96674156188965,1084058904,25.96674156188965
2021-08-29,26.46841049194336,25.3159122467041,25.967538833618164,25.73291778564453,1004630100,25.73291778564453
2021-08-30,27.564706802368164,24.417465209960938,25.733837127685547,26.044719696044922,1847373258,26.044719696044922
2021-08-31,31.908222198486328,25.6816463470459,26.046707153320312,31.470020294189453,5433775562,31.470020294189453
2021-09-01,33.782981872558594,29.68352508544922,31.45442771911621,33.13948059082031,3610653475,33.13948059082031
2021-09-02,33.187469482421875,31.360918045043945,33.187469482421875,31.814712524414062,2159617235,31.814712524414062
2021-09-03,34.00643539428711,31.057369232177734,31.8007755279541,33.67427444458008,2402724194,33.67427444458008
2021-09-04,34.06256866455078,32.111289978027344,33.57599639892578,32.41751480102539,1508568851,32.41751480102539
2021-09-05,34.74408721923828,32.03780746459961,32.38362121582031,34.408790588378906,1731805767,34.408790588378906
2021-09-06,35.014163970947266,32.642757415771484,34.42665481567383,34.31120300292969,2185610406,34.31120300292969
2021-09-07,35.67061996459961,22.762300491333008,34.3338737487793,27.82574462890625,5554694141,27.82574462890625
2021-09-08,28.866243362426758,25.356224060058594,27.87799644470215,27.70879364013672,3210808968,27.70879364013672
2021-09-09,31.80028533935547,27.07587242126465,27.20613670349121,29.835569381713867,3007862034,29.835569381713867
2021-09-10,32.56816482543945,28.109939575195312,29.817100524902344,29.215356826782227,3735477033,29.215356826782227
2021-09-11,32.05207061767578,28.332056045532227,29.178245544433594,31.594602584838867,2273035757,31.594602584838867
2021-09-12,36.30234146118164,30.696189880371094,31.631860733032227,35.77433776855469,4160379169,35.77433776855469
2021-09-13,37.931331634521484,31.647409439086914,35.87453079223633,34.76799011230469,7156687508,34.76799011230469
2021-09-14,38.683414459228516,34.139060974121094,34.872154235839844,37.37580108642578,3761631381,37.37580108642578
2021-09-15,38.003116607666016,35.61780548095703,37.38209533691406,36.46339416503906,2154595131,36.46339416503906
2021-09-16,36.96349334716797,34.095645904541016,36.486724853515625,35.547550201416016,2430072000,35.547550201416016
2021-09-17,36.89496994018555,32.23990249633789,35.53184509277344,33.021385192871094,2365641231,33.021385192871094
2021-09-18,35.83445739746094,32.5338134765625,33.01301193237305,34.89886474609375,1805117461,34.89886474609375
2021-09-19,34.884765625,33.09801483154297,34.850250244140625,33.801334381103516,1453929289,33.801334381103516
2021-09-20,33.89080810546875,27.029417037963867,33.84331512451172,28.051830291748047,3954630278,28.051830291748047
2021-09-21,30.261415481567383,25.561138153076172,28.303569793701172,26.31650161743164,3325097631,26.31650161743164
2021-09-22,31.992185592651367,25.979167938232422,26.344911575317383,31.611772537231445,2905928191,31.611772537231445
2021-09-23,33.591957092285156,30.443761825561523,31.601165771484375,33.54473876953125,2239422860,33.54473876953125
2021-09-24,33.55144500732422,28.149688720703125,33.456424713134766,30.842344284057617,3844864517,30.842344284057617
2021-09-25,32.2297248840332,29.487117767333984,30.84218406677246,29.843185424804688,2036495249,29.843185424804688
2021-09-26,30.025686264038086,26.838930130004883,29.881675720214844,28.828662872314453,2609528913,28.828662872314453
2021-09-27,30.219684600830078,27.636186599731445,28.906639099121094,27.772104263305664,1672382041,27.772104263305664
2021-09-28,28.338756561279297,26.1771240234375,27.752607345581055,26.33382797241211,1505382459,26.33382797241211
2021-09-29,28.58709144592285,26.12822723388672,26.361602783203125,27.274255752563477,1537170123,27.274255752563477
2021-09-30,28.972291946411133,27.15825653076172,27.302152633666992,28.58061981201172,1239805621,28.58061981201172
2021-10-01,32.30791473388672,28.526262283325195,28.61880874633789,31.96877670288086,1998408915,31.96877670288086
2021-10-02,33.38024139404297,31.57383918762207,31.94159507751465,32.122108459472656,1447666890,32.122108459472656
2021-10-03,32.68209457397461,31.33682632446289,32.03999328613281,32.105255126953125,1294791998,32.105255126953125
2021-10-04,32.11334991455078,30.09305763244629,32.11334991455078,31.042125701904297,1294606337,31.042125701904297
2021-10-05,32.127662658691406,30.639461517333984,31.11963653564453,31.427457809448242,1258661015,31.427457809448242
2021-10-06,33.02128601074219,29.18697166442871,31.397581100463867,32.28961181640625,1979276161,32.28961181640625
2021-10-07,35.308162689208984,31.023616790771484,32.228179931640625,33.97454833984375,2724383950,33.97454833984375
2021-10-08,34.482086181640625,33.166404724121094,33.965694427490234,33.372894287109375,1540992724,33.372894287109375
2021-10-09,36.89616012573242,33.02848434448242,33.30734634399414,36.3274040222168,1925845633,36.3274040222168
2021-10-10,37.41696548461914,34.24786376953125,36.314212799072266,34.4664192199707,1892396216,34.4664192199707
2021-10-11,36.075645446777344,33.29926681518555,34.4790153503418,34.18463134765625,1633598821,34.18463134765625
2021-10-12,35.414695739746094,32.11861801147461,34.14851760864258,35.159767150878906,1907396456,35.159767150878906
2021-10-13,43.0985107421875,33.79595184326172,35.17316818237305,41.6169319152832,4978924113,41.6169319152832
2021-10-14,42.427547454833984,39.48907470703125,41.674598693847656,40.75510025024414,3094236878,40.75510025024414
2021-10-15,44.06806945800781,39.517784118652344,40.7451171875,43.15711212158203,3509884039,43.15711212158203
2021-10-16,44.68291091918945,41.324440002441406,43.25580978393555,41.757625579833984,2149299435,41.757625579833984
2021-10-17,42.85660171508789,39.84425735473633,41.73619079589844,42.073951721191406,1794118104,42.073951721191406
2021-10-18,43.21934127807617,40.2896842956543,42.10353088378906,41.18367004394531,1770037056,41.18367004394531
2021-10-19,41.57124710083008,40.11100387573242,41.182979583740234,41.38401412963867,1476241195,41.38401412963867
2021-10-20,45.19144821166992,41.10404586791992,41.355506896972656,44.348655700683594,2160124585,44.348655700683594
2021-10-21,45.50112533569336,42.00785446166992,44.40413284301758,42.846519470214844,2416148968,42.846519470214844
2021-10-22,46.306541442871094,42.74349594116211,42.84566116333008,43.44936752319336,2535826499,43.44936752319336
2021-10-23,44.75666427612305,43.103580474853516,43.47877502441406,44.04997253417969,1228699647,44.04997253417969
2021-10-24,44.20076370239258,41.352333068847656,44.02895736694336,42.385658264160156,1286707564,42.385658264160156
2021-10-25,44.77607727050781,42.149715423583984,42.33413314819336,44.5266227722168,1360980395,44.5266227722168
2021-10-26,46.0181999206543,43.44990539550781,44.51347732543945,44.883872985839844,1763935730,44.883872985839844
2021-10-27,45.77347946166992,39.872562408447266,44.95084762573242,40.41045379638672,2833846259,40.41045379638672
2021-10-28,43.114501953125,39.983070373535156,40.379798889160156,41.861690521240234,1946242940,41.861690521240234
2021-10-29,44.31965637207031,41.6749267578125,41.87302017211914,44.07362365722656,1613356430,44.07362365722656
2021-10-30,44.2801399230957,42.25952911376953,44.08383560180664,42.747833251953125,1002560667,42.747833251953125
2021-10-31,43.362422943115234,41.12775802612305,42.75190734863281,42.742095947265625,1250223353,42.742095947265625
2021-11-01,51.468780517578125,41.8101921081543,42.73979187011719,49.98225402832031,4338984539,49.98225402832031
2021-11-02,53.246036529541016,48.05802917480469,50.06534194946289,51.631351470947266,3755226109,51.631351470947266
2021-11-03,54.552494049072266,49.21791076660156,51.63199234008789,53.443702697753906,3292529595,53.443702697753906
2021-11-04,55.004974365234375,52.25465393066406,53.335697174072266,53.88173294067383,2735203164,53.88173294067383
2021-11-05,53.94598388671875,50.66057586669922,53.877750396728516,51.89467239379883,1836789840,51.89467239379883
2021-11-06,52.437400817871094,49.087318420410156,51.865989685058594,52.00921630859375,1731999303,52.00921630859375
2021-11-07,53.55031204223633,51.41523361206055,52.07573318481445,52.27798080444336,1469149811,52.27798080444336
2021-11-08,53.85879135131836,51.78031921386719,52.27919006347656,53.34845733642578,1731022445,53.34845733642578
2021-11-09,53.418670654296875,50.606040954589844,53.375797271728516,50.779361724853516,1889383248,50.779361724853516
2021-11-10,52.04048156738281,42.757930755615234,50.76315689086914,46.87133026123047,3209700777,46.87133026123047
2021-11-11,49.46265411376953,45.648799896240234,46.85951614379883,47.64762496948242,1903460945,47.64762496948242
2021-11-12,47.76028823852539,44.07051086425781,47.56955337524414,45.88080596923828,2018292419,45.88080596923828
2021-11-13,47.517547607421875,44.92832565307617,45.905609130859375,47.12905502319336,1193417084,47.12905502319336
2021-11-14,47.80475616455078,45.066184997558594,47.135154724121094,46.40182113647461,943480234,46.40182113647461
2021-11-15,47.42341232299805,44.64331817626953,46.40087890625,44.688716888427734,1217037806,44.688716888427734
2021-11-16,44.84197998046875,38.725276947021484,44.84197998046875,40.899314880371094,2989773813,40.899314880371094
2021-11-17,42.70829391479492,39.033897399902344,40.873985290527344,42.70829391479492,1952021421,42.70829391479492
2021-11-18,43.293174743652344,37.696529388427734,42.73418426513672,39.04596710205078,2184185009,39.04596710205078
2021-11-19,42.303260803222656,38.459739685058594,39.00419998168945,41.26102066040039,1585574130,41.26102066040039
2021-11-20,42.08418655395508,39.97053909301758,41.25736999511719,42.060428619384766,1072593579,42.060428619384766
2021-11-21,43.59584045410156,40.712013244628906,42.114776611328125,42.005706787109375,1200251789,42.005706787109375
2021-11-22,42.14490509033203,38.84864044189453,42.0106315612793,39.447872161865234,1419043417,39.447872161865234
2021-11-23,41.45121765136719,38.62919998168945,39.50371170043945,40.79104232788086,1191444255,40.79104232788086
2021-11-24,40.958404541015625,38.119476318359375,40.78751754760742,39.36941909790039,1151780975,39.36941909790039
2021-11-25,40.95637130737305,38.08108139038086,38.30778884887695,38.45594787597656,1204042086,38.45594787597656
2021-11-26,39.64911651611328,33.98723602294922,39.46747970581055,34.38590621948242,2209378812,34.38590621948242
2021-11-27,35.93495178222656,34.49448776245117,34.54508590698242,35.18669891357422,1023830346,35.18669891357422
2021-11-28,35.839019775390625,32.43307113647461,35.22654342651367,35.76512145996094,1521352541,35.76512145996094
2021-11-29,37.55788803100586,35.47723388671875,35.79829406738281,37.162654876708984,1277403223,37.162654876708984
2021-11-30,39.33654022216797,35.55549240112305,37.13404083251953,37.96049499511719,1552695148,37.96049499511719
2021-12-01,38.80066680908203,36.31910705566406,37.92595672607422,36.77326583862305,1247647115,36.77326583862305
2021-12-02,36.79286193847656,35.15065383911133,36.78253936767578,35.75789260864258,1000369702,35.75789260864258
2021-12-03,36.79755401611328,32.791805267333984,35.77011489868164,33.639530181884766,1330467954,33.639530181884766
2021-12-04,33.86583709716797,24.720991134643555,33.762454986572266,29.368837356567383,2854207528,29.368837356567383
2021-12-05,29.77900505065918,26.49066734313965,29.379711151123047,28.310138702392578,1471059303,28.310138702392578
2021-12-06,28.889867782592773,24.907079696655273,28.342397689819336,28.249523162841797,1994330966,28.249523162841797
2021-12-07,31.443294525146484,27.790523529052734,28.232168197631836,30.543865203857422,1776628055,30.543865203857422
2021-12-08,30.622547149658203,28.102445602416992,30.543373107910156,29.870498657226562,1356418902,29.870498657226562
2021-12-09,30.11067771911621,26.86099624633789,29.780275344848633,26.951921463012695,1193183661,26.951921463012695
2021-12-10,28.39946174621582,25.846044540405273,26.96181869506836,26.453914642333984,1357627514,26.453914642333984
2021-12-11,28.145265579223633,25.917293548583984,26.47014045715332,27.774728775024414,1175903576,27.774728775024414
2021-12-12,30.02223014831543,27.35613441467285,27.760690689086914,29.608980178833008,897053031,29.608980178833008
2021-12-13,29.812469482421875,25.608619689941406,29.613889694213867,25.971105575561523,1292550086,25.971105575561523
2021-12-14,26.69297981262207,25.091861724853516,25.95271873474121,26.168418884277344,1206987079,26.168418884277344
2021-12-15,27.989715576171875,24.37153434753418,26.17487335205078,27.14575958251953,1580299615,27.14575958251953
2021-12-16,27.795270919799805,25.771623611450195,27.154754638671875,26.04307746887207,1485488983,26.04307746887207
2021-12-17,26.20854949951172,24.287595748901367,26.0284366607666,24.663026809692383,1134265516,24.663026809692383
2021-12-18,25.724895477294922,24.256322860717773,24.676816940307617,25.49075698852539,878905203,25.49075698852539
2021-12-19,25.856468200683594,24.695018768310547,25.488006591796875,24.791400909423828,744698642,24.791400909423828
2021-12-20,25.018566131591797,23.313159942626953,24.78410530090332,24.050674438476562,924598147,24.050674438476562
2021-12-21,25.584335327148438,23.765161514282227,24.042261123657227,25.194194793701172,893276894,25.194194793701172
2021-12-22,28.212661743164062,25.019508361816406,25.187767028808594,27.216073989868164,1332894453,27.216073989868164
2021-12-23,29.63795280456543,26.793832778930664,27.233430862426758,29.111093521118164,1466897164,29.111093521118164
2021-12-24,29.667552947998047,27.881593704223633,29.153118133544922,28.139497756958008,1068526285,28.139497756958008
2021-12-25,29.1444149017334,28.009048461914062,28.158287048339844,28.837757110595703,721290103,28.837757110595703
2021-12-26,31.739517211914062,28.32209014892578,28.83884048461914,31.332836151123047,1627652480,31.332836151123047
2021-12-27,32.76809310913086,30.835819244384766,31.3199462890625,30.908672332763672,1724296390,30.908672332763672
2021-12-28,30.962434768676758,27.585023880004883,30.962434768676758,27.907102584838867,2373946823,27.907102584838867
2021-12-29,28.92106819152832,26.560365676879883,27.865062713623047,26.744373321533203,1772776120,26.744373321533203
2021-12-30,28.370248794555664,26.218414306640625,26.827425003051758,27.56778907775879,1238329221,27.56778907775879
2021-12-31,28.060705184936523,26.356334686279297,27.569290161132812,26.719675064086914,1169307108,26.719675064086914
2022-01-01,28.583581924438477,26.705991744995117,26.721345901489258,28.583581924438477,769282646,28.583581924438477
2022-01-02,30.55582618713379,27.922351837158203,28.5828857421875,29.73116683959961,1217867246,29.73116683959961
2022-01-03,30.82572364807129,28.751802444458008,29.72490119934082,30.105100631713867,1652854634,30.105100631713867
2022-01-04,30.5336856842041,28.77773094177246,30.10938835144043,28.77773094177246,1433783811,28.77773094177246
2022-01-05,30.316028594970703,25.521625518798828,28.790210723876953,26.796140670776367,1721841153,26.796140670776367
2022-01-06,27.324682235717773,25.648988723754883,26.79782485961914,26.760822296142578,1444988536,26.760822296142578
2022-01-07,26.806652069091797,24.45899772644043,26.75089454650879,24.92523956298828,2764194355,24.92523956298828
2022-01-08,25.490291595458984,23.342363357543945,24.925630569458008,24.029129028320312,1546276235,24.029129028320312
2022-01-09,25.285593032836914,23.839799880981445,24.028667449951172,24.6273193359375,1328484247,24.6273193359375
2022-01-10,25.178136825561523,22.604368209838867,24.626529693603516,23.780059814453125,1693703473,23.780059814453125
2022-01-11,25.959665298461914,23.57865333557129,23.77890968322754,25.543930053710938,1556234288,25.543930053710938
2022-01-12,27.558557510375977,25.511274337768555,25.548051834106445,27.319494247436523,1416836455,27.319494247436523
2022-01-13,27.588245391845703,25.828889846801758,27.31721305847168,25.828889846801758,1392401458,25.828889846801758
2022-01-14,27.83451271057129,25.696104049682617,25.831518173217773,27.71286392211914,1801182212,27.71286392211914
2022-01-15,28.384349822998047,26.942691802978516,27.716449737548828,27.736833572387695,1158992450,27.736833572387695
2022-01-16,28.41518211364746,27.382957458496094,27.724180221557617,27.665128707885742,1280576659,27.665128707885742
2022-01-17,27.720455169677734,25.23969841003418,27.671783447265625,25.727352142333984,1453899013,25.727352142333984
2022-01-18,25.988698959350586,24.38495445251465,25.73130226135254,25.168928146362305,1349151568,25.168928146362305
2022-01-19,25.285926818847656,23.81003189086914,25.170045852661133,24.129552841186523,1171940720,24.129552841186523
2022-01-20,25.564138412475586,22.983806610107422,24.1304874420166,22.984886169433594,897265226,22.984886169433594
2022-01-21,23.4301815032959,19.305566787719727,22.99968147277832,19.64629364013672,2158447179,19.64629364013672
2022-01-22,20.074378967285156,16.52956771850586,19.657222747802734,18.229856491088867,2593516897,18.229856491088867
2022-01-23,19.13938331604004,17.82668113708496,18.23941993713379,18.82877540588379,1570770653,18.82877540588379
2022-01-24,18.82708168029785,15.976184844970703,18.82708168029785,18.0367488861084,2261885506,18.0367488861084
2022-01-25,19.012128829956055,17.440677642822266,18.03675079345703,18.34864616394043,1511107520,18.34864616394043
2022-01-26,19.937612533569336,17.641090393066406,18.341249465942383,18.076839447021484,1763129260,18.076839447021484
2022-01-27,18.30297088623047,17.274730682373047,18.07267189025879,18.134811401367188,1134516099,18.134811401367188
2022-01-28,18.466373443603516,17.439565658569336,18.12274169921875,18.339580535888672,994677640,18.339580535888672
2022-01-29,18.97625732421875,18.127714157104492,18.338991165161133,18.710241317749023,766547375,18.710241317749023
2022-01-30,18.967439651489258,17.86893081665039,18.715377807617188,18.172527313232422,757967482,18.172527313232422
2022-01-31,19.55442237854004,17.1998291015625,18.171585083007812,19.42054557800293,1115684278,19.42054557800293
2022-02-01,19.951501846313477,19.202529907226562,19.415050506591797,19.61420440673828,1068758718,19.61420440673828
2022-02-02,20.532360076904297,18.721237182617188,19.61564826965332,18.796897888183594,1153269231,18.796897888183594
2022-02-03,18.838409423828125,18.099340438842773,18.78936767578125,18.81250762939453,906875219,18.81250762939453
2022-02-04,20.463794708251953,18.749555587768555,18.807336807250977,20.424663543701172,1110480504,20.424663543701172
2022-02-05,22.252073287963867,20.35291290283203,20.43718910217285,21.366989135742188,1265231134,21.366989135742188
2022-02-06,21.903335571289062,20.922809600830078,21.36734390258789,21.903335571289062,830919540,21.903335571289062
2022-02-07,22.64606475830078,21.44849967956543,21.9044246673584,22.36450958251953,1356167813,22.36450958251953
2022-02-08,23.134687423706055,21.114368438720703,22.37185287475586,21.68914794921875,1444549625,21.68914794921875
2022-02-09,22.2087345123291,21.1423397064209,21.677759170532227,21.93041229248047,952902519,21.93041229248047
2022-02-10,22.429515838623047,20.595378875732422,21.93252944946289,20.635053634643555,1497572222,20.635053634643555
2022-02-11,20.71544075012207,18.676172256469727,20.622386932373047,18.96244239807129,1383736959,18.96244239807129
2022-02-12,19.397598266601562,18.385835647583008,18.965999603271484,18.818740844726562,982928210,18.818740844726562
2022-02-13,19.25606346130371,18.453716278076172,18.817880630493164,18.831485748291016,741039938,18.831485748291016
2022-02-14,18.901653289794922,18.07620620727539,18.809505462646484,18.714754104614258,834381954,18.714754104614258
2022-02-15,20.27273178100586,18.67030143737793,18.713319778442383,20.144676208496094,891617857,20.144676208496094
2022-02-16,20.167482376098633,19.116294860839844,20.149784088134766,19.80115509033203,890277874,19.80115509033203
2022-02-17,19.994630813598633,17.89071273803711,19.78972053527832,18.109920501708984,1081608217,18.109920501708984
2022-02-18,18.56219482421875,17.70753288269043,18.126672744750977,17.845699310302734,918690491,17.845699310302734
2022-02-19,18.208091735839844,17.405229568481445,17.84421730041504,17.89225959777832,590901300,17.89225959777832
2022-02-20,17.88433074951172,16.74277687072754,17.88433074951172,16.930509567260742,883758628,16.930509567260742
2022-02-21,17.6968994140625,16.097570419311523,16.928035736083984,16.192121505737305,1330919934,16.192121505737305
2022-02-22,16.67277717590332,15.837447166442871,16.190797805786133,16.56427574157715,1116940496,16.56427574157715
2022-02-23,17.39596939086914,15.970354080200195,16.570091247558594,16.00956916809082,1280516751,16.00956916809082
2022-02-24,16.551755905151367,14.135740280151367,15.998876571655273,16.170917510986328,2249049472,16.170917510986328
2022-02-25,17.413780212402344,15.843975067138672,16.17131805419922,17.25030517578125,1228501074,17.25030517578125
2022-02-26,18.674514770507812,17.22178840637207,17.24964714050293,18.024559020996094,1418827902,18.024559020996094
2022-02-27,18.661521911621094,17.197315216064453,18.0146541595459,17.473413467407227,1354421088,17.473413467407227
2022-02-28,19.01320457458496,16.750547409057617,17.4832820892334,18.94108772277832,1791272324,18.94108772277832
2022-03-01,19.535253524780273,18.390607833862305,18.942350387573242,18.880502700805664,1659644223,18.880502700805664
2022-03-02,19.23042869567871,18.41183090209961,18.880834579467773,18.593467712402344,1205395336,18.593467712402344
2022-03-03,18.631059646606445,17.813257217407227,18.598176956176758,18.019323348999023,1037430689,18.019323348999023
2022-03-04,18.02924156188965,16.54886817932129,18.023418426513672,16.757080078125,1047537594,16.757080078125
2022-03-05,17.736820220947266,16.270109176635742,16.766019821166992,17.312721252441406,757666761,17.312721252441406
2022-03-06,17.547517776489258,16.589473724365234,17.31479263305664,16.978824615478516,737656667,16.978824615478516
2022-03-07,17.116168975830078,16.06224250793457,16.98021125793457,16.431495666503906,944798572,16.431495666503906
2022-03-08,17.232316970825195,16.35853385925293,16.430084228515625,16.953651428222656,874178607,16.953651428222656
2022-03-09,18.04990577697754,16.93010139465332,16.96129608154297,17.866676330566406,857533887,17.866676330566406
2022-03-10,17.892671585083008,16.745113372802734,17.86496925354004,16.97911834716797,750062051,16.97911834716797
2022-03-11,18.414682388305664,16.74955940246582,16.981027603149414,17.73442268371582,1236681337,17.73442268371582
2022-03-12,18.669994354248047,17.73177146911621,17.73505973815918,18.15392303466797,994605789,18.15392303466797
2022-03-13,18.362165451049805,17.19753074645996,18.147037506103516,17.24793243408203,707977397,17.24793243408203
2022-03-14,17.831064224243164,17.084516525268555,17.246562957763672,17.695951461791992,728004973,17.695951461791992
2022-03-15,18.002614974975586,17.083492279052734,17.69354820251465,17.828996658325195,673341299,17.828996658325195
2022-03-16,19.15091896057129,17.76290512084961,17.827369689941406,19.053367614746094,1201525130,19.053367614746094
2022-03-17,19.267126083374023,18.66495704650879,19.05169105529785,18.751731872558594,804681001,18.751731872558594
2022-03-18,19.180633544921875,18.18462562561035,18.748987197875977,18.991891860961914,751608989,18.991891860961914
2022-03-19,19.767375946044922,18.914697647094727,18.991165161132812,19.35950469970703,833974878,19.35950469970703
2022-03-20,19.442106246948242,18.390905380249023,19.362869262695312,18.638643264770508,688372541,18.638643264770508
2022-03-21,19.04840850830078,18.47439193725586,18.636241912841797,18.795270919799805,726848268,18.795270919799805
2022-03-22,20.431427001953125,18.711326599121094,18.790340423583984,20.252199172973633,1206899926,20.252199172973633
2022-03-23,21.069103240966797,19.883588790893555,20.247600555419922,21.003955841064453,1321882560,21.003955841064453
2022-03-24,21.43069839477539,20.375205993652344,21.004985809326172,21.24549102783203,1230204385,21.24549102783203
2022-03-25,21.320301055908203,20.269689559936523,21.246753692626953,20.547285079956055,887840773,20.547285079956055
2022-03-26,21.02423667907715,20.298011779785156,20.549461364746094,20.887956619262695,559036946,20.887956619262695
2022-03-27,22.448711395263672,20.77062225341797,20.891969680786133,22.44786262512207,766114013,22.44786262512207
2022-03-28,23.266170501708984,21.9001407623291,22.450679779052734,21.970449447631836,1265796274,21.970449447631836
2022-03-29,22.91055679321289,21.892667770385742,21.955490112304688,22.48617935180664,1167942746,22.48617935180664
2022-03-30,22.968292236328125,21.772602081298828,22.482255935668945,22.468347549438477,1114497681,22.468347549438477
2022-03-31,22.999462127685547,21.18368148803711,22.460416793823242,21.30251121520996,1190050413,21.30251121520996
2022-04-01,22.133127212524414,20.722673416137695,21.309722900390625,22.016986846923828,1125808777,22.016986846923828
2022-04-02,23.76715087890625,21.9948673248291,22.021663665771484,22.644535064697266,1394919294,22.644535064697266
2022-04-03,23.544904708862305,22.581714630126953,22.614322662353516,23.2082462310791,1135251124,23.2082462310791
2022-04-04,23.204301834106445,21.690126419067383,23.202627182006836,22.65777015686035,1108582879,22.65777015686035
2022-04-05,23.103944778442383,21.781702041625977,22.69587516784668,21.789714813232422,954861206,21.789714813232422
2022-04-06,21.78700828552246,19.78291130065918,21.786951065063477,19.83963394165039,1143523884,19.83963394165039
2022-04-07,20.62406349182129,19.602262496948242,19.842571258544922,20.4263916015625,819238353,20.4263916015625
2022-04-08,20.562768936157227,19.247072219848633,20.426464080810547,19.4008846282959,776611556,19.4008846282959
2022-04-09,19.807771682739258,19.331331253051758,19.400577545166016,19.787586212158203,501767579,19.787586212158203
2022-04-10,20.202638626098633,19.285306930541992,19.78496551513672,19.285306930541992,599807810,19.285306930541992
2022-04-11,19.2888126373291,17.043088912963867,19.2888126373291,17.188892364501953,998107923,17.188892364501953
2022-04-12,18.001590728759766,17.19546127319336,17.19546127319336,17.785879135131836,773573439,17.785879135131836
2022-04-13,18.268770217895508,17.44198226928711,17.781278610229492,18.19849967956543,657673530,18.19849967956543
2022-04-14,18.471149444580078,17.52996826171875,18.19687843322754,17.930795669555664,631848192,17.930795669555664
2022-04-15,18.38031578063965,17.831939697265625,17.93069839477539,18.350921630859375,507063069,18.350921630859375
2022-04-16,18.6828670501709,18.229381561279297,18.35045051574707,18.63007926940918,424249982,18.63007926940918
2022-04-17,18.799156188964844,17.723121643066406,18.627595901489258,17.780473709106445,473113233,17.780473709106445
2022-04-18,18.30853843688965,17.16864776611328,17.78203773498535,18.169546127319336,712879608,18.169546127319336
2022-04-19,18.931331634521484,18.072601318359375,18.170162200927734,18.896812438964844,565507514,18.896812438964844
2022-04-20,19.493127822875977,18.570220947265625,18.895793914794922,19.088777542114258,830807797,19.088777542114258
2022-04-21,19.625219345092773,18.137659072875977,19.087486267089844,18.18599510192871,772305840,18.18599510192871
2022-04-22,18.519105911254883,18.11733055114746,18.18606185913086,18.299129486083984,629068408,18.299129486083984
2022-04-23,19.232547760009766,18.036876678466797,18.298917770385742,18.7326717376709,625753368,18.7326717376709
2022-04-24,19.138036727905273,18.13157081604004,18.725461959838867,18.15865707397461,576662878,18.15865707397461
2022-04-25,18.22469139099121,17.189327239990234,18.161623001098633,18.119979858398438,799411358,18.119979858398438
2022-04-26,18.295364379882812,16.457963943481445,18.116680145263672,16.65060043334961,787835544,16.65060043334961
2022-04-27,17.253524780273438,16.556425094604492,16.65717315673828,16.948017120361328,616421238,16.948017120361328
2022-04-28,17.361772537231445,16.79781723022461,16.947385787963867,16.99651336669922,609272520,16.99651336669922
2022-04-29,17.050321578979492,16.04500389099121,16.993165969848633,16.162790298461914,573927609,16.162790298461914
2022-04-30,16.4055118560791,14.294137001037598,16.163803100585938,14.519939422607422,689300174,14.519939422607422
2022-05-01,15.505186080932617,14.513368606567383,14.519187927246094,15.381729125976562,707973556,15.381729125976562
2022-05-02,15.567329406738281,14.626652717590332,15.375802993774414,14.978443145751953,684752563,14.978443145751953
2022-05-03,15.205557823181152,14.555679321289062,14.978363990783691,14.72703742980957,492425638,14.72703742980957
2022-05-04,16.308696746826172,14.702760696411133,14.726156234741211,16.30525779724121,747195893,16.30525779724121
2022-05-05,16.41874885559082,14.187896728515625,16.301307678222656,14.58102798461914,953754626,14.58102798461914
2022-05-06,14.639582633972168,13.94161319732666,14.57942008972168,14.313101768493652,868156078,14.313101768493652
2022-05-07,14.352659225463867,13.476184844970703,14.313728332519531,13.775653839111328,593983001,13.775653839111328
2022-05-08,13.825540542602539,13.087564468383789,13.774421691894531,13.254074096679688,758610863,13.254074096679688
2022-05-09,13.46495532989502,10.767036437988281,13.2570219039917,10.767036437988281,1529550074,10.767036437988281
2022-05-10,12.333800315856934,10.44996452331543,10.768370628356934,11.358491897583008,1771556667,11.358491897583008
2022-05-11,11.611336708068848,8.285613059997559,11.350789070129395,8.956188201904297,2370958313,8.956188201904297
2022-05-12,9.430750846862793,7.3234710693359375,8.966532707214355,8.745312690734863,1718065655,8.745312690734863
2022-05-13,11.72541618347168,8.581082344055176,8.735123634338379,10.493300437927246,1860790600,10.493300437927246
2022-05-14,11.500017166137695,9.828200340270996,10.493467330932617,11.35068130493164,1414801522,11.35068130493164
2022-05-15,11.817570686340332,10.64163589477539,11.347429275512695,11.795572280883789,972329755,11.795572280883789
2022-05-16,11.79423999786377,10.438908576965332,11.79423999786377,10.624634742736816,900666870,10.624634742736816
2022-05-17,11.294475555419922,10.483642578125,10.62795352935791,11.034235954284668,763521915,11.034235954284668
2022-05-18,11.144734382629395,9.506675720214844,11.036877632141113,9.506675720214844,877968843,9.506675720214844
2022-05-19,10.32246208190918,9.271720886230469,9.499154090881348,10.041605949401855,853915374,10.041605949401855
2022-05-20,10.224775314331055,9.471943855285645,10.040569305419922,9.684747695922852,640193446,9.684747695922852
2022-05-21,10.049248695373535,9.522651672363281,9.684635162353516,9.992506980895996,423592840,9.992506980895996
2022-05-22,10.307510375976562,9.897074699401855,9.99172592163086,10.186107635498047,478292426,10.186107635498047
2022-05-23,10.703514099121094,9.886960983276367,10.181098937988281,9.886960983276367,865694286,9.886960983276367
2022-05-24,10.247550010681152,9.615049362182617,9.88709831237793,10.181180000305176,662049564,10.181180000305176
2022-05-25,10.312262535095215,9.85363483428955,10.180362701416016,9.866581916809082,575708120,9.866581916809082
2022-05-26,9.984594345092773,8.906410217285156,9.868945121765137,9.181024551391602,871673940,9.181024551391602
2022-05-27,9.912982940673828,8.611330032348633,9.17574691772461,9.131902694702148,1254089101,9.131902694702148
2022-05-28,9.731382369995117,9.018472671508789,9.278752326965332,9.666281700134277,592729298,9.666281700134277
2022-05-29,9.990901947021484,9.361499786376953,9.664532661437988,9.980676651000977,575259942,9.980676651000977
2022-05-30,10.725053787231445,9.930278778076172,9.979769706726074,10.454895973205566,736851354,10.454895973205566
2022-05-31,10.62246036529541,10.017511367797852,10.45435619354248,10.366196632385254,666603022,10.366196632385254
2022-06-01,10.680344581604004,9.343414306640625,10.365609169006348,9.47138500213623,699424637,9.47138500213623
2022-06-02,10.019991874694824,9.338068008422852,9.468798637390137,9.897680282592773,506177410,9.897680282592773
2022-06-03,9.90098762512207,9.242090225219727,9.898208618164062,9.376930236816406,414732607,9.376930236816406
2022-06-04,9.529032707214355,9.172821998596191,9.3787841796875,9.43059253692627,281076248,9.43059253692627
2022-06-05,9.538890838623047,9.28165054321289,9.431596755981445,9.34499740600586,236104496,9.34499740600586
2022-06-06,9.923117637634277,9.340058326721191,9.347747802734375,9.492770195007324,413763076,9.492770195007324
2022-06-07,9.495784759521484,8.914118766784668,9.494083404541016,9.228157043457031,446295667,9.228157043457031
2022-06-08,9.369206428527832,8.942378997802734,9.226099014282227,9.003771781921387,341420388,9.003771781921387
2022-06-09,9.43567943572998,8.929593086242676,9.004040718078613,9.23209285736084,377664094,9.23209285736084
2022-06-10,9.348003387451172,8.629692077636719,9.232707977294922,8.652823448181152,463759922,8.652823448181152
2022-06-11,8.83724594116211,7.957009792327881,8.65339183807373,8.0161771774292,453457201,8.0161771774292
2022-06-12,8.096111297607422,7.450017929077148,8.01622200012207,7.450017929077148,540721211,7.450017929077148
2022-06-13,7.445022106170654,6.427669048309326,7.441827774047852,7.01019811630249,1019556301,7.01019811630249
2022-06-14,7.522482872009277,6.7317938804626465,7.010199069976807,7.365457057952881,825671035,7.365457057952881
2022-06-15,8.6143217086792,6.863947868347168,7.366781234741211,8.510278701782227,1047848436,8.510278701782227
2022-06-16,8.529558181762695,7.006138801574707,8.510058403015137,7.099977016448975,656027695,7.099977016448975
2022-06-17,7.434043884277344,7.062334060668945,7.104175090789795,7.294320106506348,427132202,7.294320106506348
2022-06-18,7.397517204284668,6.49373722076416,7.292168140411377,7.05811882019043,573388413,7.05811882019043
2022-06-19,7.6006550788879395,6.792972087860107,7.055666923522949,7.516707897186279,485916449,7.516707897186279
2022-06-20,8.007814407348633,7.208020210266113,7.5188188552856445,7.886880874633789,495307749,7.886880874633789
2022-06-21,8.240199089050293,7.710966110229492,7.8848748207092285,7.742199897766113,430086919,7.742199897766113
2022-06-22,7.799500942230225,7.378715991973877,7.747150897979736,7.408511161804199,396873053,7.408511161804199
2022-06-23,7.794788837432861,7.394391059875488,7.410100936889648,7.787092208862305,414053779,7.787092208862305
2022-06-24,8.31084156036377,7.741319179534912,7.7864837646484375,8.205907821655273,478986341,8.205907821655273
2022-06-25,8.343668937683105,7.815279006958008,8.202811241149902,8.1337308883667,355679049,8.1337308883667
2022-06-26,8.459615707397461,7.833862781524658,8.131537437438965,7.835564136505127,386725611,7.835564136505127
2022-06-27,8.185613632202148,7.743495941162109,7.8358259201049805,7.744108200073242,363436649,7.744108200073242
2022-06-28,7.978525161743164,7.280424118041992,7.742589950561523,7.310051918029785,454633640,7.310051918029785
2022-06-29,7.423087120056152,6.977881908416748,7.310640811920166,7.009116172790527,562068690,7.009116172790527
2022-06-30,7.040419101715088,6.662312030792236,7.014479160308838,7.039863109588623,553377124,7.039863109588623
2022-07-01,7.204933166503906,6.5816497802734375,7.054670810699463,6.729926109313965,623803205,6.729926109313965
2022-07-02,6.893189907073975,6.648608207702637,6.734045028686523,6.825884819030762,353342023,6.825884819030762
2022-07-03,6.962991237640381,6.652778148651123,6.825024127960205,6.843846797943115,282225615,6.843846797943115
2022-07-04,7.194104194641113,6.683403968811035,6.8446879386901855,7.173793792724609,414648616,7.173793792724609
2022-07-05,7.19544792175293,6.655978202819824,7.168556213378906,6.8494181632995605,617560339,6.8494181632995605
2022-07-06,6.992520809173584,6.7275710105896,6.8506951332092285,6.9299798011779785,478051157,6.9299798011779785
2022-07-07,7.327588081359863,6.899003982543945,6.930163860321045,7.310357093811035,495849189,7.310357093811035
2022-07-08,7.435816764831543,6.968067169189453,7.30925989151001,7.071249961853027,533020119,7.071249961853027
2022-07-09,7.3535637855529785,7.060561180114746,7.069156169891357,7.261516094207764,397589950,7.261516094207764
2022-07-10,7.261500835418701,6.785855770111084,7.261500835418701,6.858699798583984,418579710,6.858699798583984
2022-07-11,6.891271114349365,6.527256011962891,6.857269763946533,6.536404132843018,334860344,6.536404132843018
2022-07-12,6.614121913909912,6.2956318855285645,6.53653621673584,6.298569202423096,315259839,6.298569202423096
2022-07-13,6.5059919357299805,6.094842910766602,6.298768043518066,6.469764232635498,390364728,6.469764232635498
2022-07-14,6.746066093444824,6.306611061096191,6.469059944152832,6.718585968017578,336822812,6.718585968017578
2022-07-15,6.95396614074707,6.664506912231445,6.7188029289245605,6.805499076843262,348479784,6.805499076843262
2022-07-16,7.193378925323486,6.5762481689453125,6.8047709465026855,7.175996780395508,361139521,7.175996780395508
2022-07-17,7.311770915985107,6.922561168670654,7.178064823150635,6.923593044281006,311165509,6.923593044281006
2022-07-18,7.684226989746094,6.922579765319824,6.923659801483154,7.684226989746094,606829085,7.684226989746094
2022-07-19,7.9912428855896,7.531222820281982,7.67716121673584,7.802577972412109,835371258,7.802577972412109
2022-07-20,8.065683364868164,7.408067226409912,7.802506923675537,7.464480876922607,707185779,7.464480876922607
2022-07-21,7.575039863586426,7.208769798278809,7.464845180511475,7.529248237609863,459368189,7.529248237609863
2022-07-22,7.841454029083252,7.2806878089904785,7.529307842254639,7.309357166290283,494456039,7.309357166290283
2022-07-23,7.4779791831970215,7.114515781402588,7.3052978515625,7.331504821777344,377301985,7.331504821777344
2022-07-24,7.570953845977783,7.325013160705566,7.331384181976318,7.413887023925781,378461279,7.413887023925781
2022-07-25,7.425045967102051,6.766797065734863,7.4137701988220215,6.769231796264648,436907555,6.769231796264648
2022-07-26,6.773892879486084,6.54750394821167,6.770458221435547,6.766584873199463,405400043,6.766584873199463
2022-07-27,7.666439056396484,6.662808895111084,6.769440174102783,7.666439056396484,604025366,7.666439056396484
2022-07-28,8.03484058380127,7.509228229522705,7.662187099456787,7.861245155334473,888303918,7.861245155334473
2022-07-29,8.403999328613281,7.787205219268799,7.858523845672607,8.185586929321289,836897631,8.185586929321289
2022-07-30,8.78199577331543,8.181694030761719,8.188569068908691,8.208561897277832,826438675,8.208561897277832
2022-07-31,9.187917709350586,8.114802360534668,8.209158897399902,8.645670890808105,980832901,8.645670890808105
2022-08-01,8.942521095275879,8.077181816101074,8.645280838012695,8.194031715393066,652869187,8.194031715393066
2022-08-02,8.253496170043945,7.704779148101807,8.194143295288086,7.938991069793701,620430497,7.938991069793701
2022-08-03,8.40617847442627,7.71640682220459,7.938897132873535,8.00753116607666,505613974,8.00753116607666
2022-08-04,8.256383895874023,7.907597064971924,8.006426811218262,8.089339256286621,403709111,8.089339256286621
2022-08-05,8.814355850219727,8.079303741455078,8.086933135986328,8.813465118408203,517996242,8.813465118408203
2022-08-06,8.859240531921387,8.50927734375,8.812334060668945,8.516014099121094,388196556,8.516014099121094
2022-08-07,8.860275268554688,8.386148452758789,8.517563819885254,8.646408081054688,343345306,8.646408081054688
2022-08-08,9.357250213623047,8.647024154663086,8.647198677062988,9.268288612365723,716347082,9.268288612365723
2022-08-09,9.409797668457031,8.70015811920166,9.269521713256836,8.906953811645508,672012621,8.906953811645508
2022-08-10,9.61666488647461,8.573481559753418,8.90680980682373,9.502070426940918,826401352,9.502070426940918
2022-08-11,9.623738288879395,9.152724266052246,9.503616333007812,9.208972930908203,679395824,9.208972930908203
2022-08-12,9.485034942626953,9.072096824645996,9.208537101745605,9.479537010192871,544819917,9.479537010192871
2022-08-13,9.656562805175781,9.268205642700195,9.47883129119873,9.290427207946777,359798888,9.290427207946777
2022-08-14,9.5442533493042,8.86711311340332,9.292052268981934,8.958501815795898,553281526,8.958501815795898
2022-08-15,9.369622230529785,8.653827667236328,8.95942211151123,8.80242919921875,515446124,8.80242919921875
2022-08-16,8.89738941192627,8.65876293182373,8.796706199645996,8.842569351196289,386335442,8.842569351196289
2022-08-17,9.150632858276367,8.348932266235352,8.842143058776855,8.359841346740723,466651848,8.359841346740723
2022-08-18,8.557719230651855,8.093748092651367,8.363876342773438,8.09457015991211,348830388,8.09457015991211
2022-08-19,8.092451095581055,7.269280910491943,8.092451095581055,7.325466156005859,529309050,7.325466156005859
2022-08-20,7.506272792816162,7.067327976226807,7.323882102966309,7.233099937438965,363061870,7.233099937438965
2022-08-21,7.52101993560791,7.185116767883301,7.23126220703125,7.438866138458252,259531293,7.438866138458252
2022-08-22,7.438793182373047,7.021999835968018,7.437511920928955,7.401978969573975,321523178,7.401978969573975
2022-08-23,7.696846961975098,7.204673767089844,7.403388977050781,7.638373851776123,357178869,7.638373851776123
2022-08-24,7.731334209442139,7.441400051116943,7.638256072998047,7.572387218475342,301128081,7.572387218475342
2022-08-25,7.743137836456299,7.48659610748291,7.572805881500244,7.587152004241943,260711829,7.587152004241943
2022-08-26,7.651368141174316,6.891870975494385,7.585890769958496,6.9239630699157715,409439777,6.9239630699157715
2022-08-27,7.086032867431641,6.835765838623047,6.923879146575928,7.048661231994629,309589522,7.048661231994629
2022-08-28,7.143631935119629,6.839034080505371,7.049158096313477,6.84318208694458,232920698,6.84318208694458
2022-08-29,7.2932257652282715,6.830665111541748,6.844579219818115,7.28245210647583,311493145,7.28245210647583
2022-08-30,7.364431858062744,6.91701602935791,7.281805038452148,7.0034308433532715,292180056,7.0034308433532715
2022-08-31,7.270737171173096,6.996686935424805,7.003114223480225,7.026895046234131,271811037,7.026895046234131
2022-09-01,7.192378044128418,6.892535209655762,7.027040958404541,7.186677932739258,293892711,7.186677932739258
2022-09-02,7.553120136260986,7.130746841430664,7.185596942901611,7.302052021026611,384235184,7.302052021026611
2022-09-03,7.30385684967041,7.204555034637451,7.301692008972168,7.285171031951904,228794553,7.285171031951904
2022-09-04,7.376706123352051,7.181835174560547,7.285097122192383,7.3704328536987305,251349147,7.3704328536987305
2022-09-05,7.613335132598877,7.281772136688232,7.372006893157959,7.364227771759033,348385498,7.364227771759033
2022-09-06,7.678825855255127,6.872006893157959,7.366550922393799,6.879021167755127,452512755,6.879021167755127
2022-09-07,7.283837795257568,6.794155120849609,6.877565860748291,7.198486804962158,352829091,7.198486804962158
2022-09-08,7.440145015716553,7.0823798179626465,7.197872161865234,7.390428066253662,371232846,7.390428066253662
2022-09-09,7.917491912841797,7.375017166137695,7.389877796173096,7.770864963531494,495582524,7.770864963531494
2022-09-10,7.858920097351074,7.620790958404541,7.767571926116943,7.78572416305542,312935484,7.78572416305542
2022-09-11,7.854189872741699,7.588059902191162,7.784695148468018,7.698151111602783,275936800,7.698151111602783
2022-09-12,8.033982276916504,7.5873308181762695,7.698387145996094,7.6618452072143555,479107652,7.6618452072143555
2022-09-13,7.918828964233398,7.050817966461182,7.662024021148682,7.134012222290039,478905956,7.134012222290039
2022-09-14,7.283329010009766,7.050817966461182,7.075026035308838,7.20316219329834,318044357,7.20316219329834
2022-09-15,7.219176769256592,6.893924236297607,7.203431129455566,6.926549911499023,372919866,6.926549911499023
2022-09-16,6.968989849090576,6.737572193145752,6.9269490242004395,6.896842956542969,303068671,6.896842956542969
2022-09-17,7.1521501541137695,6.898562908172607,6.898562908172607,7.063626766204834,211894290,7.063626766204834
2022-09-18,7.063504219055176,6.432054042816162,7.063504219055176,6.4452362060546875,319664458,6.4452362060546875
2022-09-19,6.552577018737793,6.131124019622803,6.443224906921387,6.396911144256592,408868281,6.396911144256592
2022-09-20,6.407337188720703,6.202974796295166,6.395543098449707,6.280214786529541,275237081,6.280214786529541
2022-09-21,6.550368785858154,5.998857021331787,6.280350208282471,6.155726909637451,412208152,6.155726909637451
2022-09-22,6.507036209106445,6.099419116973877,6.153720855712891,6.4477949142456055,268433529,6.4477949142456055
2022-09-23,6.620916843414307,6.226800918579102,6.4478349685668945,6.438068866729736,353107767,6.438068866729736
2022-09-24,6.497289180755615,6.2524518966674805,6.437251091003418,6.278332233428955,209263165,6.278332233428955
2022-09-25,6.355990886688232,6.116940021514893,6.277955055236816,6.201147079467773,194186485,6.201147079467773
2022-09-26,6.5590620040893555,6.18363618850708,6.202959060668945,6.550901889801025,390906165,6.550901889801025
2022-09-27,6.785360813140869,6.2672600746154785,6.550940036773682,6.384195804595947,342136251,6.384195804595947
2022-09-28,6.457777976989746,6.193653106689453,6.379978179931641,6.393946170806885,276375830,6.393946170806885
2022-09-29,6.4709930419921875,6.282769203186035,6.394321918487549,6.432816028594971,287031349,6.432816028594971
2022-09-30,6.553217887878418,6.231716156005859,6.433283805847168,6.315189838409424,325171014,6.315189838409424
2022-10-01,6.331173896789551,6.234588146209717,6.314994812011719,6.272256851196289,177864861,6.272256851196289
